{"type":"FeatureCollection","features":[{"type":"Feature","properties":{"id":"JURONG EAST-BUKIT BATOK","name":"Jurong East-Bukit Batok GRC","shortName":"Jurong East-Bukit Batok","type":"GRC","code":"JE","seats":5,"parties":["People's Action Party"]},"geometry":{"type":"Polygon","coordinates":[[[103.75276,1.349529],[103.752568,1.349633],[103.751403,1.350446],[103.751073,1.3507],[103.750917,1.350835],[103.750904,1.350847],[103.750533,1.351171],[103.750079,1.351699],[103.750042,1.351743],[103.749792,1.351932],[103.74964,1.352047],[103.749551,1.352096],[103.749439,1.352158],[103.74926,1.35222],[103.749117,1.352271],[103.748985,1.352299],[103.748404,1.352341],[103.748414,1.352686],[103.748298,1.353214],[103.748139,1.353546],[103.74782,1.353976],[103.747677,1.354204],[103.747478,1.354766],[103.747374,1.355277],[103.747319,1.35644],[103.749114,1.356516],[103.749131,1.356517],[103.749091,1.357497],[103.749064,1.358155],[103.749042,1.358697],[103.749026,1.35907],[103.749096,1.359219],[103.749161,1.35929],[103.74932,1.359464],[103.74953,1.359669],[103.749697,1.359735],[103.750176,1.359756],[103.751073,1.359795],[103.751562,1.359834],[103.751521,1.360857],[103.751444,1.362741],[103.751435,1.36296],[103.751411,1.36354],[103.751407,1.363648],[103.7514,1.363831],[103.751341,1.365258],[103.751317,1.365425],[103.751311,1.365467],[103.751275,1.365715],[103.751221,1.365925],[103.751116,1.366236],[103.751099,1.366285],[103.750899,1.366722],[103.750672,1.367087],[103.750402,1.367425],[103.750097,1.367728],[103.749431,1.368312],[103.74896,1.368686],[103.748761,1.368863],[103.748599,1.368991],[103.748519,1.369085],[103.746335,1.367154],[103.745429,1.366372],[103.745078,1.366071],[103.744642,1.365694],[103.744114,1.365151],[103.742535,1.363202],[103.74231,1.362924],[103.742178,1.36276],[103.741848,1.362341],[103.740709,1.360935],[103.740195,1.36029],[103.739818,1.359835],[103.739284,1.359272],[103.738906,1.358864],[103.738581,1.358514],[103.738015,1.357904],[103.737442,1.357286],[103.737191,1.356948],[103.736977,1.356582],[103.736738,1.355997],[103.736596,1.355379],[103.736576,1.355143],[103.73656,1.354959],[103.73656,1.354958],[103.73657,1.354536],[103.736674,1.35391],[103.736775,1.353577],[103.737049,1.352807],[103.737654,1.351456],[103.73801,1.350243],[103.738147,1.349753],[103.738277,1.349254],[103.738327,1.348785],[103.738327,1.348784],[103.738318,1.3484],[103.738248,1.347967],[103.738053,1.34742],[103.737779,1.346908],[103.737303,1.345961],[103.736815,1.345041],[103.7365,1.344374],[103.736334,1.343934],[103.736105,1.343283],[103.735856,1.34263],[103.735645,1.342153],[103.735363,1.341704],[103.734895,1.341049],[103.734366,1.341447],[103.732985,1.342467],[103.731706,1.343417],[103.731277,1.343678],[103.730827,1.343899],[103.730327,1.344086],[103.730106,1.34415],[103.729828,1.344224],[103.72939,1.344303],[103.728886,1.344346],[103.728166,1.344346],[103.727438,1.344351],[103.727029,1.344384],[103.726768,1.344429],[103.726607,1.344458],[103.724962,1.344884],[103.72437,1.344987],[103.723674,1.345032],[103.723469,1.345045],[103.7227,1.345017],[103.72242,1.344996],[103.721851,1.344911],[103.721888,1.344264],[103.721823,1.343834],[103.721521,1.343169],[103.721429,1.342849],[103.721414,1.342638],[103.72139,1.342329],[103.721436,1.34199],[103.72148,1.341825],[103.721566,1.341637],[103.721696,1.341475],[103.721861,1.341352],[103.722411,1.341028],[103.722618,1.340875],[103.722996,1.340524],[103.723164,1.340328],[103.723337,1.34008],[103.72335,1.340062],[103.724361,1.338306],[103.724792,1.338549],[103.725232,1.33861],[103.725814,1.337506],[103.725955,1.336988],[103.725901,1.335398],[103.725752,1.33083],[103.724849,1.330633],[103.724811,1.330233],[103.724804,1.330002],[103.724801,1.329763],[103.724792,1.329497],[103.724792,1.329304],[103.72478,1.328998],[103.724776,1.328674],[103.724836,1.328221],[103.724928,1.327818],[103.725337,1.326785],[103.725994,1.327014],[103.726104,1.326993],[103.726186,1.326939],[103.726428,1.326436],[103.726895,1.325196],[103.727594,1.325352],[103.729958,1.325913],[103.732927,1.3266],[103.733675,1.326759],[103.734542,1.326952],[103.735691,1.327259],[103.736301,1.327335],[103.736936,1.32736],[103.737635,1.327273],[103.737858,1.32722],[103.738127,1.327161],[103.738983,1.326813],[103.739382,1.326581],[103.741715,1.325014],[103.742751,1.324295],[103.74379,1.32381],[103.744369,1.323653],[103.745746,1.323363],[103.749281,1.322622],[103.751343,1.322082],[103.75195,1.321913],[103.753844,1.321259],[103.754239,1.321098],[103.75477,1.320742],[103.755118,1.320437],[103.755681,1.319791],[103.757294,1.317906],[103.757506,1.317654],[103.759273,1.315558],[103.760444,1.314322],[103.761038,1.313749],[103.762763,1.312027],[103.762861,1.311928],[103.7634,1.311391],[103.763707,1.311084],[103.765037,1.309667],[103.765931,1.308467],[103.766354,1.30786],[103.766818,1.307238],[103.767139,1.30691],[103.767472,1.306566],[103.768183,1.305994],[103.768586,1.305699],[103.769537,1.30501],[103.769995,1.30476],[103.770268,1.304607],[103.771203,1.304167],[103.771203,1.304882],[103.771186,1.305435],[103.771199,1.306018],[103.771232,1.306435],[103.771334,1.30711],[103.771492,1.307907],[103.771591,1.308408],[103.771805,1.309321],[103.771889,1.309756],[103.771934,1.310152],[103.772009,1.310513],[103.772097,1.310833],[103.772111,1.310885],[103.772201,1.311363],[103.772251,1.311705],[103.772234,1.312109],[103.772266,1.312581],[103.772232,1.312862],[103.771806,1.316063],[103.771722,1.316582],[103.771624,1.317029],[103.771387,1.31804],[103.77122,1.31872],[103.770425,1.319377],[103.769582,1.320178],[103.768582,1.321295],[103.768458,1.321452],[103.767946,1.321055],[103.766908,1.320007],[103.766629,1.319711],[103.766549,1.319627],[103.766312,1.319375],[103.766232,1.31924],[103.766186,1.319163],[103.766131,1.319028],[103.766092,1.318932],[103.766056,1.31875],[103.76602,1.318568],[103.766014,1.31783],[103.76601,1.31739],[103.765916,1.317086],[103.765783,1.316844],[103.765611,1.31664],[103.765317,1.316414],[103.764785,1.316061],[103.764529,1.316706],[103.764417,1.316924],[103.764249,1.317228],[103.763831,1.317871],[103.763542,1.318307],[103.763164,1.31886],[103.763079,1.319003],[103.763079,1.319003],[103.762996,1.31912],[103.76281,1.319399],[103.762723,1.319529],[103.762492,1.319875],[103.761958,1.320693],[103.76193,1.320738],[103.761906,1.320776],[103.761545,1.321356],[103.761379,1.321623],[103.76103,1.322087],[103.761006,1.322119],[103.760976,1.322162],[103.760294,1.323144],[103.760169,1.323324],[103.760183,1.323328],[103.760714,1.323641],[103.761334,1.324072],[103.761794,1.324213],[103.762202,1.324301],[103.762673,1.324318],[103.763083,1.3243],[103.763482,1.324185],[103.764237,1.323879],[103.76419,1.325866],[103.76401,1.328632],[103.764007,1.329212],[103.764081,1.330214],[103.764464,1.332817],[103.763927,1.33308],[103.761424,1.334441],[103.759735,1.335416],[103.760009,1.336105],[103.760148,1.33653],[103.760313,1.337035],[103.760426,1.337606],[103.760751,1.337596],[103.761918,1.337982],[103.762077,1.338105],[103.762142,1.338185],[103.762182,1.338262],[103.762233,1.33836],[103.762439,1.338847],[103.762552,1.338975],[103.762738,1.339108],[103.762978,1.33919],[103.763498,1.339207],[103.76372,1.339245],[103.764203,1.339375],[103.764686,1.339572],[103.764772,1.339597],[103.765899,1.339701],[103.766455,1.339702],[103.76698,1.339651],[103.767934,1.339487],[103.768223,1.339504],[103.768642,1.339681],[103.769107,1.339989],[103.769607,1.340208],[103.769836,1.340297],[103.770346,1.34039],[103.770549,1.34046],[103.770742,1.340561],[103.771439,1.340812],[103.771868,1.341076],[103.77216,1.34078],[103.772343,1.340627],[103.772713,1.34041],[103.772853,1.340382],[103.773554,1.340303],[103.774276,1.340277],[103.774575,1.340266],[103.775759,1.340242],[103.775948,1.340245],[103.776209,1.340267],[103.776068,1.340929],[103.776024,1.341026],[103.775862,1.341165],[103.77581,1.341241],[103.775782,1.341357],[103.775681,1.341897],[103.775444,1.343108],[103.775307,1.343782],[103.775241,1.343986],[103.775156,1.344293],[103.775028,1.344454],[103.774677,1.344844],[103.773864,1.345295],[103.772944,1.345825],[103.772061,1.346334],[103.771921,1.346542],[103.771367,1.347372],[103.77104,1.347862],[103.7706,1.348465],[103.770315,1.348893],[103.770231,1.348856],[103.76991,1.348718],[103.76982,1.348666],[103.767832,1.347608],[103.767298,1.347347],[103.767109,1.347278],[103.766555,1.347218],[103.765892,1.347246],[103.765273,1.347251],[103.764635,1.347084],[103.763711,1.346816],[103.763471,1.346751],[103.762788,1.346643],[103.762441,1.346647],[103.761864,1.346646],[103.761304,1.346653],[103.760873,1.346637],[103.760822,1.346985],[103.760822,1.347816],[103.76082,1.348176],[103.760823,1.349018],[103.760809,1.349331],[103.760811,1.349555],[103.760788,1.349742],[103.760733,1.349957],[103.760706,1.35003],[103.760558,1.35047],[103.760136,1.35131],[103.760035,1.351616],[103.759984,1.351795],[103.757476,1.351408],[103.756628,1.351338],[103.75555,1.351241],[103.754639,1.351208],[103.754023,1.351185],[103.753944,1.351177],[103.753718,1.351091],[103.753589,1.350997],[103.75347,1.350865],[103.752874,1.349715],[103.75276,1.349529],[103.75276,1.349529]]]}},{"type":"Feature","properties":{"id":"WEST COAST-JURONG WEST","name":"West Coast-Jurong West GRC","shortName":"West Coast-Jurong West","type":"GRC","code":"WJ","seats":5,"parties":["People's Action Party"]},"geometry":{"type":"MultiPolygon","coordinates":[[[[103.741276,1.160871],[103.741261,1.160959],[103.741272,1.161007],[103.741254,1.161055],[103.741221,1.161066],[103.741196,1.161139],[103.741155,1.16115],[103.741108,1.161143],[103.741064,1.16111],[103.74075,1.16043],[103.740699,1.160349],[103.740604,1.160191],[103.740477,1.159949],[103.740418,1.159828],[103.740371,1.15964],[103.740364,1.159475],[103.740375,1.159347],[103.740407,1.159192],[103.740484,1.158965],[103.740568,1.158814],[103.740623,1.158762],[103.740667,1.158766],[103.740729,1.158788],[103.740834,1.158917],[103.741006,1.159156],[103.741068,1.159258],[103.741101,1.159325],[103.74113,1.159369],[103.741108,1.159376],[103.741046,1.159269],[103.741017,1.159218],[103.740955,1.159262],[103.740896,1.15931],[103.740853,1.15938],[103.740823,1.159435],[103.740805,1.159504],[103.740794,1.159574],[103.740794,1.15964],[103.740805,1.159718],[103.740864,1.159769],[103.740915,1.159835],[103.740988,1.159923],[103.741028,1.159989],[103.74105,1.160048],[103.741057,1.160122],[103.741053,1.160202],[103.741031,1.16028],[103.740999,1.160349],[103.740948,1.16039],[103.740951,1.160456],[103.740991,1.160445],[103.741013,1.160467],[103.741053,1.160482],[103.741097,1.160496],[103.741126,1.160522],[103.741283,1.160529],[103.741316,1.160269],[103.741342,1.160272],[103.741276,1.160871]]],[[[103.742319,1.164479],[103.74227,1.164523],[103.742265,1.164611],[103.742246,1.164714],[103.742173,1.164817],[103.742124,1.164886],[103.74209,1.164984],[103.742071,1.165067],[103.742061,1.165145],[103.742036,1.165219],[103.741988,1.165277],[103.741944,1.165263],[103.74192,1.165199],[103.74191,1.165126],[103.741881,1.165057],[103.741886,1.164974],[103.74192,1.164905],[103.742012,1.164734],[103.742075,1.164518],[103.742153,1.164322],[103.742168,1.164219],[103.742168,1.164087],[103.742187,1.163994],[103.742187,1.163916],[103.742221,1.163818],[103.74227,1.163769],[103.742348,1.163818],[103.742455,1.163935],[103.742509,1.164009],[103.742543,1.164068],[103.742538,1.164141],[103.742562,1.16418],[103.742567,1.164229],[103.742577,1.164322],[103.742552,1.164386],[103.742489,1.164469],[103.742392,1.164455],[103.742319,1.164479]]],[[[103.734738,1.174906],[103.73456,1.175007],[103.734353,1.175176],[103.734185,1.175294],[103.733973,1.175429],[103.733699,1.175604],[103.733375,1.175761],[103.733224,1.175862],[103.733168,1.175941],[103.73294,1.176076],[103.732945,1.176244],[103.732875,1.176201],[103.73272,1.176114],[103.732564,1.175992],[103.732391,1.175887],[103.732278,1.175757],[103.732019,1.175626],[103.731734,1.17553],[103.731509,1.175469],[103.731344,1.175356],[103.731206,1.175199],[103.731024,1.175034],[103.730869,1.174868],[103.730782,1.174781],[103.730652,1.174712],[103.730687,1.174799],[103.730721,1.174903],[103.730695,1.174973],[103.730618,1.17506],[103.730497,1.17506],[103.730367,1.175025],[103.730263,1.175008],[103.730194,1.174921],[103.730116,1.174903],[103.730073,1.174842],[103.730038,1.174677],[103.729848,1.17459],[103.729692,1.174546],[103.729597,1.174564],[103.729484,1.174529],[103.729251,1.174355],[103.728965,1.174093],[103.728838,1.173934],[103.728766,1.173867],[103.728663,1.17385],[103.728585,1.173745],[103.728568,1.173597],[103.728472,1.173536],[103.72842,1.173458],[103.728412,1.173362],[103.728446,1.173266],[103.728395,1.173127],[103.728524,1.17311],[103.728619,1.17304],[103.728715,1.172962],[103.728827,1.172953],[103.728974,1.173014],[103.729277,1.172988],[103.729519,1.172927],[103.729683,1.173014],[103.729839,1.173075],[103.730038,1.173075],[103.730393,1.172892],[103.730713,1.172639],[103.731042,1.172274],[103.731405,1.171769],[103.731639,1.171377],[103.73176,1.171116],[103.731855,1.170855],[103.731898,1.170428],[103.732071,1.169453],[103.732149,1.169366],[103.732331,1.169235],[103.732322,1.169122],[103.732287,1.169087],[103.732235,1.169017],[103.732235,1.168948],[103.732287,1.168913],[103.732374,1.169009],[103.732495,1.169061],[103.732599,1.169026],[103.732772,1.168904],[103.733026,1.168654],[103.733395,1.167973],[103.733447,1.167703],[103.733568,1.167372],[103.734173,1.167233],[103.734398,1.167224],[103.734537,1.167259],[103.73464,1.167337],[103.734718,1.167485],[103.734761,1.167581],[103.734848,1.167624],[103.735012,1.167616],[103.735159,1.167624],[103.73535,1.167581],[103.735886,1.167233],[103.736094,1.167102],[103.736284,1.166945],[103.736448,1.166771],[103.736595,1.166702],[103.736786,1.166702],[103.736941,1.166754],[103.737062,1.166745],[103.737979,1.166432],[103.738101,1.166406],[103.738222,1.16644],[103.738438,1.166667],[103.738542,1.166815],[103.738645,1.166893],[103.73881,1.166911],[103.738948,1.166919],[103.739087,1.167024],[103.73919,1.167076],[103.739346,1.167102],[103.739511,1.167163],[103.739571,1.167302],[103.739658,1.167738],[103.739675,1.168008],[103.739649,1.168652],[103.739588,1.169053],[103.739493,1.169253],[103.739381,1.169427],[103.739251,1.169575],[103.73919,1.16974],[103.739337,1.170794],[103.739398,1.171003],[103.739441,1.171177],[103.739424,1.171308],[103.739337,1.171456],[103.739389,1.171743],[103.739465,1.17214],[103.739504,1.172232],[103.739508,1.172353],[103.7395,1.172409],[103.739468,1.172461],[103.739412,1.172461],[103.73936,1.172485],[103.739316,1.172521],[103.7393,1.172557],[103.739328,1.172592],[103.739372,1.172581],[103.739444,1.172593],[103.7395,1.172565],[103.739516,1.172525],[103.739584,1.172496],[103.73966,1.17252],[103.739744,1.172422],[103.73983,1.172379],[103.739908,1.172413],[103.739926,1.172509],[103.739891,1.172596],[103.74015,1.172631],[103.740393,1.17264],[103.7406,1.172675],[103.741111,1.172657],[103.74131,1.172901],[103.741379,1.173023],[103.741465,1.173197],[103.741517,1.173362],[103.741509,1.173484],[103.741491,1.173606],[103.741433,1.173714],[103.741474,1.173807],[103.741526,1.173702],[103.741595,1.173667],[103.741621,1.173728],[103.741647,1.173833],[103.741638,1.173946],[103.741604,1.174042],[103.741682,1.17412],[103.741673,1.174259],[103.741604,1.174294],[103.741534,1.174268],[103.741483,1.174155],[103.741379,1.174163],[103.741292,1.17419],[103.741206,1.174155],[103.741188,1.174094],[103.741067,1.174068],[103.741007,1.173998],[103.740868,1.173998],[103.740574,1.174059],[103.740479,1.174111],[103.740505,1.174172],[103.740522,1.174242],[103.740445,1.174303],[103.740246,1.174303],[103.740159,1.174268],[103.740142,1.174207],[103.740254,1.174129],[103.740099,1.17412],[103.739908,1.174172],[103.739657,1.174259],[103.739389,1.17432],[103.739432,1.174407],[103.73919,1.174468],[103.739121,1.174433],[103.739086,1.174364],[103.738913,1.174355],[103.738801,1.174381],[103.738983,1.174451],[103.73906,1.174486],[103.739095,1.174573],[103.739069,1.174651],[103.738957,1.174686],[103.738688,1.174634],[103.738524,1.174529],[103.738472,1.174625],[103.73836,1.174686],[103.738273,1.174642],[103.738291,1.174564],[103.738295,1.174549],[103.738018,1.174625],[103.737851,1.174659],[103.737599,1.174642],[103.737471,1.174653],[103.737348,1.174653],[103.737247,1.174631],[103.737152,1.174535],[103.73708,1.174451],[103.736957,1.174383],[103.736783,1.174361],[103.736633,1.17435],[103.736331,1.174355],[103.736046,1.174395],[103.735711,1.174468],[103.735414,1.174569],[103.735102,1.174698],[103.734738,1.174906]]],[[[103.731117,1.187919],[103.731093,1.188154],[103.731101,1.18847],[103.731278,1.188665],[103.731149,1.189095],[103.730843,1.189427],[103.730473,1.189598],[103.730094,1.189873],[103.729844,1.190044],[103.729481,1.190206],[103.728974,1.190287],[103.728748,1.190149],[103.728571,1.189914],[103.728506,1.189662],[103.728514,1.189249],[103.728543,1.189079],[103.728639,1.188951],[103.728821,1.188776],[103.728884,1.188688],[103.728868,1.18852],[103.728813,1.188321],[103.728643,1.188194],[103.728514,1.188154],[103.728426,1.188081],[103.728424,1.188009],[103.728409,1.187914],[103.728432,1.187831],[103.728539,1.187725],[103.728726,1.187754],[103.72913,1.187387],[103.729265,1.187379],[103.729369,1.187408],[103.729465,1.187537],[103.729538,1.187408],[103.729675,1.187505],[103.729747,1.187375],[103.729892,1.18744],[103.729981,1.187529],[103.730191,1.187537],[103.730739,1.187472],[103.731061,1.187326],[103.73127,1.187391],[103.731303,1.187659],[103.731464,1.187627],[103.73173,1.187927],[103.731617,1.188024],[103.731488,1.187967],[103.731415,1.187894],[103.731117,1.187919]]],[[[103.736732,1.18895],[103.736967,1.189115],[103.737108,1.18973],[103.737907,1.190913],[103.737563,1.190963],[103.736439,1.190098],[103.736309,1.18966],[103.736309,1.18921],[103.736097,1.188784],[103.736732,1.18895]]],[[[103.723123,1.190871],[103.723075,1.190952],[103.72293,1.190992],[103.722833,1.191001],[103.722752,1.190928],[103.722776,1.190846],[103.722873,1.190782],[103.72297,1.190725],[103.723083,1.190668],[103.723123,1.190871]]],[[[103.727918,1.191496],[103.727467,1.191147],[103.727056,1.191244],[103.726854,1.191139],[103.726677,1.191139],[103.726298,1.190798],[103.725919,1.19096],[103.725621,1.191122],[103.725291,1.191268],[103.725097,1.191439],[103.724533,1.191457],[103.724203,1.191422],[103.723832,1.191179],[103.723542,1.190871],[103.723381,1.190514],[103.723196,1.19006],[103.723204,1.189362],[103.723197,1.189351],[103.723171,1.189207],[103.723227,1.189151],[103.723294,1.189123],[103.723255,1.189022],[103.723221,1.188888],[103.723116,1.188821],[103.723099,1.18876],[103.723138,1.188681],[103.723183,1.188659],[103.723127,1.188486],[103.723088,1.188312],[103.722999,1.188139],[103.722916,1.187904],[103.722894,1.187798],[103.722844,1.187798],[103.722771,1.187809],[103.722744,1.187809],[103.722694,1.187786],[103.72266,1.187686],[103.722666,1.187635],[103.722716,1.187596],[103.72281,1.18758],[103.722871,1.187524],[103.722883,1.187406],[103.722749,1.187289],[103.722527,1.18721],[103.722197,1.18718],[103.722196,1.18718],[103.721955,1.187367],[103.721765,1.187284],[103.721694,1.187244],[103.72167,1.187141],[103.721662,1.187045],[103.721559,1.187045],[103.721472,1.187013],[103.721424,1.186893],[103.721282,1.186941],[103.721139,1.186893],[103.721083,1.186797],[103.721028,1.186574],[103.720624,1.18647],[103.720306,1.186414],[103.719942,1.186406],[103.719569,1.18643],[103.719355,1.186718],[103.71922,1.186837],[103.719125,1.186861],[103.719077,1.186773],[103.71907,1.186662],[103.718895,1.186654],[103.718776,1.186582],[103.718776,1.186702],[103.718863,1.186965],[103.718855,1.187077],[103.718792,1.187132],[103.718633,1.18714],[103.718538,1.18718],[103.718308,1.187132],[103.718277,1.187037],[103.7183,1.186917],[103.718451,1.186813],[103.718562,1.186797],[103.718633,1.18651],[103.718515,1.186446],[103.718499,1.186334],[103.717941,1.186774],[103.717643,1.187156],[103.717321,1.187245],[103.717184,1.186977],[103.717063,1.18662],[103.7172,1.186466],[103.7177,1.186174],[103.718095,1.185947],[103.718272,1.185842],[103.718288,1.185688],[103.718095,1.185655],[103.718054,1.185509],[103.718135,1.18542],[103.718586,1.185412],[103.718649,1.185185],[103.718641,1.184611],[103.718433,1.184365],[103.718483,1.184108],[103.718473,1.183887],[103.718768,1.182879],[103.71878,1.182686],[103.718884,1.182281],[103.718909,1.181924],[103.719054,1.181453],[103.719263,1.181064],[103.719379,1.180732],[103.719287,1.180426],[103.719231,1.180237],[103.719078,1.180212],[103.719038,1.180107],[103.719392,1.180066],[103.720561,1.181437],[103.720703,1.181634],[103.720759,1.181738],[103.720859,1.181721],[103.720972,1.1819],[103.720909,1.182001],[103.721052,1.182121],[103.721385,1.182065],[103.721627,1.181984],[103.721827,1.181923],[103.722106,1.182107],[103.722462,1.182177],[103.722698,1.182308],[103.722589,1.182544],[103.722715,1.182606],[103.722872,1.182589],[103.723133,1.182387],[103.723272,1.182422],[103.723664,1.182694],[103.724047,1.182843],[103.724064,1.183036],[103.724056,1.183465],[103.72396,1.183719],[103.724143,1.183824],[103.724369,1.183711],[103.724639,1.183684],[103.724813,1.183754],[103.725057,1.183456],[103.725274,1.183255],[103.725605,1.183395],[103.725823,1.183465],[103.726232,1.183763],[103.726406,1.183903],[103.726546,1.183641],[103.726842,1.183763],[103.727016,1.184079],[103.727303,1.18414],[103.727434,1.183886],[103.727625,1.183676],[103.727764,1.183816],[103.728217,1.183667],[103.728339,1.183807],[103.728261,1.184026],[103.728052,1.184236],[103.728052,1.184482],[103.728113,1.18464],[103.728261,1.184789],[103.728043,1.18485],[103.727999,1.185043],[103.727956,1.185244],[103.727965,1.18556],[103.727999,1.1857],[103.728034,1.185796],[103.728078,1.185954],[103.72822,1.18604],[103.728339,1.186103],[103.728339,1.186287],[103.728295,1.186436],[103.72818,1.186574],[103.728156,1.18671],[103.728182,1.186813],[103.728139,1.186935],[103.727991,1.187006],[103.727808,1.187102],[103.727599,1.187172],[103.727433,1.187154],[103.727252,1.187085],[103.727086,1.187053],[103.726808,1.187005],[103.726721,1.186838],[103.72665,1.186782],[103.726554,1.186774],[103.726483,1.186837],[103.726451,1.186933],[103.72642,1.186989],[103.726356,1.186981],[103.726293,1.186925],[103.726229,1.186845],[103.72615,1.186806],[103.726047,1.186814],[103.72596,1.186766],[103.725912,1.186702],[103.725809,1.186614],[103.72554,1.186526],[103.725833,1.186686],[103.725904,1.186798],[103.726031,1.186877],[103.726142,1.186869],[103.726213,1.186909],[103.726269,1.186997],[103.726348,1.187061],[103.726435,1.187045],[103.726499,1.186989],[103.726507,1.186893],[103.72657,1.186845],[103.72665,1.186853],[103.726705,1.186925],[103.726784,1.187093],[103.727094,1.187133],[103.727416,1.187303],[103.727642,1.187277],[103.727851,1.187181],[103.72806,1.187198],[103.7284,1.1869],[103.728557,1.18662],[103.728687,1.186673],[103.7286,1.187076],[103.728678,1.187312],[103.728478,1.187593],[103.728252,1.18782],[103.728172,1.18817],[103.728291,1.188138],[103.728505,1.188218],[103.728635,1.188267],[103.728684,1.188405],[103.728748,1.188584],[103.728659,1.188843],[103.728474,1.189119],[103.728305,1.189508],[103.728148,1.189711],[103.728168,1.190036],[103.72795,1.190125],[103.727633,1.189878],[103.72827,1.191008],[103.727918,1.191496]]],[[[103.801289,1.200609],[103.801429,1.20072],[103.801491,1.200805],[103.801548,1.201031],[103.801597,1.201422],[103.801587,1.201482],[103.801566,1.201532],[103.801471,1.201685],[103.801358,1.201833],[103.801058,1.202226],[103.80092,1.202375],[103.800526,1.20277],[103.799373,1.203899],[103.79894,1.2043],[103.798763,1.204489],[103.798523,1.204752],[103.79821,1.205128],[103.797901,1.205628],[103.797713,1.205952],[103.797653,1.206081],[103.797488,1.206346],[103.797347,1.206628],[103.797207,1.206838],[103.796829,1.207283],[103.796694,1.207455],[103.796225,1.207859],[103.795937,1.208077],[103.795638,1.208286],[103.795298,1.208474],[103.795198,1.208623],[103.795029,1.208769],[103.794949,1.208814],[103.794905,1.208854],[103.794866,1.208913],[103.794695,1.209038],[103.79458,1.209109],[103.794469,1.209228],[103.794407,1.20931],[103.794217,1.209487],[103.793976,1.209709],[103.793619,1.210055],[103.793458,1.210222],[103.793239,1.210461],[103.792838,1.21072],[103.792595,1.210826],[103.792439,1.210884],[103.792329,1.21088],[103.792156,1.210837],[103.79203,1.210797],[103.791957,1.210774],[103.791924,1.210755],[103.791902,1.210737],[103.791878,1.210714],[103.79186,1.210695],[103.79184,1.210669],[103.791832,1.210653],[103.791823,1.210623],[103.791813,1.210566],[103.791815,1.21054],[103.791834,1.210408],[103.791887,1.210102],[103.791915,1.209986],[103.791957,1.209876],[103.791992,1.209659],[103.792015,1.209567],[103.792008,1.209362],[103.791984,1.209275],[103.791966,1.209215],[103.791949,1.209063],[103.791941,1.208667],[103.791887,1.2086],[103.791871,1.208548],[103.791875,1.208484],[103.791913,1.208409],[103.79193,1.208183],[103.791961,1.207902],[103.791981,1.207737],[103.792038,1.207576],[103.792106,1.207316],[103.792118,1.207263],[103.792106,1.207199],[103.792129,1.207103],[103.79216,1.20704],[103.792218,1.207004],[103.792416,1.20667],[103.792476,1.206495],[103.792678,1.206072],[103.792802,1.205804],[103.792909,1.205553],[103.793271,1.204841],[103.793325,1.204759],[103.793628,1.20442],[103.793789,1.204278],[103.794137,1.204055],[103.794352,1.203928],[103.794802,1.203642],[103.796774,1.202438],[103.797482,1.202011],[103.797801,1.201807],[103.798052,1.201662],[103.798329,1.201475],[103.798409,1.201425],[103.798752,1.201311],[103.799378,1.201129],[103.800327,1.200836],[103.800782,1.200681],[103.800905,1.200652],[103.801216,1.200596],[103.801289,1.200609]]],[[[103.722746,1.213145],[103.722441,1.213274],[103.722184,1.213371],[103.722007,1.21342],[103.721798,1.213452],[103.721637,1.213501],[103.721461,1.213533],[103.721364,1.213517],[103.721268,1.213452],[103.721236,1.21342],[103.721155,1.213274],[103.720657,1.212886],[103.718634,1.212341],[103.717506,1.212178],[103.716958,1.212081],[103.716217,1.211951],[103.715508,1.211821],[103.714928,1.211724],[103.71438,1.211497],[103.713929,1.211335],[103.713574,1.21114],[103.713323,1.21091],[103.713195,1.210739],[103.712625,1.210156],[103.712365,1.209704],[103.712074,1.209203],[103.711867,1.208965],[103.711726,1.208869],[103.711635,1.208748],[103.711325,1.208407],[103.710874,1.208028],[103.710621,1.207774],[103.710539,1.207703],[103.710456,1.207678],[103.710381,1.207666],[103.710348,1.207574],[103.710217,1.20745],[103.710096,1.207407],[103.709918,1.207416],[103.709889,1.207324],[103.709748,1.207307],[103.709697,1.207185],[103.709119,1.206949],[103.708941,1.206908],[103.70883,1.206858],[103.708727,1.206699],[103.708388,1.206444],[103.707894,1.206114],[103.707622,1.205917],[103.707351,1.205682],[103.707196,1.205481],[103.707098,1.205314],[103.707076,1.205166],[103.707083,1.205075],[103.707068,1.204817],[103.707095,1.204646],[103.707132,1.204524],[103.707208,1.204358],[103.707309,1.204263],[103.707499,1.204154],[103.707785,1.20407],[103.708845,1.20392],[103.709823,1.203781],[103.710775,1.203649],[103.71202,1.203431],[103.712854,1.20329],[103.713748,1.203128],[103.714663,1.202939],[103.71541,1.202749],[103.716386,1.202588],[103.716867,1.202548],[103.717703,1.202543],[103.718144,1.202603],[103.719408,1.202924],[103.720326,1.203125],[103.721288,1.203189],[103.722106,1.20325],[103.722675,1.203254],[103.723188,1.203265],[103.723558,1.203224],[103.723882,1.203197],[103.724259,1.203144],[103.724704,1.203045],[103.724843,1.202985],[103.725311,1.20281],[103.72562,1.202609],[103.725786,1.202541],[103.726057,1.20248],[103.72637,1.202469],[103.726604,1.202473],[103.726917,1.202507],[103.727516,1.202636],[103.728198,1.202784],[103.728802,1.202905],[103.729212,1.20297],[103.72968,1.203046],[103.729974,1.203095],[103.730411,1.203182],[103.730898,1.203266],[103.730931,1.203319],[103.730901,1.203364],[103.7304,1.203292],[103.730374,1.203384],[103.730392,1.203558],[103.730456,1.203717],[103.730626,1.203915],[103.73083,1.204059],[103.731003,1.204142],[103.731207,1.204188],[103.731422,1.204165],[103.731618,1.204101],[103.73187,1.203972],[103.732017,1.203858],[103.732096,1.203634],[103.732032,1.203437],[103.731746,1.203414],[103.731746,1.203304],[103.732078,1.203319],[103.732877,1.203357],[103.733148,1.203372],[103.733382,1.203391],[103.733548,1.203459],[103.733683,1.203569],[103.733717,1.203659],[103.733707,1.203838],[103.733657,1.204078],[103.732336,1.205596],[103.732276,1.205558],[103.732254,1.205479],[103.732013,1.205398],[103.731807,1.205366],[103.731569,1.205389],[103.731342,1.205514],[103.731116,1.205765],[103.730866,1.206062],[103.730821,1.206267],[103.730515,1.206496],[103.730261,1.206692],[103.729972,1.206919],[103.729859,1.207048],[103.729686,1.207186],[103.729523,1.207296],[103.729288,1.207327],[103.729065,1.207382],[103.728843,1.207414],[103.728532,1.207468],[103.728371,1.207523],[103.728229,1.207646],[103.728103,1.207791],[103.727898,1.208052],[103.727818,1.208262],[103.727788,1.208386],[103.727808,1.208463],[103.727823,1.208533],[103.72785,1.208645],[103.727957,1.208633],[103.72813,1.208746],[103.728334,1.208889],[103.728445,1.208997],[103.728618,1.208997],[103.72868,1.209055],[103.728749,1.209175],[103.729052,1.209372],[103.729264,1.209345],[103.729421,1.20938],[103.72941,1.209457],[103.729392,1.209554],[103.729494,1.209657],[103.729613,1.209654],[103.729955,1.209412],[103.729999,1.209617],[103.729845,1.210218],[103.729763,1.210472],[103.729686,1.210627],[103.729564,1.210803],[103.729499,1.21095],[103.729292,1.211126],[103.729142,1.211245],[103.728967,1.211343],[103.728821,1.21142],[103.728658,1.211494],[103.728642,1.211412],[103.728617,1.211269],[103.728597,1.211069],[103.72853,1.210958],[103.728268,1.210755],[103.728139,1.210641],[103.72801,1.210561],[103.727805,1.210501],[103.727544,1.210421],[103.727181,1.210353],[103.726875,1.210307],[103.726501,1.210227],[103.72624,1.210205],[103.725922,1.210182],[103.72565,1.210159],[103.725439,1.210172],[103.725214,1.210237],[103.725085,1.210301],[103.724845,1.210364],[103.724664,1.210444],[103.724437,1.21057],[103.724256,1.210718],[103.724074,1.210855],[103.723938,1.210981],[103.723791,1.211163],[103.723666,1.211346],[103.723564,1.211574],[103.723496,1.211745],[103.723416,1.211951],[103.723382,1.212145],[103.723371,1.21243],[103.723416,1.212704],[103.723518,1.213023],[103.723164,1.213096],[103.723036,1.213096],[103.722746,1.213145]]],[[[103.787006,1.214888],[103.787151,1.214937],[103.787183,1.215018],[103.787247,1.215115],[103.787247,1.215212],[103.787247,1.215309],[103.787167,1.215374],[103.787119,1.215422],[103.78707,1.215487],[103.787054,1.215519],[103.786958,1.215584],[103.786813,1.215681],[103.786652,1.215681],[103.786476,1.215681],[103.786315,1.215649],[103.786202,1.215568],[103.786154,1.215471],[103.786122,1.215357],[103.786154,1.21526],[103.786251,1.215147],[103.786331,1.215098],[103.786379,1.215066],[103.786492,1.215001],[103.786572,1.214937],[103.786669,1.214888],[103.786861,1.214872],[103.787006,1.214888]]],[[[103.707632,1.216034],[103.707648,1.216083],[103.707648,1.216196],[103.707648,1.216261],[103.7076,1.216374],[103.707552,1.216423],[103.707487,1.216503],[103.707455,1.216552],[103.70723,1.216698],[103.707085,1.216795],[103.706925,1.21694],[103.706812,1.217037],[103.706716,1.217086],[103.706505,1.217219],[103.706355,1.217276],[103.706228,1.217295],[103.70612,1.217248],[103.706045,1.217172],[103.706035,1.217111],[103.706054,1.217025],[103.706134,1.216936],[103.706444,1.216761],[103.706496,1.216718],[103.706524,1.216581],[103.706652,1.21639],[103.706797,1.216325],[103.706994,1.216288],[103.707159,1.216259],[103.707309,1.216207],[103.707487,1.216034],[103.707632,1.216034]]],[[[103.759726,1.21482],[103.759549,1.215014],[103.75942,1.215225],[103.759404,1.215257],[103.759372,1.215565],[103.759372,1.215759],[103.759324,1.215953],[103.759179,1.216277],[103.759163,1.216471],[103.759099,1.216779],[103.759067,1.217021],[103.759067,1.217345],[103.759067,1.217491],[103.759034,1.217636],[103.75889,1.217636],[103.758745,1.217604],[103.758568,1.217377],[103.758504,1.217264],[103.758504,1.21707],[103.758552,1.216957],[103.758693,1.216702],[103.758735,1.215528],[103.758707,1.215249],[103.758735,1.215011],[103.758957,1.21455],[103.759096,1.214172],[103.75911,1.213362],[103.759082,1.212831],[103.758888,1.211685],[103.75886,1.211265],[103.758832,1.210776],[103.758679,1.210371],[103.758416,1.209938],[103.758041,1.209393],[103.758013,1.209239],[103.757971,1.208973],[103.757888,1.208652],[103.757846,1.208275],[103.757819,1.207799],[103.757782,1.207342],[103.757717,1.20697],[103.757653,1.206549],[103.757589,1.206177],[103.757569,1.205997],[103.757624,1.205633],[103.758249,1.204012],[103.758361,1.203733],[103.758393,1.203571],[103.758361,1.203312],[103.758361,1.20315],[103.758393,1.203005],[103.758425,1.202891],[103.758473,1.202762],[103.758473,1.202632],[103.758489,1.202454],[103.758554,1.202325],[103.758602,1.202179],[103.758586,1.20205],[103.758666,1.201774],[103.758747,1.201677],[103.758795,1.201564],[103.758811,1.201483],[103.758795,1.201321],[103.758795,1.201111],[103.758827,1.200949],[103.758923,1.200706],[103.759138,1.200546],[103.75936,1.20049],[103.759582,1.200588],[103.759823,1.200852],[103.760249,1.201315],[103.760471,1.201636],[103.760637,1.201846],[103.760721,1.201944],[103.760836,1.202034],[103.760932,1.201969],[103.760997,1.201904],[103.76111,1.201958],[103.761235,1.201986],[103.76136,1.201958],[103.76154,1.201888],[103.761776,1.201944],[103.761957,1.202042],[103.762456,1.202698],[103.762568,1.202643],[103.762331,1.202098],[103.762207,1.20186],[103.761998,1.201664],[103.761734,1.201511],[103.761457,1.201427],[103.761137,1.201427],[103.760901,1.201441],[103.760707,1.201413],[103.760568,1.201259],[103.760401,1.201035],[103.760263,1.200812],[103.759943,1.200602],[103.759707,1.200378],[103.75965,1.200338],[103.759582,1.200109],[103.759554,1.199923],[103.75991,1.199148],[103.760153,1.198588],[103.760267,1.198488],[103.760381,1.198402],[103.760537,1.198488],[103.760366,1.198258],[103.76011,1.197957],[103.759868,1.197613],[103.759996,1.197512],[103.759825,1.197168],[103.759754,1.196881],[103.759754,1.196493],[103.759811,1.196149],[103.759896,1.195848],[103.759768,1.195805],[103.759796,1.195604],[103.759982,1.195245],[103.760252,1.194987],[103.760637,1.194872],[103.762077,1.193323],[103.762262,1.193107],[103.762419,1.192763],[103.762761,1.192433],[103.763018,1.192261],[103.763175,1.192218],[103.763873,1.191544],[103.765014,1.190338],[103.765171,1.190166],[103.765484,1.189951],[103.766041,1.18958],[103.766223,1.189485],[103.766311,1.189334],[103.766696,1.189162],[103.767052,1.189061],[103.767608,1.188961],[103.768264,1.188889],[103.768948,1.188918],[103.769547,1.189062],[103.769944,1.189355],[103.770419,1.189536],[103.771304,1.190041],[103.771627,1.190248],[103.772669,1.190898],[103.773239,1.191386],[103.773781,1.191917],[103.774693,1.192821],[103.775049,1.193266],[103.775178,1.193725],[103.775306,1.195647],[103.775363,1.196465],[103.775477,1.196795],[103.775619,1.196996],[103.775805,1.19724],[103.775976,1.197398],[103.77619,1.197513],[103.778727,1.198617],[103.779126,1.19879],[103.779468,1.19899],[103.779839,1.199263],[103.780195,1.199536],[103.780429,1.199867],[103.780476,1.199859],[103.780608,1.199912],[103.780608,1.200005],[103.780542,1.200085],[103.780637,1.200237],[103.780737,1.20021],[103.780822,1.200224],[103.780879,1.200325],[103.780808,1.200382],[103.78105,1.200827],[103.781207,1.201272],[103.781307,1.201745],[103.781364,1.202319],[103.781282,1.203553],[103.781294,1.203913],[103.781345,1.204398],[103.781472,1.204449],[103.781357,1.206084],[103.781218,1.207348],[103.781078,1.208281],[103.780977,1.208906],[103.780837,1.209443],[103.780672,1.20989],[103.78033,1.210171],[103.780076,1.21035],[103.78005,1.210784],[103.778985,1.210797],[103.778972,1.21095],[103.779422,1.210949],[103.779416,1.211077],[103.778934,1.211065],[103.778934,1.211129],[103.77717,1.211141],[103.777145,1.211054],[103.776726,1.211065],[103.776726,1.210975],[103.777094,1.210937],[103.777094,1.210809],[103.77481,1.210784],[103.774823,1.210439],[103.774417,1.210362],[103.774036,1.210273],[103.773681,1.210158],[103.773123,1.209979],[103.772539,1.209749],[103.77193,1.209468],[103.771575,1.209277],[103.771016,1.208932],[103.770572,1.208612],[103.770141,1.20837],[103.769722,1.208217],[103.76943,1.208165],[103.769075,1.208191],[103.768783,1.208217],[103.768529,1.208306],[103.768187,1.208446],[103.767768,1.208727],[103.767781,1.208881],[103.767324,1.209072],[103.766829,1.209187],[103.766385,1.209225],[103.765966,1.209162],[103.765662,1.209162],[103.765751,1.209315],[103.765738,1.209468],[103.764177,1.210681],[103.764,1.210796],[103.763771,1.210809],[103.762667,1.210783],[103.762526,1.210735],[103.762442,1.210651],[103.762373,1.210525],[103.761189,1.213056],[103.760165,1.214536],[103.759957,1.214494],[103.759726,1.21482]],[[103.766091,1.202416],[103.768163,1.200883],[103.770958,1.199019],[103.771599,1.19856],[103.77197,1.198359],[103.772597,1.198058],[103.772754,1.1979],[103.773096,1.197756],[103.774992,1.196881],[103.774921,1.19668],[103.774892,1.196451],[103.77485,1.19602],[103.774793,1.195791],[103.774707,1.195633],[103.774622,1.19549],[103.774622,1.19536],[103.774707,1.19526],[103.774793,1.195059],[103.774736,1.193997],[103.77465,1.193639],[103.774493,1.193294],[103.774208,1.193007],[103.77388,1.192634],[103.773524,1.192276],[103.773239,1.191946],[103.772683,1.191486],[103.771802,1.190851],[103.771739,1.190798],[103.771211,1.190506],[103.770591,1.190148],[103.769904,1.189815],[103.769245,1.189629],[103.768611,1.189523],[103.767912,1.189536],[103.767384,1.189616],[103.766842,1.189775],[103.766341,1.189988],[103.766077,1.190214],[103.765826,1.190546],[103.765641,1.190599],[103.76543,1.190573],[103.765232,1.190679],[103.765168,1.190683],[103.764201,1.191529],[103.764215,1.191687],[103.764158,1.191845],[103.764059,1.192003],[103.764044,1.192204],[103.764044,1.192347],[103.763873,1.192519],[103.763717,1.192519],[103.763446,1.192648],[103.761022,1.195087],[103.760652,1.195489],[103.760409,1.195805],[103.760281,1.196178],[103.76021,1.196465],[103.760238,1.196795],[103.760324,1.197139],[103.760509,1.197484],[103.761036,1.198072],[103.762191,1.199363],[103.762989,1.20021],[103.76326,1.200626],[103.766091,1.202416]]],[[[103.77014,1.224739],[103.770302,1.224746],[103.770384,1.224828],[103.770428,1.225222],[103.769992,1.225868],[103.769926,1.225838],[103.770007,1.225474],[103.769992,1.225296],[103.769852,1.224895],[103.769712,1.224746],[103.769712,1.22459],[103.77014,1.224739]]],[[[103.750947,1.226854],[103.750309,1.227197],[103.749892,1.227411],[103.749483,1.227608],[103.749194,1.227711],[103.749143,1.227651],[103.749194,1.227591],[103.749611,1.227462],[103.749926,1.227325],[103.75036,1.227094],[103.750394,1.226906],[103.750453,1.226786],[103.75087,1.226615],[103.751134,1.226443],[103.751211,1.226349],[103.751262,1.226178],[103.751245,1.226044],[103.751296,1.225852],[103.751423,1.225647],[103.751551,1.225467],[103.751687,1.22533],[103.751908,1.224987],[103.752096,1.224611],[103.752206,1.224259],[103.752172,1.223883],[103.752121,1.223788],[103.752062,1.223711],[103.751925,1.223626],[103.75184,1.223549],[103.751772,1.223403],[103.751474,1.223394],[103.751228,1.223437],[103.751194,1.223386],[103.751415,1.223317],[103.751696,1.223334],[103.751976,1.223369],[103.752351,1.223497],[103.753108,1.223728],[103.753508,1.223857],[103.753848,1.224028],[103.75384,1.224071],[103.7535,1.223925],[103.753193,1.223848],[103.753108,1.223891],[103.752989,1.224054],[103.752938,1.224182],[103.752929,1.224362],[103.752938,1.224542],[103.752972,1.224713],[103.75304,1.224885],[103.753185,1.225082],[103.753321,1.225202],[103.753891,1.224638],[103.753959,1.224603],[103.753534,1.225107],[103.753227,1.225424],[103.752776,1.22581],[103.752215,1.226169],[103.751423,1.22658],[103.751132,1.22674],[103.751116,1.22674],[103.750947,1.226854]]],[[[103.747373,1.22831],[103.747169,1.228327],[103.746973,1.228285],[103.746837,1.228173],[103.746777,1.22801],[103.746743,1.227779],[103.746888,1.227437],[103.74699,1.227223],[103.747067,1.226966],[103.747143,1.226692],[103.747152,1.226392],[103.747098,1.226125],[103.747002,1.22585],[103.746889,1.225623],[103.746982,1.22563],[103.747118,1.225638],[103.747288,1.225578],[103.747484,1.225415],[103.747603,1.225244],[103.74773,1.224936],[103.747773,1.224747],[103.747773,1.224482],[103.747739,1.224251],[103.747654,1.224054],[103.747603,1.224002],[103.747543,1.223934],[103.747475,1.223917],[103.747458,1.223814],[103.747603,1.223625],[103.74779,1.223471],[103.747977,1.223351],[103.748156,1.223232],[103.748386,1.223077],[103.748649,1.22294],[103.748803,1.222889],[103.748964,1.222889],[103.749296,1.222983],[103.749691,1.223176],[103.749734,1.223194],[103.74996,1.223292],[103.750207,1.223403],[103.750121,1.223471],[103.749849,1.223651],[103.749577,1.22384],[103.749483,1.224011],[103.749458,1.224199],[103.749492,1.224422],[103.749577,1.224636],[103.749679,1.224833],[103.749841,1.22497],[103.75007,1.225244],[103.750275,1.225587],[103.75036,1.225861],[103.750385,1.226041],[103.750385,1.226118],[103.750275,1.226109],[103.750164,1.226101],[103.749968,1.226152],[103.749841,1.226109],[103.749622,1.226109],[103.749398,1.226084],[103.749075,1.226049],[103.748768,1.226049],[103.748497,1.226028],[103.748223,1.226093],[103.747982,1.22619],[103.747773,1.226287],[103.747645,1.226368],[103.747388,1.226562],[103.747243,1.226869],[103.747163,1.22708],[103.747146,1.227387],[103.747101,1.227711],[103.747092,1.227865],[103.747109,1.228019],[103.747135,1.228156],[103.747211,1.228233],[103.747356,1.22825],[103.748283,1.227933],[103.74836,1.227916],[103.748377,1.227993],[103.747373,1.22831]]],[[[103.648439,1.239805],[103.648331,1.23981],[103.648151,1.239844],[103.648109,1.239885],[103.648098,1.239896],[103.64808,1.239913],[103.647939,1.239931],[103.647729,1.239882],[103.647745,1.239791],[103.647711,1.239766],[103.647674,1.239731],[103.6476,1.239719],[103.64753,1.239677],[103.647497,1.239611],[103.647519,1.239542],[103.647583,1.239491],[103.647656,1.239444],[103.64767,1.239441],[103.647722,1.239326],[103.647867,1.239313],[103.64803,1.239314],[103.648217,1.239282],[103.648298,1.239285],[103.64834,1.239313],[103.648612,1.239387],[103.648644,1.239405],[103.648722,1.239417],[103.648772,1.239463],[103.648819,1.239543],[103.648819,1.239637],[103.648786,1.239683],[103.648742,1.239765],[103.648607,1.239829],[103.64855,1.239795],[103.648439,1.239805]]],[[[103.77124,1.233605],[103.771127,1.233653],[103.770934,1.23375],[103.77079,1.233847],[103.770645,1.233945],[103.770533,1.234042],[103.77042,1.234123],[103.77034,1.234204],[103.770292,1.234349],[103.770227,1.234495],[103.770147,1.234624],[103.770016,1.234843],[103.769902,1.234983],[103.769472,1.235336],[103.769407,1.23545],[103.769198,1.235676],[103.768925,1.235838],[103.768829,1.235887],[103.768781,1.235903],[103.76862,1.235935],[103.768507,1.236032],[103.768347,1.236146],[103.768266,1.236227],[103.768009,1.236405],[103.76788,1.236518],[103.767736,1.236631],[103.767607,1.236696],[103.767479,1.236777],[103.767334,1.236874],[103.767238,1.236955],[103.767029,1.237036],[103.766884,1.237133],[103.766804,1.237246],[103.766755,1.237311],[103.766723,1.237392],[103.766627,1.237505],[103.766265,1.23779],[103.766056,1.237968],[103.765895,1.238146],[103.765702,1.238373],[103.765558,1.238567],[103.765397,1.238696],[103.76514,1.238907],[103.765031,1.23917],[103.76497,1.239294],[103.764738,1.239505],[103.764561,1.239586],[103.76432,1.239732],[103.764015,1.239878],[103.763822,1.239926],[103.763565,1.239975],[103.763291,1.240023],[103.763131,1.240072],[103.762777,1.240088],[103.762584,1.240153],[103.762408,1.240217],[103.762102,1.240331],[103.761893,1.240379],[103.761636,1.240395],[103.761347,1.240379],[103.761106,1.240314],[103.760865,1.240282],[103.760607,1.240201],[103.760366,1.240072],[103.760093,1.239861],[103.759948,1.239732],[103.75982,1.239521],[103.759772,1.239359],[103.759724,1.239214],[103.759691,1.239052],[103.759595,1.238874],[103.759499,1.238709],[103.75945,1.238372],[103.759386,1.238113],[103.75945,1.237385],[103.759579,1.236511],[103.759676,1.23575],[103.759772,1.235442],[103.759933,1.234908],[103.760126,1.234407],[103.760174,1.234115],[103.760174,1.233872],[103.760287,1.2335],[103.760303,1.233338],[103.760326,1.233287],[103.758888,1.232854],[103.758766,1.233037],[103.758605,1.233587],[103.758605,1.234008],[103.758557,1.234203],[103.758429,1.234623],[103.758236,1.234931],[103.758171,1.235125],[103.758075,1.235578],[103.757946,1.235967],[103.757705,1.23629],[103.757496,1.236533],[103.7574,1.236549],[103.757078,1.236582],[103.756773,1.236565],[103.756484,1.236485],[103.75613,1.236306],[103.755712,1.236096],[103.755359,1.235788],[103.754877,1.235287],[103.754684,1.234947],[103.754443,1.234413],[103.754415,1.234304],[103.750736,1.235704],[103.75073,1.235723],[103.750546,1.236117],[103.750226,1.236496],[103.749736,1.236818],[103.749322,1.237027],[103.74885,1.237141],[103.748266,1.237274],[103.747758,1.23733],[103.747249,1.237387],[103.746778,1.237387],[103.746344,1.237368],[103.74593,1.23733],[103.745365,1.237254],[103.744705,1.237065],[103.744253,1.236904],[103.744028,1.236872],[103.74348,1.236818],[103.743141,1.236685],[103.742708,1.236477],[103.741464,1.235623],[103.741031,1.235377],[103.740711,1.235168],[103.740353,1.235073],[103.739957,1.234903],[103.73975,1.234713],[103.73958,1.23441],[103.73956,1.234168],[103.739544,1.23399],[103.739656,1.233667],[103.739672,1.233586],[103.739801,1.233262],[103.73993,1.233019],[103.740267,1.232485],[103.740781,1.232032],[103.741248,1.231773],[103.741874,1.231433],[103.742463,1.231224],[103.743066,1.23111],[103.743669,1.23111],[103.744517,1.231129],[103.745214,1.231224],[103.745748,1.231223],[103.752066,1.229878],[103.758561,1.226514],[103.759136,1.226213],[103.75943,1.226011],[103.759826,1.225931],[103.760182,1.225838],[103.760487,1.22576],[103.760792,1.225744],[103.761242,1.225663],[103.761708,1.225534],[103.761949,1.225469],[103.762255,1.225469],[103.762383,1.225453],[103.762528,1.225421],[103.762849,1.225307],[103.763148,1.225334],[103.763464,1.225334],[103.763754,1.225255],[103.764084,1.225215],[103.764493,1.225188],[103.765099,1.225135],[103.767406,1.22495],[103.767512,1.224883],[103.767683,1.224843],[103.767868,1.224936],[103.768843,1.224857],[103.770834,1.227458],[103.770768,1.22767],[103.770465,1.228307],[103.769898,1.228625],[103.768883,1.229315],[103.768079,1.22962],[103.767372,1.229921],[103.767204,1.229947],[103.7673,1.230399],[103.767677,1.230309],[103.767773,1.230228],[103.767966,1.23018],[103.768159,1.230131],[103.768368,1.230115],[103.768416,1.230099],[103.768577,1.230034],[103.768979,1.229888],[103.769252,1.229775],[103.769525,1.229726],[103.770425,1.22937],[103.770699,1.229241],[103.770859,1.229176],[103.772499,1.227606],[103.772547,1.227477],[103.772579,1.227186],[103.772547,1.226878],[103.772579,1.226457],[103.772644,1.226117],[103.772692,1.225891],[103.772836,1.22568],[103.772965,1.225583],[103.772997,1.225518],[103.772997,1.225373],[103.772981,1.225195],[103.772997,1.224936],[103.773045,1.224871],[103.773897,1.224515],[103.774235,1.224386],[103.775826,1.224402],[103.776143,1.22445],[103.776207,1.224548],[103.776352,1.224612],[103.776416,1.224612],[103.776512,1.224531],[103.776544,1.224451],[103.776641,1.22437],[103.776802,1.224289],[103.776978,1.224256],[103.777268,1.224192],[103.777428,1.224143],[103.77775,1.224046],[103.777846,1.223981],[103.778136,1.223819],[103.77857,1.223755],[103.778811,1.223787],[103.778955,1.223852],[103.778998,1.223858],[103.77911,1.224084],[103.779084,1.224321],[103.779061,1.224628],[103.778851,1.225005],[103.778552,1.225601],[103.778471,1.225647],[103.778363,1.225798],[103.778317,1.225857],[103.778264,1.225983],[103.778114,1.226165],[103.777911,1.226574],[103.777847,1.226863],[103.777856,1.226985],[103.777795,1.227064],[103.777753,1.227122],[103.7777,1.22719],[103.777641,1.227201],[103.777583,1.227168],[103.777525,1.227105],[103.777385,1.227277],[103.777251,1.227332],[103.777123,1.227413],[103.777059,1.227477],[103.776962,1.227591],[103.77693,1.227688],[103.776962,1.227769],[103.777026,1.227898],[103.777091,1.227995],[103.777123,1.22806],[103.777155,1.228109],[103.778232,1.22697],[103.778345,1.227115],[103.778039,1.227413],[103.778023,1.227639],[103.777782,1.227752],[103.777139,1.228497],[103.777091,1.228675],[103.776978,1.228772],[103.776866,1.228853],[103.776753,1.228999],[103.776592,1.22908],[103.776464,1.229209],[103.776207,1.229339],[103.775947,1.229561],[103.775845,1.229633],[103.77568,1.229777],[103.775531,1.22989],[103.775419,1.230002],[103.775355,1.230067],[103.775226,1.230261],[103.775065,1.230471],[103.774985,1.230585],[103.774696,1.231006],[103.774551,1.231119],[103.774374,1.231265],[103.774342,1.231329],[103.774246,1.231443],[103.774149,1.231523],[103.774021,1.231572],[103.773892,1.231653],[103.773731,1.231799],[103.773619,1.231928],[103.77349,1.232025],[103.773345,1.232138],[103.773265,1.232219],[103.773201,1.232284],[103.773136,1.232349],[103.773136,1.232365],[103.772831,1.232592],[103.772429,1.232925],[103.772349,1.233119],[103.772092,1.233362],[103.771995,1.233475],[103.77169,1.233589],[103.771433,1.233589],[103.77124,1.233605]],[[103.760426,1.233016],[103.76047,1.232875],[103.760695,1.232244],[103.763042,1.231111],[103.763251,1.231047],[103.763733,1.231031],[103.76444,1.230982],[103.764994,1.230906],[103.76486,1.230089],[103.764123,1.230058],[103.763899,1.229979],[103.763636,1.229872],[103.763385,1.229846],[103.763187,1.229872],[103.762713,1.230071],[103.761671,1.23035],[103.761342,1.23043],[103.761017,1.23061],[103.760808,1.230674],[103.760679,1.23069],[103.760411,1.230803],[103.760065,1.230965],[103.759894,1.231072],[103.759728,1.231193],[103.759562,1.231346],[103.759354,1.231574],[103.759299,1.231676],[103.759211,1.231816],[103.759168,1.23192],[103.759168,1.232131],[103.759168,1.23226],[103.759152,1.232276],[103.75912,1.232519],[103.759059,1.232606],[103.760426,1.233016]],[[103.765128,1.230889],[103.765367,1.230859],[103.767184,1.230427],[103.767085,1.229966],[103.766588,1.230045],[103.766294,1.230038],[103.765675,1.230162],[103.76516,1.230115],[103.764997,1.2301],[103.765128,1.230889]]],[[[103.801104,1.266198],[103.80115,1.266307],[103.800936,1.265894],[103.801104,1.266198]]],[[[103.798714,1.268194],[103.79875,1.268186],[103.798809,1.268177],[103.798714,1.268194]]],[[[103.798404,1.268478],[103.798405,1.268442],[103.798431,1.268409],[103.798404,1.268478]]],[[[103.796959,1.270003],[103.797109,1.270111],[103.796557,1.26973],[103.796959,1.270003]]],[[[103.720931,1.355373],[103.721469,1.355432],[103.718806,1.355748],[103.718143,1.355848],[103.717247,1.356106],[103.714752,1.35715],[103.714095,1.357524],[103.713464,1.358051],[103.710423,1.360791],[103.709142,1.361912],[103.70887,1.362106],[103.708117,1.362525],[103.707736,1.36266],[103.7073,1.362783],[103.706811,1.362862],[103.706264,1.362891],[103.705693,1.362836],[103.705178,1.362723],[103.704814,1.362602],[103.704387,1.362437],[103.703744,1.362034],[103.703043,1.361431],[103.703043,1.361431],[103.70198,1.360029],[103.700939,1.358689],[103.699457,1.356993],[103.697809,1.355111],[103.697151,1.35553],[103.696636,1.355868],[103.69628,1.356102],[103.695952,1.35635],[103.695602,1.356642],[103.695212,1.357047],[103.695045,1.357306],[103.694855,1.357558],[103.694604,1.358025],[103.694307,1.358803],[103.693339,1.361584],[103.684413,1.357458],[103.680282,1.354963],[103.677905,1.35324],[103.671486,1.348383],[103.663308,1.341906],[103.663023,1.342192],[103.662848,1.34233],[103.662751,1.342451],[103.66264,1.342883],[103.662457,1.343235],[103.662306,1.343475],[103.662094,1.343664],[103.661636,1.344065],[103.661524,1.344254],[103.661434,1.344392],[103.661299,1.344669],[103.661124,1.344857],[103.660961,1.344958],[103.660751,1.345064],[103.660587,1.345172],[103.660499,1.345335],[103.660442,1.345544],[103.66041,1.345728],[103.660362,1.345913],[103.660337,1.346152],[103.660337,1.346154],[103.660374,1.346366],[103.660462,1.346593],[103.660499,1.346743],[103.660499,1.346745],[103.660449,1.346894],[103.66035,1.347003],[103.660124,1.347108],[103.659548,1.347275],[103.659225,1.347372],[103.659112,1.347473],[103.65905,1.347649],[103.659037,1.347925],[103.659024,1.348051],[103.658937,1.348215],[103.658879,1.348237],[103.658825,1.348259],[103.658575,1.348378],[103.6585,1.348504],[103.658338,1.348743],[103.658125,1.348969],[103.657875,1.34912],[103.657382,1.349368],[103.657189,1.349447],[103.656488,1.349686],[103.655914,1.349912],[103.654627,1.350327],[103.654389,1.35049],[103.654039,1.350716],[103.653877,1.350792],[103.65374,1.35083],[103.653602,1.350792],[103.653415,1.350691],[103.65314,1.350591],[103.652878,1.350553],[103.652678,1.350591],[103.65224,1.350779],[103.652003,1.350943],[103.651816,1.351182],[103.651666,1.35127],[103.651453,1.35127],[103.651178,1.351232],[103.651003,1.35127],[103.650829,1.351395],[103.650303,1.352197],[103.650204,1.352401],[103.650129,1.352917],[103.649959,1.353105],[103.649704,1.353206],[103.649392,1.353306],[103.649154,1.353269],[103.64818,1.352829],[103.647967,1.352753],[103.647755,1.352791],[103.647667,1.352904],[103.647592,1.353017],[103.647468,1.353269],[103.647205,1.353746],[103.646918,1.35435],[103.64678,1.354488],[103.64663,1.354576],[103.64643,1.354564],[103.645568,1.354375],[103.645443,1.354287],[103.645356,1.354174],[103.645281,1.353935],[103.645056,1.353734],[103.644769,1.353759],[103.644444,1.353809],[103.644244,1.353847],[103.644173,1.354087],[103.644057,1.354362],[103.643957,1.354523],[103.643899,1.354669],[103.643758,1.354902],[103.643657,1.355255],[103.643576,1.355223],[103.643332,1.355252],[103.643166,1.355306],[103.642972,1.355385],[103.642748,1.35546],[103.642525,1.355456],[103.642335,1.355439],[103.640962,1.356886],[103.640251,1.356823],[103.640294,1.356541],[103.640338,1.356233],[103.639616,1.354242],[103.639464,1.354031],[103.638833,1.352198],[103.638255,1.350516],[103.638184,1.350551],[103.638184,1.350675],[103.638167,1.350994],[103.638022,1.3513],[103.637903,1.351508],[103.637709,1.351632],[103.637211,1.351704],[103.636615,1.351638],[103.636097,1.351456],[103.635566,1.351208],[103.635177,1.350895],[103.634918,1.350621],[103.634698,1.350308],[103.634543,1.350009],[103.63452,1.349966],[103.634268,1.350084],[103.633286,1.350822],[103.633109,1.350468],[103.63406,1.349751],[103.634311,1.349521],[103.634258,1.349331],[103.63418,1.349057],[103.634063,1.348392],[103.634158,1.347523],[103.634316,1.346985],[103.634504,1.346607],[103.634703,1.346248],[103.63496,1.345899],[103.635217,1.34563],[103.635435,1.345461],[103.635673,1.345401],[103.63593,1.345421],[103.636099,1.345491],[103.636257,1.34559],[103.636415,1.345939],[103.636821,1.347005],[103.63693,1.347115],[103.637029,1.347175],[103.637158,1.347175],[103.637237,1.347135],[103.637069,1.347105],[103.63694,1.347005],[103.636871,1.346846],[103.636514,1.345889],[103.636445,1.34567],[103.636297,1.345222],[103.636109,1.344733],[103.63601,1.344644],[103.635891,1.344534],[103.635821,1.344365],[103.635812,1.344215],[103.635821,1.344086],[103.635782,1.343946],[103.635643,1.343727],[103.635521,1.343587],[103.635645,1.34347],[103.634152,1.341838],[103.634218,1.341794],[103.634604,1.342202],[103.634822,1.342043],[103.634406,1.341575],[103.634366,1.341395],[103.634366,1.341126],[103.634426,1.340977],[103.634485,1.340718],[103.634485,1.340359],[103.634446,1.34003],[103.634397,1.339815],[103.634252,1.33948],[103.634135,1.33927],[103.634087,1.339132],[103.634031,1.338991],[103.63398,1.338807],[103.633888,1.338519],[103.633842,1.338345],[103.633728,1.337996],[103.633697,1.337818],[103.633495,1.33732],[103.63329,1.33738],[103.63289,1.337323],[103.632596,1.337208],[103.632263,1.336969],[103.632101,1.336739],[103.632016,1.3365],[103.631226,1.335054],[103.631112,1.33471],[103.630932,1.334576],[103.630799,1.334451],[103.630703,1.334174],[103.630466,1.334021],[103.629477,1.332556],[103.629201,1.332461],[103.629001,1.332097],[103.62903,1.331972],[103.628992,1.331724],[103.627391,1.329289],[103.625442,1.326106],[103.624919,1.325508],[103.624728,1.325221],[103.623136,1.322708],[103.622922,1.322708],[103.622328,1.321918],[103.621496,1.320483],[103.621115,1.319884],[103.620949,1.319286],[103.620854,1.318257],[103.621068,1.318186],[103.620997,1.317731],[103.620997,1.317037],[103.620783,1.31553],[103.620735,1.314931],[103.62083,1.314692],[103.621068,1.314501],[103.621449,1.314429],[103.622186,1.313998],[103.622495,1.31407],[103.624467,1.319311],[103.626606,1.318526],[103.626129,1.317359],[103.621772,1.305385],[103.620056,1.300708],[103.619636,1.299649],[103.619312,1.298867],[103.619037,1.29815],[103.618685,1.297163],[103.618656,1.297009],[103.618086,1.297115],[103.617934,1.296196],[103.617649,1.296224],[103.617335,1.294416],[103.617601,1.294349],[103.617468,1.293573],[103.617953,1.293449],[103.618202,1.292863],[103.618392,1.292265],[103.618636,1.291633],[103.619058,1.290758],[103.619786,1.289456],[103.619462,1.289198],[103.619358,1.289159],[103.619018,1.288471],[103.618997,1.286853],[103.619177,1.286173],[103.618645,1.284948],[103.618788,1.284355],[103.618973,1.284065],[103.619147,1.283932],[103.619912,1.283609],[103.619277,1.28384],[103.619144,1.283856],[103.619005,1.283824],[103.618598,1.283398],[103.618208,1.282852],[103.618008,1.282192],[103.618008,1.281971],[103.618038,1.281113],[103.61782,1.280727],[103.616848,1.279789],[103.616442,1.279447],[103.615755,1.278975],[103.615089,1.278593],[103.614358,1.278238],[103.613828,1.278024],[103.613263,1.277875],[103.613054,1.27798],[103.612075,1.277712],[103.611456,1.277291],[103.611228,1.276927],[103.611067,1.27641],[103.610966,1.276088],[103.610134,1.273904],[103.609089,1.271098],[103.608433,1.269193],[103.607872,1.267662],[103.606964,1.265138],[103.606932,1.264871],[103.607133,1.264647],[103.607345,1.264658],[103.609886,1.264658],[103.609876,1.261152],[103.605704,1.261141],[103.605736,1.260235],[103.605656,1.260231],[103.609749,1.260193],[103.609701,1.256091],[103.609697,1.255916],[103.605734,1.255916],[103.605719,1.2557],[103.612006,1.255653],[103.612006,1.254746],[103.612006,1.252973],[103.606019,1.25293],[103.606048,1.2527],[103.608843,1.252671],[103.608772,1.249912],[103.605991,1.249915],[103.605991,1.249628],[103.608774,1.249573],[103.608788,1.246652],[103.608788,1.246624],[103.608807,1.246612],[103.606034,1.246641],[103.606034,1.246426],[103.608947,1.246392],[103.609011,1.246392],[103.612424,1.246393],[103.612424,1.243652],[103.605667,1.24377],[103.605665,1.24377],[103.605693,1.241213],[103.606052,1.241352],[103.606273,1.241296],[103.60678,1.241073],[103.607347,1.241014],[103.60816,1.240899],[103.608759,1.240798],[103.609485,1.240812],[103.609642,1.240879],[103.609974,1.240796],[103.610333,1.240852],[103.610636,1.24088],[103.610885,1.240796],[103.611134,1.240602],[103.611299,1.240296],[103.611661,1.239404],[103.612772,1.236061],[103.613069,1.234087],[103.613129,1.232531],[103.613129,1.228164],[103.612892,1.225951],[103.612654,1.224396],[103.612119,1.223917],[103.611703,1.224276],[103.611406,1.224575],[103.611703,1.22631],[103.611941,1.227925],[103.612,1.229301],[103.612119,1.23277],[103.612222,1.235293],[103.611966,1.235953],[103.611832,1.236843],[103.612032,1.237552],[103.612258,1.237579],[103.61176,1.239082],[103.61168,1.238528],[103.611195,1.238183],[103.610653,1.238241],[103.610377,1.238652],[103.610598,1.239121],[103.610551,1.239743],[103.610099,1.240007],[103.607603,1.239719],[103.607888,1.237183],[103.607437,1.236991],[103.606795,1.236489],[103.606058,1.236465],[103.606272,1.231823],[103.606451,1.231524],[103.606879,1.230997],[103.606938,1.229562],[103.607228,1.227723],[103.606711,1.226549],[103.606354,1.22613],[103.606212,1.225568],[103.606235,1.224754],[103.606473,1.224252],[103.606482,1.223855],[103.606663,1.223295],[103.606627,1.222218],[103.606522,1.222141],[103.606513,1.221969],[103.60657,1.221778],[103.606848,1.221383],[103.607061,1.221127],[103.607396,1.220994],[103.607822,1.220892],[103.607934,1.220759],[103.607934,1.220554],[103.607873,1.220422],[103.6077,1.220299],[103.607518,1.220279],[103.60722,1.220519],[103.606764,1.221065],[103.606472,1.221413],[103.606411,1.221607],[103.606299,1.22177],[103.606259,1.221954],[103.606207,1.222178],[103.605974,1.22225],[103.605893,1.222393],[103.605812,1.222598],[103.605667,1.222671],[103.605919,1.221582],[103.606164,1.22089],[103.606712,1.220117],[103.607534,1.2194],[103.608795,1.218794],[103.642445,1.210191],[103.643322,1.210357],[103.64398,1.211074],[103.644199,1.211681],[103.644136,1.212099],[103.644148,1.212637],[103.643732,1.212786],[103.643494,1.213354],[103.643168,1.213893],[103.643019,1.21467],[103.642662,1.215269],[103.642306,1.215628],[103.642217,1.215986],[103.64186,1.216435],[103.641711,1.217123],[103.641236,1.217691],[103.641117,1.218409],[103.64079,1.219157],[103.640223,1.220115],[103.639958,1.220827],[103.639385,1.221211],[103.638668,1.221009],[103.638187,1.220618],[103.635962,1.220273],[103.634744,1.220369],[103.633622,1.220369],[103.633425,1.220677],[103.633282,1.220617],[103.633248,1.220786],[103.633122,1.221042],[103.632854,1.221168],[103.632551,1.221215],[103.632622,1.220803],[103.632878,1.220707],[103.633056,1.220557],[103.63305,1.220384],[103.632914,1.220252],[103.632575,1.22024],[103.632432,1.220145],[103.631814,1.220222],[103.6316,1.220456],[103.631232,1.22042],[103.630911,1.22027],[103.630697,1.220318],[103.630328,1.220132],[103.630019,1.220132],[103.629847,1.220067],[103.629764,1.220132],[103.629098,1.220138],[103.628587,1.220261],[103.628278,1.220119],[103.62765,1.220014],[103.626852,1.219909],[103.626547,1.219837],[103.625977,1.219751],[103.625197,1.219832],[103.624798,1.220081],[103.624436,1.219908],[103.623581,1.219621],[103.623105,1.219047],[103.622934,1.218798],[103.622896,1.217745],[103.622268,1.217228],[103.62128,1.216999],[103.620348,1.217094],[103.619853,1.217324],[103.619435,1.217266],[103.619111,1.217075],[103.617791,1.217224],[103.617119,1.217429],[103.616464,1.217613],[103.615573,1.217912],[103.615222,1.218344],[103.615293,1.220091],[103.615459,1.220354],[103.615436,1.220761],[103.615388,1.221287],[103.615231,1.22145],[103.615237,1.224694],[103.615609,1.224953],[103.615671,1.225411],[103.615691,1.225847],[103.61565,1.226658],[103.615712,1.227552],[103.615753,1.228508],[103.615646,1.229462],[103.615691,1.230171],[103.615588,1.230462],[103.620606,1.230462],[103.620813,1.230712],[103.620859,1.231647],[103.642803,1.23175],[103.642822,1.232316],[103.633126,1.232208],[103.632506,1.233108],[103.633219,1.236888],[103.633242,1.237827],[103.646866,1.237553],[103.646806,1.238032],[103.617384,1.238167],[103.617339,1.245268],[103.637436,1.245021],[103.64458,1.248123],[103.644371,1.253996],[103.617371,1.253959],[103.617382,1.260569],[103.630695,1.260618],[103.643335,1.260865],[103.643283,1.269664],[103.642475,1.269696],[103.642254,1.269776],[103.639757,1.269769],[103.639783,1.270382],[103.639954,1.273131],[103.640162,1.275436],[103.640438,1.27908],[103.640691,1.27906],[103.640665,1.278718],[103.640829,1.278705],[103.64107,1.278687],[103.641214,1.278676],[103.641225,1.278821],[103.641232,1.278918],[103.641268,1.279396],[103.642101,1.279332],[103.645314,1.279083],[103.645561,1.279077],[103.645801,1.279086],[103.646049,1.279107],[103.646288,1.279133],[103.646529,1.279163],[103.646756,1.279213],[103.646997,1.279291],[103.647224,1.279372],[103.64745,1.279468],[103.647684,1.279581],[103.647887,1.279696],[103.648087,1.279817],[103.648292,1.279963],[103.648482,1.28011],[103.648663,1.280263],[103.64884,1.280436],[103.649014,1.280621],[103.649167,1.280807],[103.649319,1.280999],[103.649459,1.281205],[103.649581,1.281412],[103.649697,1.281624],[103.649805,1.281852],[103.6499,1.282085],[103.649972,1.282305],[103.650043,1.282557],[103.650095,1.282788],[103.65014,1.283026],[103.650174,1.283276],[103.650193,1.28352],[103.6502,1.283759],[103.650195,1.283999],[103.650174,1.284257],[103.650147,1.284492],[103.650097,1.284734],[103.650039,1.284972],[103.649965,1.285209],[103.649885,1.285437],[103.649796,1.285657],[103.64969,1.285877],[103.648964,1.287215],[103.648264,1.288502],[103.647992,1.289027],[103.647893,1.289177],[103.647897,1.289182],[103.647739,1.289241],[103.647663,1.289442],[103.647716,1.289516],[103.64771,1.289526],[103.647658,1.289585],[103.647644,1.289636],[103.647622,1.289692],[103.646664,1.291471],[103.646893,1.291595],[103.645513,1.294151],[103.645295,1.294007],[103.643221,1.297893],[103.643079,1.29785],[103.642893,1.29795],[103.642808,1.29818],[103.642722,1.298467],[103.642708,1.298682],[103.642679,1.298955],[103.642579,1.299099],[103.642337,1.299472],[103.642266,1.299687],[103.642237,1.299888],[103.641966,1.300376],[103.641738,1.30062],[103.641495,1.301051],[103.641367,1.301568],[103.641281,1.301869],[103.641139,1.302099],[103.640853,1.302444],[103.640568,1.303032],[103.640425,1.303463],[103.640111,1.30408],[103.639755,1.304568],[103.639384,1.305114],[103.639056,1.30576],[103.638941,1.306234],[103.638314,1.307253],[103.638171,1.307583],[103.637986,1.307856],[103.637786,1.308201],[103.636662,1.309232],[103.635962,1.310057],[103.635142,1.311025],[103.635197,1.311492],[103.635061,1.311805],[103.635061,1.312138],[103.635696,1.313327],[103.636169,1.314174],[103.636208,1.314448],[103.637418,1.316118],[103.636519,1.316969],[103.636633,1.317091],[103.637492,1.31627],[103.637525,1.316316],[103.637805,1.316046],[103.63796,1.315891],[103.638195,1.315671],[103.638453,1.315419],[103.638622,1.31527],[103.638692,1.315173],[103.638834,1.315156],[103.63896,1.315152],[103.639867,1.314301],[103.639857,1.314121],[103.639562,1.313811],[103.639612,1.31376],[103.639952,1.3141],[103.640148,1.313918],[103.639987,1.313755],[103.639812,1.313572],[103.639912,1.313458],[103.639949,1.31349],[103.63997,1.313461],[103.640089,1.313577],[103.640144,1.313519],[103.640165,1.313548],[103.640271,1.313467],[103.640424,1.313324],[103.640456,1.31336],[103.640641,1.313188],[103.640721,1.313111],[103.640778,1.313056],[103.640822,1.313013],[103.640844,1.313016],[103.640987,1.31295],[103.64109,1.312915],[103.641231,1.312868],[103.64128,1.312843],[103.641332,1.31281],[103.641441,1.312706],[103.641612,1.312542],[103.641587,1.312513],[103.641904,1.31221],[103.642529,1.311672],[103.642664,1.311643],[103.643106,1.311335],[103.643389,1.311043],[103.643877,1.311414],[103.643848,1.311485],[103.643855,1.311607],[103.643948,1.311722],[103.644176,1.31193],[103.644219,1.31206],[103.644359,1.312177],[103.644447,1.312081],[103.644704,1.312282],[103.64464,1.312383],[103.644899,1.312604],[103.645217,1.312727],[103.646134,1.31366],[103.645492,1.314314],[103.645669,1.314492],[103.646368,1.313906],[103.647672,1.315275],[103.647642,1.315326],[103.648719,1.316417],[103.648933,1.316618],[103.649033,1.316805],[103.649177,1.31694],[103.649311,1.316934],[103.649712,1.317443],[103.650271,1.317059],[103.650317,1.317102],[103.650489,1.316937],[103.650874,1.316519],[103.65093,1.316583],[103.651001,1.316497],[103.650951,1.316417],[103.651772,1.315678],[103.651715,1.31552],[103.651736,1.315441],[103.651822,1.315348],[103.651914,1.315298],[103.651857,1.31519],[103.651864,1.315068],[103.651437,1.314622],[103.651401,1.314472],[103.651247,1.314318],[103.65113,1.314286],[103.650452,1.313625],[103.650381,1.313453],[103.650231,1.313252],[103.649276,1.312283],[103.648806,1.311851],[103.64889,1.311759],[103.648398,1.311163],[103.648249,1.311055],[103.648134,1.311033],[103.647999,1.310868],[103.647863,1.310739],[103.647878,1.310653],[103.647792,1.310531],[103.647614,1.310531],[103.647493,1.310337],[103.647207,1.310086],[103.647122,1.310136],[103.647015,1.310122],[103.646894,1.310021],[103.646793,1.309878],[103.646694,1.309842],[103.646551,1.309662],[103.646363,1.309386],[103.646369,1.309233],[103.646176,1.309],[103.646161,1.308677],[103.646204,1.308543],[103.646613,1.307879],[103.647202,1.3073],[103.64769,1.306897],[103.64777,1.306729],[103.64876,1.305791],[103.648855,1.305703],[103.6495,1.305134],[103.649648,1.305308],[103.64975,1.305227],[103.649597,1.305059],[103.64975,1.304898],[103.649856,1.304794],[103.650136,1.305099],[103.650026,1.305188],[103.650893,1.306067],[103.65116,1.306229],[103.651305,1.30649],[103.651353,1.306643],[103.65257,1.307973],[103.652807,1.308069],[103.653007,1.308261],[103.65314,1.308442],[103.653597,1.309017],[103.653432,1.309251],[103.653521,1.309361],[103.653901,1.308998],[103.656228,1.311471],[103.656806,1.310883],[103.657162,1.31121],[103.657109,1.310958],[103.657021,1.310784],[103.657108,1.310547],[103.657424,1.310028],[103.655989,1.308648],[103.655874,1.30859],[103.655466,1.308059],[103.654759,1.307284],[103.654019,1.306504],[103.654702,1.305834],[103.654488,1.305595],[103.653775,1.306253],[103.653715,1.30616],[103.653853,1.306002],[103.65387,1.30593],[103.653793,1.305852],[103.653609,1.306002],[103.653278,1.305479],[103.652818,1.305194],[103.652842,1.30514],[103.652818,1.305027],[103.652177,1.304264],[103.651242,1.303265],[103.649806,1.301729],[103.650842,1.300468],[103.653362,1.30261],[103.653725,1.302161],[103.651211,1.300025],[103.651371,1.299828],[103.651436,1.29987],[103.651704,1.299529],[103.651662,1.299487],[103.651769,1.299343],[103.653797,1.3011],[103.654942,1.299632],[103.655023,1.299531],[103.655157,1.299637],[103.655835,1.298793],[103.656084,1.299015],[103.656464,1.298948],[103.657464,1.297822],[103.65603,1.296594],[103.656306,1.296232],[103.656592,1.295869],[103.658222,1.297265],[103.659174,1.296125],[103.658687,1.295688],[103.658882,1.295537],[103.658775,1.295338],[103.66478,1.291853],[103.665376,1.29072],[103.665479,1.290776],[103.665545,1.290677],[103.665187,1.290397],[103.665856,1.289641],[103.665826,1.289594],[103.666585,1.288678],[103.668374,1.29017],[103.671507,1.292727],[103.672458,1.293436],[103.672868,1.293587],[103.673121,1.293929],[103.673249,1.294045],[103.673412,1.294208],[103.673476,1.294326],[103.674432,1.295331],[103.674711,1.295032],[103.674914,1.295205],[103.674355,1.295792],[103.674171,1.295618],[103.67404,1.295756],[103.674266,1.295971],[103.673642,1.296647],[103.673332,1.296354],[103.673231,1.296605],[103.673184,1.296772],[103.673225,1.296844],[103.672904,1.297128],[103.672703,1.297224],[103.672343,1.297629],[103.671962,1.298002],[103.671761,1.298236],[103.671472,1.298537],[103.671258,1.298758],[103.671062,1.29892],[103.670927,1.298977],[103.670854,1.299022],[103.670806,1.299165],[103.67067,1.299458],[103.670527,1.299632],[103.670432,1.299626],[103.670206,1.299823],[103.669641,1.300427],[103.669534,1.300457],[103.669451,1.300553],[103.669285,1.301851],[103.669207,1.302407],[103.669136,1.302993],[103.669129,1.303163],[103.669127,1.303241],[103.668943,1.303215],[103.668921,1.303408],[103.669119,1.303434],[103.66901,1.304305],[103.669029,1.304554],[103.668796,1.306344],[103.671152,1.306606],[103.671149,1.306625],[103.672732,1.306826],[103.672847,1.305873],[103.672833,1.305716],[103.672817,1.305716],[103.672836,1.305671],[103.672844,1.305652],[103.672852,1.305633],[103.672855,1.305611],[103.672861,1.305594],[103.672894,1.305228],[103.672872,1.305038],[103.672811,1.304949],[103.672833,1.304718],[103.672913,1.304252],[103.672922,1.303993],[103.672827,1.303993],[103.672886,1.303568],[103.672981,1.302605],[103.673029,1.302479],[103.673118,1.302521],[103.673077,1.302617],[103.673195,1.302659],[103.673264,1.302231],[103.673645,1.301859],[103.674355,1.301089],[103.674523,1.301237],[103.674927,1.300789],[103.674776,1.300616],[103.677791,1.297384],[103.678479,1.296601],[103.679571,1.295369],[103.679763,1.295562],[103.678661,1.296767],[103.679094,1.297163],[103.679216,1.29704],[103.679767,1.297588],[103.680096,1.297228],[103.681884,1.298027],[103.681786,1.298808],[103.681766,1.299131],[103.681739,1.299191],[103.681667,1.299254],[103.681602,1.299289],[103.681718,1.299562],[103.681816,1.299642],[103.681786,1.299669],[103.681764,1.29975],[103.681766,1.300022],[103.681691,1.300055],[103.681661,1.300327],[103.681712,1.30033],[103.681629,1.301201],[103.681519,1.302158],[103.681578,1.302161],[103.68154,1.302487],[103.681477,1.302481],[103.681403,1.302947],[103.68132,1.303656],[103.681308,1.303893],[103.681076,1.304],[103.681013,1.304039],[103.6811,1.304248],[103.681106,1.304308],[103.6811,1.304356],[103.680199,1.304739],[103.680119,1.304838],[103.680131,1.304891],[103.680288,1.304903],[103.680996,1.304589],[103.681043,1.304583],[103.68105,1.304623],[103.681043,1.304822],[103.681064,1.304883],[103.681038,1.304941],[103.681043,1.305041],[103.681105,1.305079],[103.681038,1.305572],[103.681347,1.3055],[103.681352,1.305591],[103.681038,1.305673],[103.680951,1.306383],[103.680987,1.306393],[103.680976,1.306458],[103.68091,1.306462],[103.680881,1.306788],[103.680938,1.306797],[103.680914,1.307046],[103.67933,1.307725],[103.679471,1.308015],[103.679655,1.30796],[103.680857,1.307419],[103.680677,1.308539],[103.680672,1.308635],[103.68063,1.308713],[103.680715,1.308664],[103.680743,1.308683],[103.680795,1.308951],[103.68101,1.309066],[103.681427,1.309281],[103.681304,1.309643],[103.681243,1.309821],[103.681241,1.309915],[103.681298,1.309969],[103.681106,1.310513],[103.681179,1.31055],[103.681395,1.309951],[103.68155,1.309965],[103.681613,1.309962],[103.68175,1.309902],[103.681977,1.309259],[103.682298,1.309014],[103.682375,1.308997],[103.682494,1.308937],[103.682498,1.308826],[103.683373,1.308822],[103.683376,1.308501],[103.682691,1.308517],[103.682558,1.308513],[103.682567,1.308458],[103.682659,1.30766],[103.682851,1.307591],[103.682864,1.307542],[103.682856,1.307342],[103.682787,1.307245],[103.68273,1.307228],[103.68273,1.307175],[103.682755,1.306997],[103.683923,1.307015],[103.683927,1.306812],[103.682773,1.306808],[103.68281,1.30654],[103.682938,1.306439],[103.683615,1.306461],[103.683611,1.306227],[103.682952,1.306264],[103.682897,1.306175],[103.682886,1.306131],[103.682878,1.306076],[103.682884,1.306034],[103.68296,1.305932],[103.682998,1.305844],[103.683488,1.305835],[103.683488,1.305688],[103.683057,1.305701],[103.683011,1.305669],[103.682975,1.3056],[103.682988,1.30535],[103.682988,1.305346],[103.682986,1.305194],[103.682989,1.305194],[103.682979,1.305015],[103.682998,1.304835],[103.683007,1.304609],[103.683089,1.304356],[103.683108,1.304176],[103.683157,1.303901],[103.683208,1.303812],[103.683484,1.300886],[103.683552,1.300712],[103.683689,1.29942],[103.683731,1.299127],[103.684216,1.299174],[103.686681,1.299599],[103.68775,1.299747],[103.687741,1.299835],[103.687762,1.299861],[103.687812,1.299857],[103.687851,1.299869],[103.68788,1.299863],[103.687918,1.299841],[103.687964,1.299838],[103.688144,1.29983],[103.688297,1.299855],[103.688317,1.299838],[103.688342,1.299863],[103.688423,1.299868],[103.688564,1.299858],[103.688668,1.299846],[103.688727,1.299852],[103.68876,1.299879],[103.688772,1.299913],[103.688768,1.299966],[103.688814,1.299993],[103.688842,1.300018],[103.688878,1.299986],[103.689061,1.299952],[103.689122,1.299944],[103.689209,1.299949],[103.689664,1.299929],[103.68985,1.299916],[103.689979,1.299914],[103.690048,1.299913],[103.690386,1.29988],[103.690882,1.299877],[103.690919,1.299898],[103.690946,1.299924],[103.691075,1.299924],[103.691509,1.300021],[103.691921,1.30014],[103.691992,1.300163],[103.692293,1.300262],[103.692527,1.300347],[103.692571,1.300291],[103.692624,1.30026],[103.69267,1.30028],[103.692677,1.300333],[103.69273,1.30044],[103.693025,1.300593],[103.693778,1.300947],[103.693819,1.302278],[103.693864,1.302732],[103.693828,1.303334],[103.6938,1.303671],[103.693778,1.303793],[103.6936,1.303937],[103.693561,1.304357],[103.693595,1.304918],[103.693586,1.305179],[103.693728,1.305631],[103.69375,1.305803],[103.693707,1.305896],[103.693878,1.306349],[103.693921,1.306464],[103.694242,1.30693],[103.694805,1.307569],[103.694919,1.30772],[103.695205,1.307663],[103.695642,1.306629],[103.695539,1.306589],[103.695357,1.306497],[103.695166,1.306322],[103.694963,1.306222],[103.694753,1.306126],[103.694534,1.305925],[103.694515,1.305513],[103.694477,1.305207],[103.694572,1.304498],[103.694797,1.30436],[103.695671,1.304592],[103.695711,1.304366],[103.69483,1.304129],[103.695086,1.303547],[103.695133,1.303251],[103.695328,1.301535],[103.695388,1.300864],[103.695389,1.300726],[103.695442,1.300401],[103.695504,1.299623],[103.699437,1.299536],[103.699422,1.300162],[103.699391,1.300315],[103.699452,1.301002],[103.699369,1.301006],[103.69937,1.30122],[103.699482,1.301215],[103.699512,1.302147],[103.699542,1.302666],[103.699527,1.303368],[103.699512,1.303353],[103.699427,1.303444],[103.699265,1.303665],[103.699025,1.303836],[103.698731,1.304047],[103.698552,1.304109],[103.698537,1.304234],[103.698405,1.304452],[103.698253,1.304726],[103.698133,1.304991],[103.698033,1.305085],[103.697971,1.30521],[103.697932,1.305342],[103.697761,1.30546],[103.697647,1.305581],[103.697541,1.305719],[103.697234,1.306045],[103.697189,1.306174],[103.696993,1.30638],[103.6968,1.306607],[103.696745,1.306536],[103.69659,1.306622],[103.696621,1.306708],[103.696328,1.306864],[103.696009,1.306772],[103.695738,1.306666],[103.695316,1.307673],[103.695392,1.30768],[103.695518,1.307756],[103.69636,1.307785],[103.69661,1.307763],[103.696738,1.307763],[103.69684,1.307754],[103.697026,1.307799],[103.697207,1.307799],[103.69741,1.307878],[103.697494,1.307918],[103.698157,1.308618],[103.698245,1.308436],[103.697618,1.307731],[103.69763,1.30751],[103.697692,1.307039],[103.697731,1.306891],[103.697827,1.306732],[103.697968,1.306494],[103.698143,1.306312],[103.698413,1.306108],[103.698963,1.305588],[103.69896,1.305291],[103.699107,1.305172],[103.699158,1.305087],[103.699253,1.305019],[103.699344,1.304996],[103.699461,1.304966],[103.699623,1.304954],[103.699808,1.305006],[103.699961,1.304946],[103.700003,1.304796],[103.701388,1.304102],[103.701424,1.304179],[103.701787,1.304252],[103.702309,1.303946],[103.702331,1.301867],[103.7086,1.302094],[103.708557,1.303434],[103.708447,1.303805],[103.708465,1.306356],[103.708447,1.306896],[103.708434,1.307611],[103.708489,1.307719],[103.709834,1.307752],[103.70983,1.307917],[103.709953,1.308004],[103.710007,1.307955],[103.710604,1.308279],[103.7107,1.308276],[103.710896,1.308339],[103.711059,1.308082],[103.711193,1.307845],[103.711275,1.307641],[103.711349,1.307415],[103.711396,1.307228],[103.711434,1.306976],[103.711434,1.306958],[103.711424,1.305861],[103.711376,1.302505],[103.71134,1.299587],[103.711277,1.29188],[103.711071,1.291827],[103.710876,1.291762],[103.710135,1.291755],[103.710018,1.291782],[103.70966,1.291998],[103.709426,1.292122],[103.709231,1.292207],[103.709114,1.292305],[103.708991,1.292462],[103.708893,1.292672],[103.708812,1.292691],[103.708707,1.29271],[103.708636,1.292627],[103.708359,1.292628],[103.707604,1.292691],[103.706934,1.292649],[103.706355,1.292579],[103.705977,1.292335],[103.70553,1.292164],[103.704832,1.29134],[103.704712,1.291085],[103.704421,1.291107],[103.704084,1.291004],[103.703518,1.290477],[103.703371,1.290245],[103.70335,1.289823],[103.700193,1.284833],[103.69933,1.283986],[103.699202,1.283799],[103.698222,1.282881],[103.697825,1.282696],[103.697786,1.282413],[103.697651,1.282345],[103.697264,1.282354],[103.696731,1.282043],[103.696609,1.281482],[103.696467,1.28124],[103.696262,1.281164],[103.696162,1.281065],[103.696401,1.280896],[103.696313,1.280805],[103.695928,1.279644],[103.695785,1.279537],[103.695691,1.279537],[103.695667,1.279608],[103.69562,1.279727],[103.695501,1.279704],[103.69543,1.279477],[103.695525,1.279203],[103.695774,1.278845],[103.695999,1.278285],[103.696129,1.277999],[103.695963,1.277785],[103.695762,1.277761],[103.695525,1.277749],[103.695347,1.277665],[103.695383,1.277403],[103.69543,1.277093],[103.695584,1.277069],[103.695513,1.276962],[103.695087,1.27701],[103.694874,1.277093],[103.694743,1.277081],[103.694649,1.277022],[103.694376,1.276783],[103.693405,1.276104],[103.692167,1.277126],[103.69209,1.277084],[103.691051,1.275963],[103.689533,1.273603],[103.688326,1.272309],[103.683975,1.276315],[103.68526,1.277341],[103.688789,1.280846],[103.688749,1.280933],[103.688889,1.281178],[103.688349,1.283237],[103.688519,1.283282],[103.688957,1.281603],[103.689335,1.281388],[103.690752,1.282805],[103.691098,1.284225],[103.691279,1.285027],[103.6939,1.288042],[103.694269,1.288465],[103.695556,1.28995],[103.695599,1.290008],[103.695632,1.290072],[103.695654,1.29014],[103.695666,1.290212],[103.695666,1.290284],[103.695654,1.290355],[103.695632,1.290423],[103.695598,1.290487],[103.695556,1.290545],[103.695504,1.290596],[103.695446,1.290637],[103.695381,1.290668],[103.695312,1.290689],[103.695241,1.290699],[103.694957,1.290714],[103.694297,1.290639],[103.692743,1.290597],[103.691531,1.290514],[103.691429,1.290507],[103.689823,1.290718],[103.687796,1.29058],[103.68743,1.29052],[103.687066,1.290451],[103.686704,1.290373],[103.686344,1.290285],[103.685986,1.290189],[103.685631,1.290083],[103.685279,1.289969],[103.684929,1.289846],[103.684583,1.289714],[103.68424,1.289573],[103.683899,1.289423],[103.683564,1.289265],[103.679478,1.286846],[103.677922,1.285896],[103.676351,1.284937],[103.676257,1.284871],[103.675918,1.284633],[103.675392,1.284262],[103.675206,1.284131],[103.675191,1.284121],[103.675169,1.284105],[103.674843,1.283876],[103.66861,1.279483],[103.66841,1.279785],[103.666599,1.278507],[103.666784,1.278205],[103.666457,1.277975],[103.666385,1.278062],[103.665201,1.277243],[103.665273,1.277129],[103.660657,1.27389],[103.658311,1.276842],[103.653272,1.273587],[103.653462,1.266504],[103.658696,1.255775],[103.660468,1.25214],[103.665108,1.242627],[103.665099,1.242581],[103.665142,1.242408],[103.668712,1.234901],[103.668861,1.234751],[103.669118,1.2346],[103.672623,1.2346],[103.672879,1.234514],[103.67305,1.234364],[103.673793,1.23277],[103.674433,1.23223],[103.674958,1.232233],[103.675612,1.230774],[103.675363,1.23063],[103.675597,1.230162],[103.675874,1.230295],[103.676575,1.228895],[103.676646,1.228728],[103.676623,1.228548],[103.676501,1.228354],[103.6761,1.227998],[103.676123,1.227795],[103.676088,1.227567],[103.675986,1.227331],[103.672249,1.223595],[103.672058,1.223571],[103.671856,1.223643],[103.671731,1.223812],[103.670097,1.227101],[103.669966,1.228297],[103.669869,1.228478],[103.669641,1.228439],[103.669603,1.228057],[103.669831,1.226871],[103.671541,1.223353],[103.671959,1.222971],[103.672529,1.222703],[103.673069,1.22259],[103.67382,1.222741],[103.674352,1.223047],[103.679677,1.228477],[103.679737,1.228417],[103.680033,1.228729],[103.679963,1.228812],[103.682919,1.231772],[103.682829,1.231847],[103.682935,1.231985],[103.682958,1.232111],[103.68295,1.232198],[103.682558,1.233168],[103.687004,1.23758],[103.687802,1.236816],[103.689733,1.238683],[103.690054,1.239173],[103.69031,1.239799],[103.690446,1.240202],[103.690494,1.240549],[103.690461,1.241826],[103.690101,1.243121],[103.68896,1.247021],[103.688603,1.248278],[103.68687,1.25451],[103.685913,1.257733],[103.684722,1.258824],[103.68012,1.26306],[103.680416,1.263386],[103.68497,1.268399],[103.687983,1.26564],[103.688288,1.265387],[103.688372,1.265269],[103.689085,1.264608],[103.689094,1.264601],[103.692671,1.261313],[103.692705,1.261282],[103.693529,1.260528],[103.694119,1.258294],[103.694544,1.257062],[103.694725,1.256414],[103.696246,1.250946],[103.699931,1.25225],[103.706302,1.254643],[103.707356,1.255159],[103.713905,1.258775],[103.714116,1.259051],[103.714186,1.259267],[103.714211,1.259451],[103.714197,1.259636],[103.714161,1.259776],[103.714104,1.259914],[103.71403,1.260027],[103.713948,1.260118],[103.713839,1.260223],[103.710561,1.26207],[103.70978,1.262808],[103.7094,1.263028],[103.704854,1.265612],[103.704882,1.265717],[103.705032,1.265996],[103.705173,1.266281],[103.705302,1.266571],[103.70542,1.266866],[103.705527,1.267165],[103.705623,1.267468],[103.705672,1.267615],[103.70573,1.267758],[103.705799,1.267897],[103.705876,1.268031],[103.705962,1.268159],[103.706057,1.268281],[103.70616,1.268396],[103.70627,1.268504],[103.706387,1.268604],[103.706672,1.268815],[103.708665,1.267692],[103.708715,1.26767],[103.708769,1.267658],[103.708823,1.267657],[103.708877,1.267666],[103.708928,1.267686],[103.708974,1.267716],[103.709013,1.267754],[103.709044,1.267798],[103.710042,1.269579],[103.710476,1.268691],[103.710704,1.268216],[103.710701,1.267675],[103.710688,1.267283],[103.710688,1.266987],[103.710802,1.266737],[103.711493,1.26636],[103.714195,1.264894],[103.715148,1.264381],[103.715623,1.264124],[103.716099,1.26387],[103.716831,1.263473],[103.716718,1.263264],[103.71651,1.263377],[103.716436,1.263212],[103.717108,1.262847],[103.71778,1.262482],[103.717866,1.262641],[103.717668,1.262748],[103.717779,1.262953],[103.718517,1.262309],[103.718802,1.262072],[103.718992,1.26191],[103.719213,1.261721],[103.719286,1.261658],[103.719237,1.261563],[103.719314,1.261521],[103.719313,1.261519],[103.720396,1.260931],[103.720398,1.260934],[103.720473,1.260893],[103.720477,1.260895],[103.720481,1.260895],[103.720549,1.261022],[103.720632,1.260991],[103.720688,1.260984],[103.720668,1.260948],[103.720645,1.260907],[103.720647,1.2609],[103.720702,1.26087],[103.720713,1.260869],[103.721824,1.260731],[103.722715,1.259977],[103.723393,1.259942],[103.724106,1.260193],[103.724842,1.260596],[103.725375,1.26076],[103.729315,1.262649],[103.73008,1.263279],[103.730266,1.263513],[103.730312,1.263746],[103.730254,1.263842],[103.730159,1.263986],[103.730057,1.264073],[103.729883,1.26413],[103.72974,1.264464],[103.72974,1.26529],[103.729911,1.26636],[103.729911,1.266704],[103.729797,1.266972],[103.729588,1.267183],[103.729179,1.267393],[103.728875,1.267549],[103.72855,1.267642],[103.728181,1.267824],[103.728009,1.267881],[103.727808,1.267899],[103.727623,1.267992],[103.726788,1.268389],[103.726545,1.268446],[103.726278,1.268599],[103.725908,1.268724],[103.725613,1.269039],[103.725404,1.269193],[103.725204,1.269231],[103.725014,1.269231],[103.724396,1.268982],[103.724196,1.268934],[103.723892,1.268886],[103.723702,1.268867],[103.723369,1.268912],[103.723411,1.268953],[103.723318,1.268984],[103.722719,1.26892],[103.722563,1.268929],[103.722084,1.269056],[103.721765,1.26915],[103.720894,1.269511],[103.719663,1.270261],[103.716817,1.271894],[103.715361,1.27271],[103.715055,1.272884],[103.715075,1.273119],[103.717123,1.271974],[103.718732,1.271064],[103.719224,1.270756],[103.720308,1.27012],[103.720987,1.269732],[103.721851,1.269338],[103.722609,1.269143],[103.723704,1.269234],[103.726,1.271433],[103.725514,1.271929],[103.725651,1.272055],[103.725801,1.271879],[103.726196,1.27151],[103.726292,1.27151],[103.726384,1.271582],[103.726534,1.271548],[103.726696,1.271485],[103.726895,1.271418],[103.727032,1.271347],[103.727065,1.271327],[103.727166,1.271275],[103.727435,1.271178],[103.727616,1.271108],[103.727992,1.270994],[103.72809,1.271007],[103.728182,1.271053],[103.728675,1.270921],[103.728662,1.270829],[103.729154,1.27069],[103.729187,1.270776],[103.729266,1.270683],[103.729437,1.270597],[103.729837,1.270492],[103.730093,1.270426],[103.730284,1.270341],[103.730514,1.270181],[103.73073,1.270128],[103.731059,1.270102],[103.731459,1.270069],[103.731774,1.270089],[103.731914,1.270131],[103.732847,1.269222],[103.734706,1.270098],[103.734786,1.270132],[103.73487,1.270156],[103.736012,1.270333],[103.736051,1.270341],[103.736957,1.270565],[103.737031,1.270587],[103.737111,1.270617],[103.737434,1.270807],[103.738433,1.271394],[103.738502,1.271441],[103.739044,1.27191],[103.739674,1.27245],[103.739742,1.272525],[103.739769,1.272567],[103.740021,1.272856],[103.740157,1.273092],[103.740192,1.273267],[103.740218,1.273457],[103.740208,1.273595],[103.740139,1.273738],[103.740003,1.273891],[103.73825,1.275682],[103.737711,1.276224],[103.737798,1.276338],[103.737412,1.276779],[103.737285,1.276678],[103.737278,1.276684],[103.737053,1.277014],[103.736814,1.277241],[103.736594,1.277415],[103.736155,1.27789],[103.735916,1.278098],[103.735703,1.278218],[103.73543,1.278312],[103.734977,1.278368],[103.734905,1.278428],[103.734706,1.278472],[103.734466,1.27858],[103.734154,1.2787],[103.733874,1.278747],[103.733354,1.278762],[103.733124,1.278794],[103.732782,1.278782],[103.732781,1.278704],[103.732451,1.278749],[103.732208,1.278771],[103.732042,1.278871],[103.731612,1.279238],[103.731864,1.279547],[103.731524,1.279861],[103.731314,1.279602],[103.731204,1.279722],[103.73091,1.279418],[103.730653,1.279861],[103.730822,1.280044],[103.730687,1.28019],[103.730874,1.280394],[103.730679,1.280551],[103.730509,1.280369],[103.730318,1.280565],[103.730509,1.280796],[103.730342,1.280953],[103.730123,1.280733],[103.729833,1.280975],[103.729603,1.280705],[103.729168,1.281023],[103.72896,1.281435],[103.72883,1.281625],[103.728745,1.281717],[103.728661,1.28188],[103.728479,1.282096],[103.728186,1.282397],[103.727614,1.282956],[103.727442,1.283166],[103.726587,1.28415],[103.726477,1.2842],[103.726372,1.284969],[103.726326,1.285488],[103.726254,1.285954],[103.726183,1.286392],[103.726047,1.286902],[103.725865,1.287345],[103.725754,1.28762],[103.725605,1.287993],[103.725409,1.288366],[103.725182,1.288733],[103.725039,1.288981],[103.72487,1.289236],[103.724642,1.289492],[103.724414,1.289681],[103.72316,1.290327],[103.722347,1.290765],[103.721714,1.291107],[103.721643,1.291143],[103.721591,1.291154],[103.721531,1.29113],[103.721366,1.291204],[103.721287,1.29122],[103.721153,1.291251],[103.720942,1.291265],[103.720725,1.291253],[103.720523,1.291196],[103.720323,1.29111],[103.720145,1.290997],[103.719983,1.290856],[103.719545,1.290415],[103.719205,1.290071],[103.719148,1.290013],[103.718984,1.289922],[103.718871,1.290013],[103.718981,1.290209],[103.719969,1.291185],[103.71998,1.291284],[103.719789,1.291477],[103.71955,1.291499],[103.719496,1.291543],[103.719413,1.291579],[103.719271,1.291606],[103.718094,1.291881],[103.718047,1.291887],[103.717998,1.291884],[103.717952,1.291871],[103.717908,1.29185],[103.71787,1.29182],[103.717838,1.291783],[103.717814,1.291741],[103.717798,1.291695],[103.717607,1.290864],[103.717532,1.290639],[103.717502,1.290608],[103.717444,1.290586],[103.717384,1.290578],[103.717329,1.290583],[103.717266,1.290603],[103.717157,1.290622],[103.717105,1.290616],[103.717064,1.290578],[103.716321,1.290751],[103.716297,1.290809],[103.716217,1.29084],[103.716127,1.290892],[103.716017,1.290936],[103.715744,1.290999],[103.715314,1.291104],[103.71479,1.291198],[103.714524,1.291235],[103.713517,1.291497],[103.713463,1.291509],[103.713432,1.291561],[103.713425,1.291612],[103.7134,1.291708],[103.713352,1.291717],[103.713241,1.291714],[103.712529,1.291714],[103.71238,1.291839],[103.712221,1.29205],[103.712106,1.292207],[103.712017,1.292367],[103.711941,1.292571],[103.711881,1.292821],[103.711865,1.293176],[103.711919,1.299613],[103.715416,1.299584],[103.718486,1.299543],[103.721797,1.29951],[103.721948,1.299507],[103.721928,1.299774],[103.720397,1.299789],[103.720392,1.299949],[103.720851,1.300544],[103.720856,1.300688],[103.720795,1.300822],[103.720698,1.300909],[103.720917,1.301176],[103.717808,1.303867],[103.715349,1.305924],[103.714589,1.30655],[103.714257,1.306202],[103.713748,1.306393],[103.71289,1.3064],[103.712679,1.306448],[103.712567,1.306523],[103.712238,1.307121],[103.712234,1.307213],[103.712229,1.307641],[103.712192,1.307705],[103.712202,1.308888],[103.712309,1.308781],[103.712718,1.308834],[103.712715,1.308457],[103.715846,1.308413],[103.722447,1.302779],[103.727881,1.300112],[103.728047,1.300251],[103.727619,1.301558],[103.725919,1.306523],[103.725573,1.306425],[103.725933,1.305285],[103.724067,1.304687],[103.723238,1.30541],[103.724773,1.308987],[103.724895,1.308954],[103.724971,1.308993],[103.725541,1.310625],[103.72543,1.310751],[103.725893,1.312002],[103.725932,1.312198],[103.725973,1.312336],[103.725997,1.312461],[103.726015,1.312575],[103.726122,1.312653],[103.7263,1.312718],[103.727721,1.312443],[103.72771,1.312341],[103.727642,1.31171],[103.727558,1.311307],[103.727407,1.310666],[103.727449,1.31032],[103.72746,1.309812],[103.727361,1.309382],[103.72756,1.308685],[103.727774,1.307972],[103.727966,1.307984],[103.728387,1.307977],[103.728378,1.307814],[103.727974,1.307782],[103.727836,1.307776],[103.727873,1.307574],[103.728626,1.307709],[103.728643,1.307546],[103.727945,1.307391],[103.728,1.307231],[103.728091,1.307262],[103.728464,1.307369],[103.728525,1.307182],[103.728167,1.30706],[103.728063,1.307017],[103.728222,1.306486],[103.728372,1.306399],[103.728635,1.306886],[103.728763,1.306814],[103.728599,1.306354],[103.728568,1.306283],[103.728568,1.306192],[103.728644,1.306115],[103.728749,1.306158],[103.728911,1.306072],[103.728568,1.305417],[103.728625,1.305292],[103.728578,1.305129],[103.728727,1.304525],[103.728886,1.30431],[103.728927,1.304013],[103.729063,1.303698],[103.72915,1.303352],[103.72907,1.303327],[103.729302,1.302609],[103.72939,1.302334],[103.729492,1.302017],[103.729539,1.302028],[103.72957,1.302035],[103.729608,1.301859],[103.729676,1.301645],[103.729731,1.301585],[103.730709,1.301285],[103.731305,1.301085],[103.731887,1.300928],[103.732043,1.300797],[103.732155,1.300797],[103.732339,1.30088],[103.732423,1.300892],[103.733192,1.30065],[103.733377,1.300614],[103.734078,1.300452],[103.734242,1.300406],[103.734412,1.300406],[103.735295,1.300231],[103.735645,1.300165],[103.736761,1.299784],[103.737301,1.299757],[103.737487,1.299713],[103.737695,1.299603],[103.738073,1.299512],[103.738487,1.299492],[103.73909,1.299285],[103.739776,1.29906],[103.74019,1.298951],[103.740854,1.298784],[103.74328,1.301242],[103.743762,1.300809],[103.74388,1.300742],[103.744748,1.300837],[103.744046,1.299468],[103.743816,1.299325],[103.743673,1.299004],[103.743783,1.29853],[103.744147,1.298077],[103.744265,1.297989],[103.744386,1.297922],[103.745928,1.297353],[103.748321,1.296751],[103.748905,1.29657],[103.749115,1.296463],[103.749233,1.296477],[103.749259,1.296191],[103.749627,1.296179],[103.749615,1.296305],[103.749895,1.296347],[103.749932,1.29656],[103.751476,1.296556],[103.751606,1.296472],[103.751892,1.296514],[103.752134,1.296771],[103.752368,1.296788],[103.752378,1.296716],[103.752873,1.296775],[103.752849,1.296961],[103.752791,1.297352],[103.752952,1.297382],[103.753014,1.296978],[103.753028,1.296895],[103.75394,1.296966],[103.754355,1.297071],[103.754413,1.297022],[103.754771,1.297026],[103.755397,1.297147],[103.75583,1.297329],[103.756039,1.297531],[103.756129,1.29778],[103.756135,1.297948],[103.75605,1.298144],[103.755983,1.298249],[103.755878,1.298549],[103.755675,1.299051],[103.755555,1.299376],[103.755338,1.299751],[103.75531,1.300132],[103.755134,1.300492],[103.754994,1.301001],[103.754685,1.301517],[103.754242,1.30252],[103.753948,1.303266],[103.754042,1.303295],[103.753997,1.303453],[103.752726,1.30293],[103.7526,1.30322],[103.753786,1.303722],[103.753686,1.303917],[103.753657,1.303964],[103.753561,1.304068],[103.753477,1.304414],[103.753323,1.304767],[103.75222,1.304287],[103.752087,1.304605],[103.75321,1.305121],[103.753021,1.305516],[103.752901,1.3057],[103.75201,1.305099],[103.751785,1.305396],[103.752691,1.30606],[103.752457,1.306621],[103.753582,1.307664],[103.75387,1.30726],[103.754107,1.30742],[103.75415,1.307288],[103.754108,1.307161],[103.754103,1.307071],[103.75415,1.307018],[103.754187,1.306928],[103.754255,1.306907],[103.754361,1.306933],[103.754571,1.306706],[103.754699,1.306364],[103.754793,1.306039],[103.754881,1.305901],[103.757759,1.308279],[103.7579,1.308131],[103.754927,1.305632],[103.754944,1.305451],[103.755076,1.304951],[103.755141,1.30482],[103.755045,1.3047],[103.755211,1.304352],[103.755559,1.30377],[103.755747,1.303152],[103.756228,1.302398],[103.756867,1.301467],[103.75672,1.301341],[103.756629,1.301421],[103.756539,1.30133],[103.756799,1.301011],[103.75689,1.301125],[103.75681,1.301227],[103.756901,1.301307],[103.757182,1.300923],[103.756942,1.300708],[103.757531,1.299905],[103.75779,1.300075],[103.758428,1.299463],[103.758647,1.299282],[103.760905,1.301009],[103.761267,1.301169],[103.761563,1.301249],[103.762135,1.301388],[103.762193,1.301242],[103.761563,1.301082],[103.761187,1.300958],[103.760927,1.300819],[103.758756,1.299147],[103.759037,1.298838],[103.759298,1.298532],[103.759537,1.298013],[103.760189,1.297352],[103.760518,1.297044],[103.760788,1.296795],[103.760967,1.2966],[103.761214,1.296321],[103.761416,1.296088],[103.761536,1.295967],[103.761708,1.295902],[103.761887,1.295862],[103.761999,1.295794],[103.762059,1.295696],[103.762096,1.295606],[103.762111,1.295523],[103.762124,1.295406],[103.762134,1.295267],[103.762143,1.295145],[103.762063,1.295152],[103.761976,1.295057],[103.761911,1.294926],[103.762034,1.294802],[103.762215,1.294831],[103.762425,1.295159],[103.762548,1.295174],[103.762678,1.295123],[103.762801,1.295043],[103.762903,1.294868],[103.762917,1.294722],[103.762982,1.294642],[103.762999,1.294516],[103.762966,1.294389],[103.762758,1.294205],[103.761897,1.292937],[103.762012,1.292872],[103.760688,1.290621],[103.76919,1.285532],[103.772278,1.283681],[103.772287,1.283646],[103.769139,1.278332],[103.766851,1.279704],[103.756539,1.285894],[103.753072,1.28531],[103.753012,1.285269],[103.750233,1.280602],[103.750253,1.280526],[103.75756,1.276111],[103.765113,1.271582],[103.77067,1.268247],[103.770673,1.268241],[103.77071,1.268252],[103.770708,1.268258],[103.776864,1.278656],[103.777659,1.278207],[103.779047,1.277392],[103.779774,1.276965],[103.783002,1.275068],[103.786643,1.272826],[103.785143,1.270286],[103.78239,1.265612],[103.778617,1.25924],[103.785533,1.255063],[103.788902,1.260745],[103.790004,1.262638],[103.793583,1.268617],[103.79383,1.268493],[103.793916,1.268694],[103.793764,1.26879],[103.794828,1.270546],[103.794723,1.27061],[103.79454,1.270675],[103.794375,1.270675],[103.794201,1.270748],[103.793981,1.270969],[103.793871,1.271006],[103.793752,1.271098],[103.793642,1.271209],[103.79356,1.271246],[103.793321,1.271412],[103.793164,1.271328],[103.79276,1.271516],[103.792242,1.270942],[103.792107,1.270739],[103.789054,1.272616],[103.787116,1.273739],[103.783893,1.275684],[103.784009,1.275929],[103.784216,1.276201],[103.78482,1.277142],[103.785327,1.27797],[103.785808,1.278398],[103.785953,1.278804],[103.78614,1.279243],[103.786219,1.279338],[103.786349,1.279693],[103.786567,1.280368],[103.786976,1.281123],[103.787,1.281207],[103.787208,1.28193],[103.787347,1.282115],[103.787469,1.282213],[103.787753,1.282441],[103.787848,1.282585],[103.787862,1.282748],[103.78783,1.283197],[103.787792,1.283379],[103.787459,1.284023],[103.787262,1.284486],[103.787079,1.284778],[103.78672,1.285284],[103.786586,1.285414],[103.786518,1.285467],[103.786073,1.285586],[103.785892,1.285697],[103.785792,1.285844],[103.785707,1.286001],[103.785587,1.286318],[103.785582,1.286435],[103.785665,1.2869],[103.785644,1.287027],[103.785599,1.287084],[103.785528,1.287134],[103.785433,1.287156],[103.785315,1.287139],[103.785185,1.287074],[103.784826,1.286826],[103.784709,1.286793],[103.784578,1.286804],[103.784408,1.286883],[103.784225,1.287044],[103.784094,1.287241],[103.784028,1.287458],[103.784044,1.287645],[103.784267,1.288226],[103.784407,1.28897],[103.784372,1.28913],[103.784214,1.289184],[103.783912,1.289052],[103.783711,1.288999],[103.783503,1.288993],[103.783311,1.289049],[103.783144,1.289177],[103.783048,1.289343],[103.782992,1.289612],[103.782908,1.289685],[103.782641,1.289716],[103.782463,1.289793],[103.782385,1.289954],[103.782429,1.290176],[103.782537,1.29051],[103.782637,1.290634],[103.782978,1.290901],[103.783443,1.291441],[103.783568,1.291539],[103.78393,1.291827],[103.78405,1.291956],[103.784203,1.29212],[103.784949,1.292909],[103.785275,1.293255],[103.785598,1.293624],[103.785781,1.293865],[103.785909,1.294109],[103.785973,1.294326],[103.784771,1.295768],[103.783842,1.296777],[103.783171,1.29738],[103.782405,1.297838],[103.779843,1.299293],[103.778119,1.300386],[103.774408,1.302533],[103.773562,1.303015],[103.772269,1.303674],[103.771203,1.304167],[103.770268,1.304607],[103.769995,1.30476],[103.769537,1.30501],[103.768586,1.305699],[103.768183,1.305994],[103.767472,1.306566],[103.767139,1.30691],[103.766818,1.307238],[103.766354,1.30786],[103.765931,1.308467],[103.765037,1.309667],[103.763707,1.311084],[103.7634,1.311391],[103.762861,1.311928],[103.762763,1.312027],[103.761038,1.313749],[103.760444,1.314322],[103.759273,1.315558],[103.757506,1.317654],[103.757294,1.317906],[103.755681,1.319791],[103.755118,1.320437],[103.75477,1.320742],[103.754239,1.321098],[103.753844,1.321259],[103.75195,1.321913],[103.751343,1.322082],[103.749281,1.322622],[103.745746,1.323363],[103.744369,1.323653],[103.74379,1.32381],[103.742751,1.324295],[103.741715,1.325014],[103.739382,1.326581],[103.738983,1.326813],[103.738127,1.327161],[103.737858,1.32722],[103.737635,1.327273],[103.736936,1.32736],[103.736301,1.327335],[103.735691,1.327259],[103.734542,1.326952],[103.733675,1.326759],[103.732927,1.3266],[103.729958,1.325913],[103.727594,1.325352],[103.726895,1.325196],[103.726428,1.326436],[103.726186,1.326939],[103.726104,1.326993],[103.725994,1.327014],[103.725337,1.326785],[103.724928,1.327818],[103.724836,1.328221],[103.724776,1.328674],[103.72478,1.328998],[103.724792,1.329304],[103.724792,1.329497],[103.724801,1.329763],[103.724804,1.330002],[103.724811,1.330233],[103.724849,1.330633],[103.725752,1.33083],[103.725901,1.335398],[103.725955,1.336988],[103.725814,1.337506],[103.725232,1.33861],[103.724792,1.338549],[103.724361,1.338306],[103.72335,1.340062],[103.723337,1.34008],[103.723164,1.340328],[103.722996,1.340524],[103.722618,1.340875],[103.722411,1.341028],[103.721861,1.341352],[103.721696,1.341475],[103.721566,1.341637],[103.72148,1.341825],[103.721436,1.34199],[103.72139,1.342329],[103.721414,1.342638],[103.721429,1.342849],[103.721521,1.343169],[103.721823,1.343834],[103.721888,1.344264],[103.721851,1.344911],[103.721809,1.345253],[103.721705,1.345542],[103.721395,1.34633],[103.721085,1.346918],[103.720254,1.348375],[103.719908,1.34898],[103.719724,1.349304],[103.719474,1.34987],[103.719342,1.350264],[103.719202,1.350861],[103.720934,1.351081],[103.720931,1.353126],[103.720931,1.355373]],[[103.705291,1.34202],[103.705432,1.342439],[103.705545,1.342778],[103.705657,1.342994],[103.705768,1.343112],[103.706446,1.343574],[103.706848,1.343849],[103.706947,1.34392],[103.707158,1.344064],[103.707429,1.343703],[103.708178,1.342591],[103.708505,1.342099],[103.708946,1.341502],[103.709275,1.34083],[103.709441,1.340453],[103.708954,1.34026],[103.708304,1.340033],[103.707892,1.339803],[103.707629,1.339598],[103.707446,1.339418],[103.707303,1.33924],[103.707182,1.33905],[103.70705,1.338781],[103.706942,1.338488],[103.706363,1.33693],[103.7062,1.336488],[103.706145,1.336342],[103.706025,1.336017],[103.705882,1.335684],[103.705846,1.335599],[103.705749,1.335472],[103.705586,1.335275],[103.70537,1.335103],[103.70515,1.334968],[103.704783,1.334844],[103.704593,1.334802],[103.704208,1.334763],[103.70382,1.334781],[103.701298,1.33481],[103.701298,1.334809],[103.701298,1.334807],[103.701034,1.33481],[103.699334,1.334827],[103.698881,1.334811],[103.69844,1.334816],[103.696875,1.334834],[103.696464,1.334826],[103.695856,1.334809],[103.694601,1.334834],[103.694237,1.334839],[103.693773,1.334846],[103.692415,1.334968],[103.69226,1.334964],[103.691913,1.334907],[103.69168,1.334821],[103.691447,1.334691],[103.691237,1.33452],[103.691093,1.334372],[103.692203,1.335734],[103.693626,1.337317],[103.693509,1.337471],[103.693201,1.337906],[103.693115,1.338117],[103.693065,1.338378],[103.693047,1.338937],[103.693047,1.338953],[103.693803,1.338985],[103.694989,1.339851],[103.69521,1.34016],[103.695641,1.34076],[103.696128,1.34133],[103.696429,1.341626],[103.696728,1.341339],[103.697294,1.340794],[103.697528,1.34057],[103.697596,1.340505],[103.697827,1.340134],[103.697947,1.339942],[103.698228,1.339994],[103.699908,1.340309],[103.700941,1.340503],[103.703371,1.340938],[103.703882,1.341037],[103.704302,1.341108],[103.704514,1.341138],[103.704774,1.34122],[103.704914,1.341308],[103.705033,1.341412],[103.705148,1.341617],[103.705291,1.34202]],[[103.613581,1.224206],[103.613581,1.223632],[103.613552,1.221919],[103.614206,1.22183],[103.614247,1.217864],[103.611632,1.218486],[103.610848,1.218988],[103.610539,1.219514],[103.610396,1.220376],[103.61042,1.221237],[103.610657,1.221718],[103.610776,1.221933],[103.611014,1.222077],[103.611275,1.222196],[103.611561,1.222531],[103.611988,1.22313],[103.61244,1.223489],[103.612868,1.223824],[103.613581,1.224206]],[[103.711255,1.308695],[103.711286,1.308713],[103.711415,1.308776],[103.711491,1.308881],[103.711697,1.308995],[103.711926,1.308957],[103.711921,1.307454],[103.7118,1.307734],[103.711784,1.307778],[103.711767,1.307822],[103.711737,1.307902],[103.711726,1.307929],[103.711713,1.30796],[103.711693,1.307998],[103.711661,1.308067],[103.71163,1.308125],[103.711617,1.308155],[103.711589,1.308208],[103.711576,1.30823],[103.711548,1.308277],[103.711524,1.308318],[103.711502,1.308354],[103.711485,1.308379],[103.711477,1.30839],[103.711463,1.308414],[103.711444,1.308439],[103.711428,1.308461],[103.7114,1.308503],[103.711368,1.308544],[103.711337,1.308588],[103.711329,1.308596],[103.711255,1.308695]]]]}},{"type":"Feature","properties":{"id":"KEBUN BARU","name":"Kebun Baru SMC","shortName":"Kebun Baru","type":"SMC","code":"KR","seats":1,"parties":["People's Action Party"]},"geometry":{"type":"Polygon","coordinates":[[[103.827269,1.39292],[103.82695,1.3929],[103.826229,1.3929],[103.825083,1.392941],[103.823825,1.393075],[103.822715,1.393265],[103.820516,1.393822],[103.820041,1.393971],[103.819621,1.39411],[103.818886,1.394338],[103.816878,1.394923],[103.816089,1.395303],[103.815577,1.395632],[103.81509,1.396038],[103.814771,1.396384],[103.814477,1.396747],[103.814209,1.397187],[103.813982,1.397609],[103.813361,1.399383],[103.813,1.400279],[103.81258,1.401233],[103.812169,1.402002],[103.812033,1.401729],[103.811932,1.401638],[103.811366,1.401354],[103.810969,1.401172],[103.809937,1.400872],[103.808861,1.400432],[103.809377,1.398756],[103.809467,1.3985],[103.810226,1.397379],[103.81151,1.395791],[103.816584,1.378396],[103.817094,1.376832],[103.817351,1.376652],[103.817585,1.376382],[103.81781,1.376199],[103.817974,1.376121],[103.817974,1.376121],[103.818212,1.376125],[103.818386,1.376186],[103.818593,1.376352],[103.818829,1.376591],[103.818837,1.3766],[103.818856,1.37662],[103.818961,1.376731],[103.819256,1.377158],[103.819342,1.377345],[103.819348,1.377363],[103.819357,1.377394],[103.819425,1.377624],[103.819464,1.37765],[103.819498,1.377615],[103.81949,1.377537],[103.819498,1.377276],[103.819524,1.377119],[103.819568,1.377023],[103.819576,1.377013],[103.819633,1.376949],[103.81968,1.376862],[103.81971,1.37674],[103.819542,1.3766],[103.819308,1.376482],[103.819048,1.376292],[103.818793,1.376016],[103.818645,1.375833],[103.818563,1.375672],[103.818472,1.374992],[103.818451,1.374487],[103.818529,1.373964],[103.818624,1.373694],[103.818723,1.373528],[103.818923,1.373315],[103.819624,1.372596],[103.819988,1.372317],[103.820858,1.371838],[103.820988,1.371798],[103.821396,1.371751],[103.821399,1.37175],[103.821806,1.371785],[103.821962,1.371851],[103.822061,1.37192],[103.822067,1.371937],[103.822069,1.371946],[103.822109,1.372073],[103.822057,1.372182],[103.822027,1.372269],[103.821975,1.372674],[103.82191,1.372805],[103.821881,1.373006],[103.82188,1.373014],[103.821858,1.373171],[103.821797,1.373241],[103.821872,1.373245],[103.82188,1.373245],[103.821996,1.373049],[103.822165,1.372883],[103.822442,1.372722],[103.822534,1.372722],[103.822542,1.372722],[103.822676,1.372661],[103.82286,1.372657],[103.822867,1.372657],[103.823079,1.3727],[103.823226,1.372761],[103.823343,1.37287],[103.823434,1.373049],[103.823462,1.373115],[103.823474,1.373143],[103.823507,1.373223],[103.823515,1.373393],[103.823518,1.373453],[103.82352,1.373519],[103.82352,1.373527],[103.82352,1.373622],[103.82352,1.373816],[103.823456,1.374064],[103.823321,1.374387],[103.823103,1.37465],[103.823099,1.374655],[103.823014,1.374757],[103.823034,1.374785],[103.823036,1.374787],[103.823317,1.374652],[103.823516,1.374557],[103.823674,1.374522],[103.823676,1.374522],[103.82385,1.374539],[103.823992,1.374587],[103.824066,1.374652],[103.824101,1.37467],[103.824144,1.374635],[103.82417,1.374587],[103.824148,1.374522],[103.824131,1.374439],[103.824118,1.374291],[103.824131,1.374095],[103.82417,1.373981],[103.824274,1.37396],[103.824317,1.373899],[103.824508,1.373825],[103.824577,1.37382],[103.824607,1.373798],[103.824581,1.373763],[103.824485,1.3737],[103.824478,1.373695],[103.824417,1.373655],[103.824256,1.373528],[103.824196,1.373402],[103.824175,1.373335],[103.824169,1.373317],[103.824132,1.373202],[103.824122,1.373171],[103.824075,1.372957],[103.824036,1.372561],[103.824027,1.37223],[103.823997,1.372042],[103.824013,1.371807],[103.824003,1.371738],[103.824031,1.371663],[103.824045,1.371653],[103.824066,1.371637],[103.824109,1.37165],[103.824281,1.371754],[103.824282,1.371755],[103.824391,1.371742],[103.824542,1.371681],[103.824646,1.37158],[103.824733,1.371428],[103.824802,1.371363],[103.824871,1.371219],[103.824919,1.37118],[103.82501,1.371162],[103.825196,1.371071],[103.825356,1.370914],[103.825495,1.370731],[103.825729,1.370495],[103.825819,1.370352],[103.825936,1.370282],[103.826192,1.370151],[103.826081,1.3698],[103.825716,1.368809],[103.825568,1.368408],[103.825348,1.367742],[103.82527,1.367659],[103.825263,1.36766],[103.825203,1.367667],[103.825202,1.367667],[103.825195,1.367667],[103.825036,1.367663],[103.824961,1.367649],[103.824366,1.367535],[103.824394,1.367349],[103.824437,1.36725],[103.82453,1.367127],[103.824637,1.367043],[103.824717,1.366998],[103.824794,1.366979],[103.824937,1.366954],[103.825892,1.367024],[103.825903,1.367006],[103.825918,1.366994],[103.825922,1.366992],[103.825939,1.366985],[103.825957,1.366984],[103.82596,1.366984],[103.825962,1.366984],[103.82598,1.366989],[103.825992,1.366996],[103.825995,1.366998],[103.825998,1.367],[103.826007,1.367011],[103.828118,1.367054],[103.828294,1.367054],[103.828319,1.367393],[103.82832,1.367511],[103.82836,1.367992],[103.829109,1.367938],[103.83055,1.367839],[103.830939,1.3678],[103.83136,1.367753],[103.831934,1.367666],[103.833063,1.367416],[103.833571,1.367266],[103.835658,1.366541],[103.835994,1.367531],[103.836236,1.368189],[103.836348,1.36841],[103.83655,1.368726],[103.836888,1.369096],[103.837247,1.369371],[103.837631,1.369599],[103.838098,1.36977],[103.838463,1.369842],[103.838887,1.369864],[103.839261,1.369835],[103.840503,1.369684],[103.840826,1.369648],[103.842701,1.36942],[103.842984,1.371765],[103.843072,1.371911],[103.842938,1.372165],[103.841301,1.372366],[103.840708,1.373437],[103.840704,1.373512],[103.840652,1.37447],[103.840862,1.375369],[103.840855,1.375447],[103.840985,1.375934],[103.841016,1.376051],[103.842261,1.376224],[103.842546,1.376215],[103.842411,1.377239],[103.8412,1.377113],[103.840966,1.37709],[103.840653,1.377088],[103.83956,1.377083],[103.838796,1.377079],[103.838118,1.377076],[103.837727,1.377109],[103.837671,1.377127],[103.837499,1.377184],[103.837341,1.377236],[103.837036,1.377403],[103.83703,1.377408],[103.83671,1.377658],[103.83665,1.377728],[103.836638,1.377743],[103.836417,1.377991],[103.834855,1.38013],[103.834519,1.380591],[103.834237,1.380983],[103.83468,1.381227],[103.835276,1.381624],[103.835647,1.381933],[103.835896,1.382207],[103.836067,1.382385],[103.836193,1.382573],[103.836473,1.382927],[103.83666,1.383187],[103.83682,1.383403],[103.836979,1.383596],[103.837329,1.384011],[103.837043,1.384387],[103.836294,1.385199],[103.835975,1.38552],[103.832986,1.387594],[103.827269,1.39292]]]}},{"type":"Feature","properties":{"id":"YIO CHU KANG","name":"Yio Chu Kang SMC","shortName":"Yio Chu Kang","type":"SMC","code":"YK","seats":1,"parties":["People's Action Party"]},"geometry":{"type":"Polygon","coordinates":[[[103.844693,1.377341],[103.844641,1.377763],[103.844393,1.379761],[103.844331,1.380281],[103.84427,1.380616],[103.844247,1.380744],[103.844207,1.380895],[103.843957,1.38184],[103.843889,1.382031],[103.843848,1.382148],[103.843775,1.382353],[103.843692,1.382586],[103.843168,1.383897],[103.843137,1.383974],[103.841906,1.387031],[103.84162,1.387735],[103.843,1.38875],[103.843001,1.38875],[103.840799,1.393947],[103.839939,1.395849],[103.839939,1.395849],[103.838093,1.395382],[103.837445,1.395213],[103.836957,1.395092],[103.83631,1.394931],[103.834306,1.394436],[103.833918,1.394286],[103.832268,1.393904],[103.831859,1.393801],[103.831476,1.393698],[103.830872,1.393549],[103.830177,1.393369],[103.829742,1.393281],[103.828929,1.393127],[103.828187,1.393003],[103.827691,1.392946],[103.827269,1.39292],[103.832986,1.387594],[103.835975,1.38552],[103.836294,1.385199],[103.837043,1.384387],[103.837329,1.384011],[103.836979,1.383596],[103.83682,1.383403],[103.83666,1.383187],[103.836473,1.382927],[103.836193,1.382573],[103.836067,1.382385],[103.835896,1.382207],[103.835647,1.381933],[103.835276,1.381624],[103.83468,1.381227],[103.834237,1.380983],[103.834519,1.380591],[103.834855,1.38013],[103.836417,1.377991],[103.836638,1.377743],[103.83665,1.377728],[103.83671,1.377658],[103.83703,1.377408],[103.837036,1.377403],[103.837341,1.377236],[103.837499,1.377184],[103.837671,1.377127],[103.837727,1.377109],[103.838118,1.377076],[103.838796,1.377079],[103.83956,1.377083],[103.840653,1.377088],[103.840966,1.37709],[103.8412,1.377113],[103.842411,1.377239],[103.842546,1.376215],[103.842261,1.376224],[103.841016,1.376051],[103.840985,1.375934],[103.840855,1.375447],[103.840862,1.375369],[103.840652,1.37447],[103.840704,1.373512],[103.840708,1.373437],[103.841301,1.372366],[103.842938,1.372165],[103.843072,1.371911],[103.842984,1.371765],[103.842701,1.36942],[103.840826,1.369648],[103.840757,1.369025],[103.840642,1.368132],[103.840559,1.367804],[103.840407,1.367359],[103.84121,1.367084],[103.841597,1.366948],[103.84187,1.366852],[103.842088,1.366795],[103.842271,1.366786],[103.842453,1.366815],[103.842625,1.366879],[103.842779,1.366976],[103.842922,1.367101],[103.843313,1.367549],[103.844305,1.366655],[103.844795,1.36735],[103.845012,1.367711],[103.845183,1.368093],[103.845313,1.368499],[103.845374,1.368785],[103.845415,1.369089],[103.845458,1.369419],[103.845503,1.370533],[103.845496,1.3706],[103.845383,1.371696],[103.845097,1.37403],[103.844735,1.377003],[103.844713,1.377177],[103.844693,1.377341]]]}},{"type":"Feature","properties":{"id":"QUEENSTOWN","name":"Queenstown SMC","shortName":"Queenstown","type":"SMC","code":"QT","seats":1,"parties":["People's Action Party"]},"geometry":{"type":"Polygon","coordinates":[[[103.816172,1.289749],[103.815684,1.289997],[103.815382,1.290156],[103.815251,1.290198],[103.815309,1.291051],[103.815318,1.291155],[103.815365,1.291523],[103.810213,1.292395],[103.810646,1.294913],[103.810536,1.294942],[103.810413,1.294916],[103.810206,1.294911],[103.810068,1.294944],[103.8097,1.295009],[103.809607,1.295013],[103.809453,1.294981],[103.809357,1.294966],[103.809283,1.294997],[103.8092,1.295008],[103.809103,1.294993],[103.809051,1.295017],[103.808531,1.295089],[103.808654,1.296311],[103.808848,1.296647],[103.80857,1.296764],[103.808154,1.296892],[103.807856,1.296952],[103.807343,1.297106],[103.807029,1.297257],[103.806645,1.297514],[103.806192,1.297888],[103.806016,1.29802],[103.805601,1.298232],[103.805194,1.29844],[103.805039,1.29852],[103.804508,1.298838],[103.804109,1.299127],[103.803828,1.299378],[103.803419,1.29974],[103.802996,1.300117],[103.802679,1.300427],[103.802122,1.30104],[103.801911,1.301215],[103.801749,1.301337],[103.801582,1.301405],[103.801175,1.30151],[103.800871,1.300192],[103.800669,1.299295],[103.800421,1.29811],[103.800392,1.298015],[103.800185,1.297333],[103.799962,1.296789],[103.799465,1.295743],[103.799323,1.295267],[103.799209,1.294822],[103.799043,1.294076],[103.798906,1.293464],[103.798906,1.293463],[103.798993,1.289606],[103.799045,1.287955],[103.79908,1.287193],[103.799145,1.28658],[103.799185,1.28638],[103.799219,1.286273],[103.799536,1.285572],[103.799725,1.285352],[103.799769,1.285289],[103.799841,1.285208],[103.800326,1.284827],[103.800453,1.284729],[103.801128,1.28445],[103.801311,1.284419],[103.801375,1.28441],[103.801704,1.284396],[103.808141,1.284011],[103.811617,1.283787],[103.812071,1.283719],[103.813064,1.28348],[103.813183,1.283443],[103.813304,1.283855],[103.813861,1.283676],[103.813947,1.283696],[103.814097,1.284124],[103.814326,1.285003],[103.814351,1.285975],[103.814023,1.285984],[103.813935,1.286054],[103.813923,1.286278],[103.813534,1.286757],[103.814516,1.287713],[103.814653,1.287915],[103.814733,1.2881],[103.814917,1.288331],[103.815042,1.288428],[103.815198,1.288544],[103.815364,1.288643],[103.815523,1.288743],[103.815713,1.288965],[103.815845,1.289185],[103.816017,1.289473],[103.816172,1.289749]]]}},{"type":"Feature","properties":{"id":"TANJONG PAGAR","name":"Tanjong Pagar GRC","shortName":"Tanjong Pagar","type":"GRC","code":"TP","seats":5,"parties":["People's Action Party"]},"geometry":{"type":"Polygon","coordinates":[[[103.841956,1.325961],[103.841821,1.326399],[103.841003,1.328],[103.840597,1.328794],[103.840545,1.328873],[103.840176,1.328702],[103.839348,1.32821],[103.838796,1.327883],[103.838463,1.327697],[103.838031,1.327492],[103.83745,1.327287],[103.837048,1.327155],[103.836558,1.327003],[103.83598,1.326822],[103.835327,1.326614],[103.834523,1.326357],[103.833758,1.326087],[103.832794,1.325829],[103.832266,1.325823],[103.831848,1.325871],[103.831363,1.326072],[103.830888,1.32633],[103.830326,1.326655],[103.829946,1.326789],[103.829604,1.326847],[103.829093,1.326845],[103.828063,1.326694],[103.827378,1.32656],[103.826932,1.32655],[103.826893,1.326559],[103.826864,1.326566],[103.826863,1.326563],[103.82685,1.326499],[103.826788,1.326203],[103.826683,1.32585],[103.826643,1.325386],[103.826649,1.325127],[103.826766,1.32403],[103.826727,1.323955],[103.826616,1.323739],[103.826512,1.323534],[103.825966,1.322428],[103.825677,1.321559],[103.825513,1.321067],[103.825482,1.320952],[103.825435,1.320781],[103.825425,1.320674],[103.823098,1.321454],[103.821379,1.321942],[103.819925,1.322328],[103.819136,1.322555],[103.81886,1.322618],[103.818725,1.32264],[103.817299,1.322811],[103.816088,1.322918],[103.814355,1.323132],[103.813334,1.323241],[103.813188,1.322483],[103.813112,1.322144],[103.812965,1.321693],[103.811589,1.320199],[103.811282,1.319954],[103.810934,1.319764],[103.80954,1.319097],[103.80912,1.318837],[103.808364,1.31819],[103.807942,1.31781],[103.80715,1.31708],[103.806787,1.316689],[103.806097,1.31606],[103.805324,1.31535],[103.805195,1.315601],[103.805188,1.315608],[103.804537,1.316938],[103.804587,1.316975],[103.804155,1.317845],[103.804303,1.31824],[103.804287,1.318359],[103.804096,1.31861],[103.804067,1.318702],[103.804028,1.31884],[103.80419,1.32002],[103.804182,1.320205],[103.804165,1.320342],[103.804132,1.320466],[103.804082,1.320562],[103.80402,1.32066],[103.803956,1.320741],[103.803868,1.320827],[103.803785,1.320892],[103.803687,1.320944],[103.803585,1.320973],[103.803486,1.320981],[103.80333,1.32097],[103.802613,1.320805],[103.801953,1.320977],[103.801542,1.321683],[103.801835,1.322322],[103.802181,1.322487],[103.801938,1.322541],[103.800916,1.322649],[103.800511,1.322695],[103.800139,1.322741],[103.799546,1.322814],[103.796735,1.321722],[103.796517,1.321638],[103.795975,1.322142],[103.79554,1.322499],[103.794543,1.323314],[103.793392,1.324286],[103.792612,1.32494],[103.791766,1.32364],[103.791328,1.322973],[103.790118,1.321184],[103.789965,1.320962],[103.789823,1.320755],[103.788844,1.319325],[103.788138,1.318292],[103.7878,1.317798],[103.78751,1.317381],[103.787193,1.317644],[103.786841,1.317829],[103.786554,1.317937],[103.786226,1.318001],[103.78562,1.318124],[103.785104,1.318149],[103.784723,1.318204],[103.785081,1.317612],[103.785892,1.316489],[103.786105,1.316179],[103.786408,1.315816],[103.787075,1.314948],[103.787655,1.314428],[103.788394,1.313885],[103.788564,1.313788],[103.788887,1.313572],[103.788983,1.313507],[103.789371,1.313184],[103.789549,1.313],[103.789723,1.312822],[103.789986,1.312487],[103.790209,1.312128],[103.790394,1.311754],[103.790539,1.31136],[103.790643,1.310948],[103.790732,1.310637],[103.791081,1.310702],[103.791119,1.310533],[103.791516,1.309285],[103.791551,1.309024],[103.791547,1.308898],[103.791535,1.308808],[103.791357,1.308357],[103.791221,1.307841],[103.791075,1.307453],[103.791002,1.307239],[103.790657,1.307448],[103.789265,1.307953],[103.788613,1.3082],[103.787706,1.308061],[103.786707,1.307875],[103.785912,1.307685],[103.785616,1.307666],[103.7853,1.307708],[103.784982,1.307757],[103.784687,1.307867],[103.784314,1.308006],[103.784087,1.308105],[103.783083,1.308702],[103.782003,1.309347],[103.781105,1.309901],[103.779695,1.310756],[103.777762,1.311926],[103.777396,1.312122],[103.777008,1.312274],[103.776865,1.312331],[103.776305,1.312464],[103.775888,1.31251],[103.775083,1.312472],[103.775009,1.312466],[103.774734,1.312435],[103.772869,1.312213],[103.772234,1.312109],[103.772251,1.311705],[103.772201,1.311363],[103.772111,1.310885],[103.772097,1.310833],[103.772009,1.310513],[103.771934,1.310152],[103.771889,1.309756],[103.771805,1.309321],[103.771591,1.308408],[103.771492,1.307907],[103.771334,1.30711],[103.771232,1.306435],[103.771199,1.306018],[103.771186,1.305435],[103.771203,1.304882],[103.771203,1.304167],[103.772269,1.303674],[103.773562,1.303015],[103.774408,1.302533],[103.778119,1.300386],[103.779843,1.299293],[103.782405,1.297838],[103.783171,1.29738],[103.783842,1.296777],[103.784771,1.295768],[103.785973,1.294326],[103.785909,1.294109],[103.785781,1.293865],[103.785598,1.293624],[103.785275,1.293255],[103.784949,1.292909],[103.784203,1.29212],[103.78405,1.291956],[103.78393,1.291827],[103.783568,1.291539],[103.783443,1.291441],[103.782978,1.290901],[103.782637,1.290634],[103.782537,1.29051],[103.782429,1.290176],[103.782385,1.289954],[103.782463,1.289793],[103.782641,1.289716],[103.782908,1.289685],[103.782992,1.289612],[103.783048,1.289343],[103.783144,1.289177],[103.783311,1.289049],[103.783503,1.288993],[103.783711,1.288999],[103.783912,1.289052],[103.784214,1.289184],[103.784372,1.28913],[103.784407,1.28897],[103.784267,1.288226],[103.784044,1.287645],[103.784028,1.287458],[103.784094,1.287241],[103.784225,1.287044],[103.784408,1.286883],[103.784578,1.286804],[103.784709,1.286793],[103.784826,1.286826],[103.785185,1.287074],[103.785315,1.287139],[103.785433,1.287156],[103.785528,1.287134],[103.785599,1.287084],[103.785644,1.287027],[103.785665,1.2869],[103.785582,1.286435],[103.785587,1.286318],[103.785707,1.286001],[103.785792,1.285844],[103.785892,1.285697],[103.786073,1.285586],[103.786518,1.285467],[103.786586,1.285414],[103.78672,1.285284],[103.787079,1.284778],[103.787262,1.284486],[103.787459,1.284023],[103.787792,1.283379],[103.78783,1.283197],[103.787862,1.282748],[103.787848,1.282585],[103.787753,1.282441],[103.787469,1.282213],[103.787347,1.282115],[103.787208,1.28193],[103.787,1.281207],[103.786976,1.281123],[103.786567,1.280368],[103.786349,1.279693],[103.786219,1.279338],[103.78614,1.279243],[103.785953,1.278804],[103.785808,1.278398],[103.785327,1.27797],[103.78482,1.277142],[103.784216,1.276201],[103.784009,1.275929],[103.783893,1.275684],[103.787116,1.273739],[103.789054,1.272616],[103.792107,1.270739],[103.792242,1.270942],[103.79276,1.271516],[103.793164,1.271328],[103.793321,1.271412],[103.79356,1.271246],[103.793642,1.271209],[103.793752,1.271098],[103.793871,1.271006],[103.793981,1.270969],[103.794201,1.270748],[103.794375,1.270675],[103.79454,1.270675],[103.794723,1.27061],[103.794828,1.270546],[103.795428,1.271537],[103.795589,1.271441],[103.795633,1.271339],[103.795274,1.270714],[103.795391,1.270594],[103.795374,1.270556],[103.795441,1.270496],[103.795396,1.270395],[103.795412,1.270355],[103.795639,1.270214],[103.795569,1.270074],[103.795712,1.270004],[103.795766,1.26997],[103.796236,1.269678],[103.796428,1.269797],[103.796557,1.26973],[103.797109,1.270111],[103.797381,1.269964],[103.797411,1.269797],[103.797417,1.269762],[103.797357,1.269667],[103.797241,1.269481],[103.797278,1.269437],[103.79723,1.269281],[103.797239,1.269237],[103.797242,1.269219],[103.797278,1.269142],[103.797586,1.268992],[103.797673,1.268682],[103.797562,1.268503],[103.797616,1.268442],[103.797719,1.268385],[103.797965,1.268737],[103.798038,1.268734],[103.798108,1.268733],[103.798179,1.26874],[103.798248,1.26876],[103.79828,1.268775],[103.798299,1.268793],[103.798308,1.268836],[103.798304,1.268856],[103.798349,1.268875],[103.798365,1.268872],[103.79841,1.268891],[103.798422,1.26881],[103.798392,1.268663],[103.798401,1.268663],[103.798421,1.268642],[103.79843,1.268599],[103.798404,1.268478],[103.798431,1.268409],[103.798714,1.268194],[103.798809,1.268177],[103.798945,1.268154],[103.799109,1.268041],[103.799306,1.267867],[103.799362,1.267825],[103.799522,1.267668],[103.799785,1.267421],[103.79979,1.267417],[103.800225,1.267088],[103.800318,1.267074],[103.800515,1.266917],[103.800515,1.266917],[103.800819,1.266667],[103.800852,1.266637],[103.800949,1.266551],[103.801036,1.266486],[103.801103,1.266436],[103.801143,1.266389],[103.80115,1.266307],[103.801104,1.266198],[103.800936,1.265894],[103.802363,1.264814],[103.803472,1.263688],[103.804152,1.263054],[103.805148,1.262284],[103.805411,1.262544],[103.805484,1.262944],[103.805246,1.263681],[103.805579,1.263508],[103.805674,1.263666],[103.805527,1.263756],[103.806567,1.264714],[103.806373,1.264997],[103.806756,1.2654],[103.806845,1.265571],[103.806872,1.265622],[103.806937,1.265684],[103.806941,1.265715],[103.807062,1.265805],[103.807067,1.265805],[103.807226,1.265954],[103.803655,1.269319],[103.803266,1.269764],[103.803082,1.270205],[103.803004,1.270729],[103.802985,1.271966],[103.802205,1.271975],[103.802211,1.272692],[103.802805,1.272681],[103.802974,1.272663],[103.803779,1.272579],[103.804029,1.272541],[103.804326,1.272459],[103.804795,1.272324],[103.805487,1.272069],[103.806411,1.271717],[103.80693,1.271517],[103.807329,1.271377],[103.807562,1.2713],[103.807853,1.271212],[103.808038,1.271188],[103.809648,1.271015],[103.81059,1.270954],[103.810873,1.270924],[103.811209,1.270851],[103.811244,1.270977],[103.811452,1.271716],[103.811663,1.27211],[103.811796,1.272327],[103.81185,1.272416],[103.811933,1.272516],[103.812094,1.272711],[103.812346,1.272945],[103.813592,1.273867],[103.814287,1.274471],[103.814734,1.274977],[103.81499,1.275401],[103.815067,1.275499],[103.815215,1.2757],[103.815927,1.276716],[103.816022,1.276882],[103.816121,1.277058],[103.816472,1.277846],[103.816763,1.278478],[103.817341,1.279751],[103.817495,1.280037],[103.817643,1.280318],[103.81796,1.280688],[103.816766,1.281416],[103.81501,1.282513],[103.814603,1.28279],[103.814152,1.283033],[103.813365,1.283386],[103.813183,1.283443],[103.813064,1.28348],[103.812071,1.283719],[103.811617,1.283787],[103.808141,1.284011],[103.801704,1.284396],[103.801375,1.28441],[103.801311,1.284419],[103.801128,1.28445],[103.800453,1.284729],[103.800326,1.284827],[103.799841,1.285208],[103.799769,1.285289],[103.799725,1.285352],[103.799536,1.285572],[103.799219,1.286273],[103.799185,1.28638],[103.799145,1.28658],[103.79908,1.287193],[103.799045,1.287955],[103.798993,1.289606],[103.798906,1.293463],[103.798906,1.293464],[103.799043,1.294076],[103.799209,1.294822],[103.799323,1.295267],[103.799465,1.295743],[103.799962,1.296789],[103.800185,1.297333],[103.800392,1.298015],[103.800421,1.29811],[103.800669,1.299295],[103.800871,1.300192],[103.801175,1.30151],[103.801582,1.301405],[103.801749,1.301337],[103.801911,1.301215],[103.802122,1.30104],[103.802679,1.300427],[103.802996,1.300117],[103.803419,1.29974],[103.803828,1.299378],[103.804109,1.299127],[103.804508,1.298838],[103.805039,1.29852],[103.805194,1.29844],[103.805601,1.298232],[103.806016,1.29802],[103.806192,1.297888],[103.806645,1.297514],[103.807029,1.297257],[103.807343,1.297106],[103.807856,1.296952],[103.808154,1.296892],[103.80857,1.296764],[103.808848,1.296647],[103.808654,1.296311],[103.808531,1.295089],[103.809051,1.295017],[103.809103,1.294993],[103.8092,1.295008],[103.809283,1.294997],[103.809357,1.294966],[103.809453,1.294981],[103.809607,1.295013],[103.8097,1.295009],[103.810068,1.294944],[103.810206,1.294911],[103.810413,1.294916],[103.810536,1.294942],[103.810646,1.294913],[103.810213,1.292395],[103.815365,1.291523],[103.815318,1.291155],[103.815309,1.291051],[103.815251,1.290198],[103.815382,1.290156],[103.815684,1.289997],[103.816172,1.289749],[103.816533,1.289544],[103.817253,1.289006],[103.817706,1.288766],[103.817902,1.288747],[103.818749,1.2887],[103.819834,1.288639],[103.819779,1.286718],[103.820866,1.286651],[103.821703,1.285907],[103.821699,1.285902],[103.821652,1.28584],[103.821112,1.285311],[103.82097,1.285135],[103.820799,1.284891],[103.820625,1.28448],[103.820436,1.283922],[103.820302,1.283528],[103.820207,1.283351],[103.821033,1.283057],[103.82192,1.282687],[103.822779,1.282303],[103.823809,1.281837],[103.825012,1.281292],[103.82586,1.280856],[103.825452,1.280027],[103.825483,1.280011],[103.825731,1.279868],[103.825676,1.279771],[103.826666,1.27927],[103.826282,1.278508],[103.825875,1.278711],[103.825637,1.27841],[103.826441,1.27777],[103.826821,1.277413],[103.826479,1.277411],[103.828386,1.275808],[103.829115,1.275183],[103.828679,1.274693],[103.828651,1.274667],[103.828556,1.274298],[103.828815,1.273278],[103.828831,1.273182],[103.828781,1.273042],[103.82866,1.272887],[103.828509,1.272769],[103.828063,1.272361],[103.827653,1.271986],[103.827335,1.271713],[103.826781,1.271261],[103.826328,1.270951],[103.825892,1.270748],[103.825281,1.270594],[103.825283,1.27036],[103.825227,1.269928],[103.825177,1.269304],[103.825226,1.269035],[103.825306,1.268769],[103.825687,1.267966],[103.825869,1.267731],[103.82597,1.2676],[103.826352,1.26711],[103.82642,1.267023],[103.825954,1.266582],[103.825698,1.266341],[103.825269,1.266115],[103.824848,1.265998],[103.825995,1.263891],[103.832074,1.267403],[103.839433,1.267656],[103.839575,1.267601],[103.845581,1.261827],[103.845803,1.261627],[103.846404,1.262277],[103.843912,1.265522],[103.84399,1.265843],[103.845732,1.267402],[103.844435,1.268864],[103.844048,1.269205],[103.84248,1.270705],[103.842365,1.270763],[103.842647,1.271189],[103.842819,1.271422],[103.843379,1.272019],[103.843819,1.272545],[103.843898,1.27266],[103.843003,1.272623],[103.843213,1.273507],[103.843149,1.274103],[103.843079,1.274557],[103.843107,1.274925],[103.843265,1.275661],[103.843393,1.276308],[103.84353,1.277057],[103.843573,1.277362],[103.843592,1.277686],[103.843622,1.277848],[103.843881,1.278593],[103.843902,1.278863],[103.84386,1.279178],[103.84386,1.279405],[103.843921,1.279768],[103.844058,1.280253],[103.844175,1.280359],[103.844084,1.280412],[103.843943,1.280496],[103.843939,1.280498],[103.843603,1.280298],[103.843119,1.27999],[103.842782,1.279819],[103.842621,1.280179],[103.842348,1.280675],[103.841966,1.2814],[103.841651,1.28201],[103.841591,1.282124],[103.841283,1.281748],[103.839577,1.279646],[103.83954,1.279721],[103.839478,1.27987],[103.839409,1.280125],[103.839327,1.280381],[103.83927,1.280504],[103.839098,1.280737],[103.838611,1.281291],[103.838382,1.281527],[103.838209,1.281704],[103.837489,1.282147],[103.83742,1.28219],[103.837339,1.28224],[103.836748,1.282604],[103.836715,1.282626],[103.836524,1.282758],[103.836091,1.283094],[103.836042,1.283136],[103.835948,1.283207],[103.835877,1.283261],[103.835721,1.283379],[103.835586,1.283594],[103.835411,1.283868],[103.835246,1.284333],[103.835162,1.284539],[103.834916,1.285146],[103.834882,1.285428],[103.834785,1.285896],[103.834696,1.286218],[103.834684,1.286265],[103.834694,1.28638],[103.834549,1.286563],[103.83443,1.286606],[103.834317,1.286591],[103.83413,1.286497],[103.833944,1.286369],[103.833669,1.286142],[103.833697,1.287012],[103.833682,1.287242],[103.832768,1.287238],[103.83216,1.287106],[103.831736,1.287099],[103.830903,1.287222],[103.829945,1.287404],[103.828943,1.287235],[103.82879,1.287235],[103.828325,1.287235],[103.828191,1.287241],[103.828052,1.287279],[103.827408,1.287671],[103.827316,1.287711],[103.826603,1.288022],[103.826478,1.288048],[103.825514,1.288124],[103.82557,1.288525],[103.825689,1.289006],[103.825807,1.289421],[103.825997,1.289907],[103.826243,1.290573],[103.82618,1.291165],[103.826087,1.291429],[103.825957,1.291921],[103.825934,1.292135],[103.825909,1.292411],[103.828522,1.292739],[103.828874,1.292644],[103.829629,1.292453],[103.829737,1.292425],[103.830972,1.292112],[103.831354,1.292112],[103.831805,1.292167],[103.833426,1.292365],[103.834924,1.292567],[103.835427,1.292562],[103.835663,1.292395],[103.835894,1.2918],[103.835917,1.291467],[103.835753,1.290964],[103.835616,1.290616],[103.835628,1.290425],[103.835734,1.290247],[103.835897,1.290115],[103.837334,1.289561],[103.837916,1.289444],[103.838451,1.289281],[103.838624,1.289265],[103.839233,1.289368],[103.839879,1.289968],[103.840113,1.290374],[103.840418,1.290591],[103.840847,1.290755],[103.84146,1.290752],[103.842213,1.290716],[103.842436,1.290755],[103.843073,1.290861],[103.843617,1.2911],[103.844014,1.29106],[103.844427,1.290631],[103.844472,1.289703],[103.844923,1.289213],[103.845259,1.289198],[103.846507,1.28979],[103.846894,1.289927],[103.847984,1.289753],[103.848318,1.290094],[103.848593,1.290485],[103.848905,1.291052],[103.849577,1.292506],[103.849802,1.293029],[103.850089,1.293559],[103.850593,1.2945],[103.850087,1.294804],[103.849774,1.294948],[103.850156,1.295586],[103.850156,1.295684],[103.850147,1.295768],[103.850114,1.295825],[103.850012,1.295932],[103.849835,1.296078],[103.849653,1.296237],[103.849615,1.296275],[103.849546,1.296359],[103.849532,1.296379],[103.849495,1.296429],[103.849444,1.2965],[103.849351,1.29665],[103.84916,1.29695],[103.848929,1.297248],[103.84827,1.297809],[103.848303,1.298075],[103.848339,1.298182],[103.848698,1.298601],[103.849393,1.299379],[103.849513,1.299621],[103.849958,1.301236],[103.849993,1.301386],[103.850005,1.301632],[103.850046,1.301957],[103.850064,1.303014],[103.850109,1.303488],[103.850153,1.303737],[103.850261,1.304097],[103.85034,1.304217],[103.850405,1.304314],[103.850434,1.304359],[103.850676,1.30474],[103.850677,1.304741],[103.85089,1.305105],[103.851225,1.305594],[103.851482,1.305999],[103.851541,1.306087],[103.851703,1.306323],[103.851854,1.306566],[103.852216,1.307117],[103.852547,1.307626],[103.85271,1.307865],[103.853206,1.308651],[103.853351,1.308877],[103.853521,1.309141],[103.853832,1.309622],[103.853965,1.309826],[103.85438,1.310467],[103.854473,1.310604],[103.854642,1.310825],[103.85469,1.310888],[103.855022,1.311315],[103.854493,1.312015],[103.854305,1.312234],[103.853682,1.312964],[103.85367,1.312978],[103.853144,1.313598],[103.852232,1.314682],[103.852134,1.31475],[103.852122,1.314757],[103.851714,1.315172],[103.851323,1.315558],[103.851207,1.315666],[103.85068,1.316251],[103.850116,1.316876],[103.849854,1.317156],[103.849418,1.317617],[103.848804,1.317354],[103.84822,1.317027],[103.847702,1.316709],[103.847019,1.316174],[103.846457,1.315653],[103.845986,1.315057],[103.845621,1.31444],[103.845296,1.313853],[103.845228,1.314453],[103.84511,1.315122],[103.845015,1.315415],[103.844984,1.315515],[103.844159,1.318058],[103.844143,1.318109],[103.843837,1.318816],[103.843044,1.319838],[103.842665,1.320303],[103.842207,1.320874],[103.842003,1.321186],[103.841863,1.321467],[103.841637,1.32208],[103.841628,1.322207],[103.841625,1.322488],[103.841679,1.322917],[103.841703,1.323106],[103.841854,1.324155],[103.841921,1.32456],[103.841987,1.325062],[103.842004,1.325413],[103.841983,1.325732],[103.841956,1.325961]]]}},{"type":"Feature","properties":{"id":"RADIN MAS","name":"Radin Mas SMC","shortName":"Radin Mas","type":"SMC","code":"RM","seats":1,"parties":["People's Action Party"]},"geometry":{"type":"MultiPolygon","coordinates":[[[[103.835249,1.213345],[103.835294,1.213531],[103.835403,1.213867],[103.835547,1.214058],[103.835701,1.214222],[103.835891,1.21435],[103.836135,1.214495],[103.83627,1.214568],[103.836261,1.214686],[103.83599,1.214941],[103.835827,1.215041],[103.835601,1.215205],[103.835213,1.215469],[103.83505,1.215532],[103.834942,1.215514],[103.834833,1.215459],[103.834716,1.215341],[103.834625,1.215141],[103.834574,1.215012],[103.834494,1.214915],[103.834445,1.214818],[103.834128,1.214422],[103.834038,1.214286],[103.834028,1.214138],[103.833947,1.214008],[103.833851,1.213927],[103.83377,1.213927],[103.83364,1.213867],[103.833523,1.213731],[103.833405,1.213531],[103.833387,1.213322],[103.83355,1.213112],[103.833667,1.213167],[103.833803,1.213194],[103.833963,1.21315],[103.834044,1.213134],[103.834108,1.213069],[103.834269,1.212908],[103.834333,1.212811],[103.834365,1.212746],[103.834333,1.212616],[103.834301,1.212552],[103.834204,1.212422],[103.833965,1.212603],[103.833929,1.212566],[103.834191,1.212348],[103.834354,1.212294],[103.834553,1.212294],[103.834851,1.212366],[103.83543,1.212457],[103.835421,1.21253],[103.835005,1.212448],[103.834992,1.212552],[103.834978,1.21283],[103.83505,1.213021],[103.835104,1.213167],[103.835249,1.213345]]],[[[103.832366,1.217015],[103.832203,1.217015],[103.832058,1.217006],[103.831914,1.216915],[103.83195,1.216879],[103.832058,1.21696],[103.832194,1.21697],[103.83223,1.216842],[103.832212,1.216633],[103.832185,1.216487],[103.832047,1.216358],[103.831966,1.216358],[103.831838,1.216293],[103.831709,1.216277],[103.831706,1.216551],[103.83167,1.216542],[103.831652,1.216278],[103.831679,1.215932],[103.831724,1.215632],[103.831787,1.215341],[103.831902,1.21516],[103.831934,1.215209],[103.831918,1.215257],[103.831934,1.215452],[103.831966,1.2155],[103.832111,1.215516],[103.832223,1.215516],[103.832304,1.215484],[103.832368,1.215419],[103.832481,1.215257],[103.832513,1.215096],[103.832537,1.214923],[103.832481,1.214772],[103.832577,1.214756],[103.832915,1.215015],[103.833091,1.215144],[103.83322,1.215241],[103.833381,1.215436],[103.833445,1.215581],[103.833445,1.215727],[103.833477,1.215937],[103.833541,1.216067],[103.833654,1.216229],[103.833654,1.216423],[103.833638,1.216569],[103.833509,1.216649],[103.833369,1.21676],[103.833224,1.216788],[103.833071,1.216833],[103.83289,1.21687],[103.832709,1.216906],[103.832366,1.217015]]],[[[103.859422,1.219912],[103.859433,1.220058],[103.859427,1.220217],[103.859387,1.220351],[103.859332,1.220474],[103.859269,1.220576],[103.859189,1.220672],[103.859115,1.220737],[103.859089,1.220715],[103.85913,1.220677],[103.859185,1.220619],[103.859259,1.220519],[103.859364,1.22028],[103.859403,1.220117],[103.859376,1.219925],[103.859318,1.219738],[103.859352,1.219725],[103.859422,1.219912]]],[[[103.861421,1.221234],[103.861429,1.221271],[103.86141,1.221289],[103.861246,1.221358],[103.86095,1.221738],[103.860822,1.221892],[103.860786,1.221864],[103.861221,1.22134],[103.861372,1.221234],[103.861421,1.221234]]],[[[103.859119,1.22551],[103.85872,1.2255],[103.858478,1.225478],[103.858235,1.225449],[103.858125,1.225349],[103.857969,1.224953],[103.858001,1.224828],[103.858061,1.224734],[103.859099,1.223472],[103.859191,1.223426],[103.859317,1.223406],[103.859383,1.22344],[103.859997,1.223174],[103.860068,1.223098],[103.860082,1.22303],[103.860082,1.222843],[103.860125,1.222693],[103.860211,1.22256],[103.860382,1.22234],[103.860615,1.22206],[103.860639,1.222083],[103.860382,1.222392],[103.860339,1.222449],[103.860367,1.222513],[103.860442,1.222592],[103.860567,1.222664],[103.860681,1.222689],[103.860792,1.222693],[103.860906,1.222682],[103.861017,1.222635],[103.861159,1.222549],[103.861409,1.222377],[103.861598,1.22224],[103.861748,1.222165],[103.861986,1.222022],[103.862161,1.221871],[103.862293,1.221684],[103.862386,1.22139],[103.862112,1.220993],[103.861935,1.220857],[103.861794,1.220851],[103.861713,1.220872],[103.861625,1.220946],[103.861482,1.221093],[103.86145,1.221062],[103.861632,1.220882],[103.861694,1.220834],[103.861794,1.220814],[103.86197,1.220832],[103.862198,1.221019],[103.862567,1.221548],[103.862763,1.221897],[103.862734,1.222195],[103.862492,1.222846],[103.862423,1.222965],[103.862137,1.223645],[103.862024,1.223948],[103.86187,1.224178],[103.861682,1.22442],[103.861433,1.224657],[103.861275,1.224785],[103.860913,1.224992],[103.860503,1.225219],[103.859879,1.225449],[103.859552,1.225494],[103.859552,1.225446],[103.859873,1.22541],[103.860488,1.225168],[103.860853,1.224956],[103.861037,1.224846],[103.861177,1.224776],[103.861451,1.224573],[103.86155,1.224437],[103.861558,1.224372],[103.861339,1.224216],[103.861128,1.224143],[103.860971,1.224104],[103.860724,1.224089],[103.860501,1.224131],[103.86035,1.224203],[103.860075,1.224423],[103.859783,1.22452],[103.859682,1.224528],[103.859412,1.224538],[103.859248,1.224577],[103.859112,1.224638],[103.858966,1.224731],[103.858838,1.224857],[103.858752,1.22499],[103.858727,1.225057],[103.858725,1.225111],[103.858722,1.225211],[103.858735,1.225322],[103.858756,1.22538],[103.858763,1.225424],[103.859086,1.225438],[103.859123,1.225431],[103.859262,1.225331],[103.859308,1.225392],[103.859119,1.22551]]],[[[103.853579,1.226562],[103.853507,1.226708],[103.853458,1.227013],[103.85341,1.227354],[103.85341,1.227646],[103.853458,1.227975],[103.853555,1.228328],[103.853664,1.228571],[103.853785,1.228766],[103.854003,1.228912],[103.854317,1.229058],[103.854475,1.229107],[103.854644,1.229107],[103.854801,1.229034],[103.854898,1.228953],[103.854989,1.228786],[103.855016,1.22862],[103.854995,1.228615],[103.854829,1.228612],[103.854796,1.228519],[103.854867,1.228477],[103.85509,1.228508],[103.855388,1.228619],[103.857065,1.229216],[103.857364,1.229416],[103.857527,1.229585],[103.857632,1.229726],[103.857698,1.229826],[103.857897,1.230249],[103.858008,1.230488],[103.858318,1.230966],[103.858388,1.231129],[103.85841,1.231306],[103.858373,1.231829],[103.858363,1.231935],[103.858318,1.23206],[103.858252,1.232171],[103.858166,1.232243],[103.858075,1.232292],[103.857977,1.232331],[103.857897,1.232338],[103.857797,1.232332],[103.857699,1.232308],[103.857634,1.232275],[103.857504,1.232219],[103.857073,1.232102],[103.856757,1.232064],[103.856097,1.231993],[103.855292,1.23194],[103.855306,1.231373],[103.855503,1.231358],[103.855745,1.231343],[103.856183,1.231389],[103.856486,1.231404],[103.856516,1.231267],[103.856486,1.231145],[103.856259,1.230886],[103.855775,1.230399],[103.855578,1.230293],[103.855306,1.230293],[103.854928,1.230293],[103.854762,1.230323],[103.854021,1.230734],[103.8539,1.230749],[103.853688,1.230719],[103.853567,1.230734],[103.853083,1.230734],[103.852811,1.230719],[103.852584,1.230734],[103.852448,1.230567],[103.852373,1.230567],[103.852312,1.23046],[103.852176,1.230339],[103.851783,1.230019],[103.851647,1.229973],[103.851541,1.229958],[103.85145,1.229851],[103.851208,1.22973],[103.850921,1.229684],[103.850528,1.229684],[103.850482,1.229715],[103.850482,1.229851],[103.850558,1.229912],[103.850921,1.229897],[103.851133,1.229912],[103.851586,1.230156],[103.851904,1.230369],[103.852116,1.230521],[103.852146,1.230628],[103.852131,1.230704],[103.85201,1.230932],[103.852025,1.231008],[103.852221,1.231069],[103.852403,1.231069],[103.852524,1.231115],[103.85266,1.231176],[103.852977,1.231252],[103.85331,1.231282],[103.853507,1.231358],[103.853734,1.231373],[103.853855,1.231404],[103.854263,1.231404],[103.854459,1.231358],[103.85452,1.231389],[103.854671,1.231343],[103.85514,1.231373],[103.855124,1.23193],[103.854348,1.231906],[103.853942,1.231879],[103.853539,1.231833],[103.852386,1.231597],[103.851998,1.231505],[103.851587,1.231374],[103.851338,1.231515],[103.851211,1.231375],[103.851039,1.231066],[103.85101,1.23098],[103.85099,1.230869],[103.851023,1.230874],[103.851044,1.230969],[103.851071,1.23105],[103.85113,1.231151],[103.85152,1.23093],[103.851715,1.230626],[103.851181,1.230239],[103.850806,1.230179],[103.850453,1.230215],[103.850373,1.230362],[103.850109,1.230281],[103.849859,1.230096],[103.849812,1.229954],[103.849731,1.229828],[103.849621,1.229726],[103.849532,1.229674],[103.848601,1.23072],[103.848706,1.230883],[103.848747,1.231025],[103.848771,1.231197],[103.848785,1.231333],[103.848776,1.231463],[103.848758,1.231514],[103.848659,1.231604],[103.848572,1.231661],[103.848367,1.231741],[103.845875,1.232513],[103.845635,1.232394],[103.845508,1.232134],[103.845579,1.23185],[103.846365,1.231313],[103.846878,1.230835],[103.847328,1.230317],[103.847408,1.230248],[103.847467,1.230212],[103.847549,1.230169],[103.847633,1.230148],[103.847706,1.230142],[103.847776,1.23017],[103.847852,1.230258],[103.848065,1.230169],[103.848089,1.230186],[103.848087,1.230225],[103.847842,1.230346],[103.848024,1.230635],[103.848111,1.230751],[103.848217,1.230863],[103.848435,1.230654],[103.849418,1.229533],[103.8493,1.229337],[103.849053,1.228876],[103.848907,1.228342],[103.849057,1.228191],[103.848972,1.228068],[103.848767,1.228149],[103.84824,1.227765],[103.848035,1.227733],[103.847914,1.227709],[103.847796,1.227673],[103.847682,1.227627],[103.847572,1.227571],[103.847468,1.227504],[103.84737,1.227429],[103.847225,1.227306],[103.846956,1.227295],[103.846808,1.227135],[103.846832,1.226537],[103.846991,1.22639],[103.847261,1.226371],[103.847473,1.226407],[103.847492,1.226422],[103.848121,1.226677],[103.848176,1.226737],[103.848202,1.226751],[103.848322,1.226929],[103.848345,1.226913],[103.848453,1.227072],[103.848431,1.227087],[103.84856,1.227288],[103.848696,1.22748],[103.84908,1.227945],[103.84906,1.228008],[103.849143,1.22813],[103.84933,1.228079],[103.849522,1.228183],[103.849662,1.2283],[103.849749,1.228495],[103.849844,1.228686],[103.849993,1.229149],[103.850247,1.229066],[103.850256,1.22882],[103.850236,1.228812],[103.850239,1.227821],[103.850516,1.227816],[103.850935,1.227811],[103.851256,1.227832],[103.852139,1.227901],[103.852159,1.227518],[103.85217,1.227308],[103.852211,1.226521],[103.852211,1.226521],[103.852224,1.226262],[103.851955,1.225994],[103.851665,1.226054],[103.851078,1.226532],[103.850713,1.226426],[103.850659,1.226368],[103.850669,1.226327],[103.850441,1.225996],[103.850376,1.226032],[103.850233,1.225765],[103.850387,1.225686],[103.85046,1.225562],[103.85058,1.225403],[103.850661,1.22532],[103.850756,1.225244],[103.850845,1.225184],[103.850933,1.225139],[103.851137,1.225068],[103.851261,1.225039],[103.851644,1.224576],[103.851849,1.224772],[103.851903,1.224681],[103.852007,1.224505],[103.852079,1.224237],[103.852152,1.223908],[103.852175,1.223646],[103.852084,1.223613],[103.852176,1.2233],[103.852201,1.223173],[103.852216,1.223044],[103.852221,1.222958],[103.852223,1.222903],[103.85228,1.222822],[103.852288,1.22279],[103.852289,1.222752],[103.852282,1.222721],[103.851139,1.220985],[103.85101,1.22094],[103.850816,1.220958],[103.849989,1.221441],[103.849847,1.221505],[103.849804,1.221464],[103.849873,1.221441],[103.850012,1.221383],[103.850629,1.221017],[103.850392,1.220657],[103.850317,1.220594],[103.850202,1.220588],[103.849983,1.220663],[103.849793,1.220692],[103.848438,1.22158],[103.848743,1.222329],[103.848533,1.222291],[103.848374,1.222236],[103.848098,1.222375],[103.848057,1.222346],[103.84823,1.222247],[103.848276,1.222184],[103.84823,1.222091],[103.848046,1.22198],[103.84774,1.221905],[103.847613,1.221899],[103.846962,1.222178],[103.846795,1.222352],[103.846524,1.222317],[103.846339,1.222317],[103.845999,1.222509],[103.845763,1.222787],[103.845705,1.222909],[103.845711,1.223327],[103.845751,1.22335],[103.846149,1.22317],[103.846189,1.223164],[103.846218,1.223205],[103.846132,1.223251],[103.845763,1.223414],[103.845549,1.22346],[103.845278,1.223483],[103.845028,1.22348],[103.844529,1.223344],[103.844287,1.223257],[103.843762,1.222741],[103.843324,1.22252],[103.843284,1.222456],[103.843249,1.222305],[103.843122,1.222224],[103.843111,1.222126],[103.843145,1.221998],[103.843314,1.221754],[103.84367,1.221377],[103.843889,1.221174],[103.84412,1.220884],[103.844483,1.220466],[103.844933,1.22006],[103.845169,1.219903],[103.845621,1.219557],[103.846195,1.218992],[103.846455,1.218679],[103.846639,1.218487],[103.846806,1.218313],[103.846962,1.218116],[103.847014,1.218011],[103.847089,1.217878],[103.847308,1.217611],[103.847625,1.217356],[103.847821,1.217135],[103.847953,1.216915],[103.848161,1.216642],[103.848374,1.216369],[103.848634,1.216079],[103.848663,1.216015],[103.848686,1.21587],[103.848784,1.215586],[103.848882,1.215406],[103.849078,1.215174],[103.849205,1.214942],[103.849274,1.214872],[103.849389,1.214831],[103.849764,1.214727],[103.849931,1.214704],[103.850098,1.214657],[103.850358,1.214559],[103.850456,1.214507],[103.850513,1.214472],[103.850525,1.214408],[103.850519,1.214309],[103.850542,1.214269],[103.850447,1.214122],[103.850559,1.214036],[103.85075,1.214344],[103.850813,1.214344],[103.850865,1.214332],[103.850899,1.214234],[103.850899,1.21417],[103.850963,1.214036],[103.851084,1.213839],[103.851286,1.213601],[103.851528,1.213288],[103.851695,1.213213],[103.851845,1.213178],[103.851983,1.213236],[103.852047,1.21334],[103.852032,1.213428],[103.851983,1.213572],[103.851989,1.213659],[103.852018,1.213746],[103.852024,1.214031],[103.852114,1.214274],[103.852145,1.214402],[103.852122,1.214599],[103.852104,1.214924],[103.852064,1.215006],[103.852006,1.215023],[103.852076,1.214547],[103.852064,1.214379],[103.851983,1.214327],[103.851845,1.214327],[103.851528,1.214431],[103.851333,1.214619],[103.851188,1.214791],[103.851165,1.214872],[103.851211,1.214913],[103.851199,1.214971],[103.851176,1.214994],[103.851107,1.214994],[103.851061,1.214971],[103.850969,1.215232],[103.850928,1.215505],[103.850934,1.21583],[103.850974,1.216067],[103.851044,1.216247],[103.851142,1.216404],[103.851297,1.216532],[103.85143,1.21659],[103.851551,1.21659],[103.851643,1.21623],[103.851707,1.216242],[103.851724,1.216294],[103.851603,1.216729],[103.851551,1.217077],[103.851574,1.217286],[103.851626,1.217582],[103.851643,1.217779],[103.851609,1.217826],[103.851563,1.217797],[103.851557,1.217657],[103.851516,1.21739],[103.851355,1.217286],[103.851199,1.217228],[103.85098,1.217216],[103.850923,1.217245],[103.850917,1.217367],[103.850905,1.217536],[103.850513,1.219746],[103.850669,1.21981],[103.851032,1.219891],[103.851292,1.219886],[103.851459,1.219868],[103.851493,1.219816],[103.85147,1.219642],[103.851528,1.219596],[103.851511,1.21905],[103.851539,1.219027],[103.85158,1.219027],[103.851609,1.219062],[103.851661,1.219857],[103.851619,1.220181],[103.851413,1.220576],[103.851346,1.220651],[103.851321,1.22077],[103.851355,1.220855],[103.851744,1.221485],[103.851718,1.221539],[103.851964,1.221918],[103.852017,1.221914],[103.852439,1.222591],[103.852476,1.222678],[103.852572,1.222558],[103.852679,1.222361],[103.852762,1.222187],[103.852893,1.222014],[103.853011,1.221864],[103.853231,1.221601],[103.853404,1.221529],[103.853499,1.221422],[103.853588,1.221296],[103.853659,1.221212],[103.853725,1.2212],[103.853766,1.221146],[103.853766,1.221027],[103.853992,1.220776],[103.854135,1.220716],[103.854254,1.22062],[103.854361,1.2205],[103.854545,1.220261],[103.854687,1.220076],[103.854836,1.219938],[103.85502,1.219747],[103.855169,1.219669],[103.85546,1.219555],[103.855561,1.219483],[103.855656,1.219364],[103.855805,1.219107],[103.855989,1.218825],[103.856102,1.218628],[103.856239,1.218496],[103.856369,1.218419],[103.856548,1.218365],[103.85672,1.218311],[103.856916,1.218245],[103.857088,1.218173],[103.857201,1.218066],[103.857273,1.217958],[103.85732,1.217838],[103.857302,1.217761],[103.857165,1.217734],[103.856982,1.217727],[103.856982,1.217698],[103.85717,1.2177],[103.857403,1.217703],[103.8576,1.217732],[103.857774,1.217784],[103.857909,1.217837],[103.85805,1.217921],[103.858161,1.218009],[103.858401,1.218239],[103.85843,1.218282],[103.858406,1.218304],[103.858379,1.218261],[103.858211,1.218104],[103.858207,1.218107],[103.858131,1.218028],[103.85804,1.217964],[103.858016,1.217961],[103.857833,1.218165],[103.857724,1.218292],[103.857667,1.218435],[103.857633,1.218579],[103.857612,1.218694],[103.857614,1.218801],[103.857643,1.218866],[103.857679,1.218959],[103.857742,1.219066],[103.857729,1.21919],[103.857619,1.219307],[103.857522,1.219431],[103.857444,1.219555],[103.857398,1.21968],[103.857411,1.219804],[103.857431,1.219947],[103.857479,1.220141],[103.857582,1.22027],[103.85775,1.22045],[103.858053,1.220701],[103.858214,1.220787],[103.858331,1.220838],[103.858363,1.220975],[103.858371,1.22107],[103.858313,1.221155],[103.858326,1.221227],[103.858313,1.221364],[103.8583,1.221488],[103.858242,1.221664],[103.85819,1.221814],[103.858079,1.221977],[103.857976,1.222069],[103.857827,1.222226],[103.857664,1.222461],[103.857424,1.222683],[103.857262,1.222852],[103.857113,1.222996],[103.857009,1.223055],[103.856893,1.223172],[103.856763,1.223264],[103.856594,1.223342],[103.856393,1.223453],[103.856283,1.223583],[103.856237,1.223694],[103.856292,1.223732],[103.856289,1.223782],[103.856259,1.223841],[103.856298,1.223863],[103.856192,1.224049],[103.856118,1.224191],[103.856028,1.224385],[103.856004,1.224457],[103.855966,1.224546],[103.855917,1.224681],[103.8559,1.224798],[103.855892,1.224942],[103.855941,1.225656],[103.855919,1.225816],[103.855857,1.225911],[103.855767,1.22597],[103.855679,1.225994],[103.855091,1.226178],[103.855051,1.226059],[103.855294,1.225983],[103.855261,1.225832],[103.855176,1.225686],[103.854946,1.225552],[103.854644,1.225515],[103.854341,1.225588],[103.854051,1.225747],[103.853821,1.226014],[103.853664,1.226295],[103.853579,1.226562],[103.853421,1.226537],[103.853417,1.226547],[103.853176,1.226546],[103.853177,1.226547],[103.853398,1.226553],[103.85341,1.226554],[103.853579,1.226562]],[[103.851001,1.22085],[103.851031,1.220858],[103.851003,1.220849],[103.851001,1.22085]]],[[[103.836871,1.232816],[103.836715,1.233165],[103.836671,1.233341],[103.836566,1.233447],[103.836455,1.233515],[103.836252,1.233614],[103.83618,1.233577],[103.836116,1.233528],[103.836068,1.233528],[103.836019,1.233431],[103.836003,1.233334],[103.836019,1.233156],[103.836084,1.23301],[103.836116,1.232913],[103.83618,1.232832],[103.836261,1.2328],[103.836293,1.2328],[103.836421,1.232573],[103.836453,1.232444],[103.836453,1.232412],[103.836518,1.232153],[103.836534,1.232055],[103.836578,1.231996],[103.836659,1.231648],[103.836689,1.231542],[103.836714,1.23135],[103.836782,1.231251],[103.83692,1.231133],[103.836984,1.23102],[103.837048,1.230939],[103.837289,1.230583],[103.83737,1.230485],[103.837498,1.230372],[103.837643,1.230178],[103.837753,1.230086],[103.837815,1.230051],[103.837832,1.230029],[103.837848,1.229955],[103.837932,1.22979],[103.838077,1.229676],[103.838189,1.229563],[103.838318,1.229401],[103.838431,1.229255],[103.838591,1.229142],[103.838656,1.229061],[103.838784,1.228932],[103.838993,1.228754],[103.839138,1.228592],[103.839203,1.228526],[103.8395,1.228515],[103.839642,1.22854],[103.839697,1.228639],[103.839777,1.228786],[103.839777,1.229092],[103.839747,1.229321],[103.839636,1.229557],[103.839457,1.229861],[103.839241,1.230059],[103.839062,1.230227],[103.838723,1.23063],[103.838107,1.231108],[103.837854,1.231393],[103.837589,1.231753],[103.837404,1.232051],[103.837139,1.232466],[103.836897,1.232718],[103.836871,1.232816]]],[[[103.828887,1.240846],[103.828629,1.241052],[103.82851,1.241149],[103.828448,1.241212],[103.828448,1.241252],[103.828474,1.241275],[103.828494,1.241339],[103.828474,1.241372],[103.828458,1.24139],[103.828426,1.2414],[103.82839,1.241409],[103.828353,1.241412],[103.828311,1.2414],[103.828265,1.241387],[103.82821,1.241366],[103.828177,1.241342],[103.828144,1.241294],[103.828124,1.241243],[103.828119,1.241187],[103.828124,1.241139],[103.828142,1.241099],[103.828177,1.241052],[103.828829,1.240491],[103.828874,1.240471],[103.828916,1.240458],[103.828945,1.240453],[103.828989,1.240447],[103.829039,1.240447],[103.82906,1.240453],[103.829085,1.240464],[103.829114,1.240486],[103.829132,1.240513],[103.829178,1.240586],[103.829182,1.240666],[103.829185,1.240753],[103.829158,1.240816],[103.829109,1.240833],[103.829024,1.240812],[103.828983,1.240801],[103.828887,1.240846]]],[[[103.82237,1.247308],[103.82205,1.247816],[103.821949,1.247887],[103.821824,1.247973],[103.821723,1.248098],[103.821598,1.248169],[103.821489,1.248263],[103.82139,1.248382],[103.821417,1.248391],[103.821462,1.248458],[103.8214,1.248494],[103.821301,1.248473],[103.821209,1.248391],[103.821137,1.248281],[103.821098,1.248175],[103.821136,1.248049],[103.821182,1.247975],[103.821428,1.24778],[103.821841,1.247476],[103.822141,1.247253],[103.82225,1.247196],[103.822345,1.247176],[103.822478,1.247189],[103.822552,1.24724],[103.822656,1.247311],[103.822651,1.24737],[103.822598,1.24738],[103.822471,1.247304],[103.822388,1.247288],[103.82237,1.247308]]],[[[103.815928,1.248767],[103.815934,1.248859],[103.81586,1.249008],[103.81568,1.249154],[103.815399,1.249361],[103.815159,1.249584],[103.814816,1.249734],[103.814739,1.249715],[103.814701,1.249715],[103.814643,1.249618],[103.814662,1.249483],[103.814758,1.249309],[103.814892,1.249173],[103.815116,1.249095],[103.815245,1.249077],[103.815411,1.249015],[103.815633,1.248854],[103.815811,1.248712],[103.815928,1.248767]]],[[[103.814855,1.252253],[103.814789,1.252274],[103.814579,1.252374],[103.814383,1.252478],[103.814262,1.252598],[103.814342,1.252646],[103.814391,1.252696],[103.814366,1.252745],[103.814194,1.252683],[103.814121,1.252652],[103.814022,1.252578],[103.814023,1.252465],[103.814023,1.252369],[103.814061,1.252272],[103.814483,1.252021],[103.814656,1.251905],[103.81481,1.251885],[103.814867,1.251885],[103.814982,1.251943],[103.815073,1.252046],[103.815061,1.252127],[103.81503,1.252195],[103.815055,1.252331],[103.815018,1.252374],[103.814957,1.252349],[103.814944,1.25225],[103.814855,1.252253]]],[[[103.812953,1.253772],[103.812928,1.253809],[103.812848,1.253803],[103.812725,1.253741],[103.812645,1.25376],[103.812547,1.253692],[103.812522,1.253611],[103.812529,1.253512],[103.812861,1.253048],[103.812971,1.252937],[103.813149,1.252857],[103.813297,1.252869],[103.813469,1.252937],[103.81353,1.25303],[103.81353,1.253265],[103.813494,1.253308],[103.813451,1.253302],[103.813408,1.253141],[103.81326,1.253196],[103.813211,1.253223],[103.813113,1.253306],[103.813018,1.253435],[103.812913,1.253567],[103.812856,1.253634],[103.812844,1.25371],[103.812928,1.253735],[103.812953,1.253772]]],[[[103.811793,1.254418],[103.811726,1.254468],[103.811679,1.254527],[103.811646,1.254583],[103.811598,1.254639],[103.811512,1.254701],[103.811448,1.254759],[103.811419,1.254815],[103.811518,1.25488],[103.811521,1.254911],[103.811498,1.25493],[103.811468,1.25493],[103.811284,1.254829],[103.811188,1.254829],[103.81113,1.254713],[103.811149,1.254597],[103.811207,1.254462],[103.811514,1.254172],[103.811687,1.254075],[103.811764,1.254037],[103.811879,1.254037],[103.811943,1.254094],[103.811979,1.25413],[103.811987,1.254197],[103.811993,1.254278],[103.81198,1.25435],[103.812001,1.254435],[103.81201,1.254482],[103.811987,1.254505],[103.811954,1.25451],[103.811937,1.254488],[103.811894,1.254412],[103.811882,1.25439],[103.811854,1.254387],[103.811793,1.254418]]],[[[103.810953,1.255275],[103.81094,1.255319],[103.810923,1.255339],[103.810884,1.255364],[103.81084,1.255372],[103.810767,1.255361],[103.810667,1.255327],[103.810576,1.255241],[103.810473,1.255295],[103.810354,1.255209],[103.810359,1.255137],[103.810411,1.255056],[103.810431,1.255042],[103.810473,1.255008],[103.810492,1.254955],[103.810489,1.254916],[103.810448,1.25488],[103.810423,1.254849],[103.810418,1.254801],[103.810473,1.254734],[103.810569,1.254773],[103.810646,1.25485],[103.810691,1.254966],[103.810777,1.255065],[103.810887,1.255139],[103.810954,1.255186],[103.810953,1.255275]]],[[[103.813663,1.25941],[103.814193,1.259436],[103.814525,1.25948],[103.814722,1.259514],[103.814783,1.259591],[103.814908,1.259724],[103.814937,1.259889],[103.814739,1.260095],[103.814508,1.260197],[103.814178,1.260183],[103.813881,1.260156],[103.81351,1.260082],[103.813337,1.259981],[103.813175,1.259784],[103.813144,1.259598],[103.813225,1.259495],[103.813316,1.259443],[103.81346,1.25941],[103.813663,1.25941]]],[[[103.805417,1.262551],[103.805418,1.262553],[103.805484,1.262944],[103.805411,1.262544],[103.805417,1.262551]]],[[[103.806373,1.264997],[103.806567,1.264714],[103.806573,1.264719],[103.806373,1.264997]]],[[[103.806373,1.264997],[103.80692,1.265542],[103.806937,1.265684],[103.806872,1.265622],[103.806845,1.265571],[103.806756,1.2654],[103.806373,1.264997]]],[[[103.820436,1.283922],[103.820625,1.28448],[103.820799,1.284891],[103.82097,1.285135],[103.821112,1.285311],[103.821652,1.28584],[103.821699,1.285902],[103.821703,1.285907],[103.820866,1.286651],[103.819779,1.286718],[103.819834,1.288639],[103.818749,1.2887],[103.817902,1.288747],[103.817706,1.288766],[103.817253,1.289006],[103.816533,1.289544],[103.816172,1.289749],[103.816017,1.289473],[103.815845,1.289185],[103.815713,1.288965],[103.815523,1.288743],[103.815364,1.288643],[103.815198,1.288544],[103.815042,1.288428],[103.814917,1.288331],[103.814733,1.2881],[103.814653,1.287915],[103.814516,1.287713],[103.813534,1.286757],[103.813923,1.286278],[103.813935,1.286054],[103.814023,1.285984],[103.814351,1.285975],[103.814326,1.285003],[103.814097,1.284124],[103.813947,1.283696],[103.813861,1.283676],[103.813304,1.283855],[103.813183,1.283443],[103.813365,1.283386],[103.814152,1.283033],[103.814603,1.28279],[103.81501,1.282513],[103.816766,1.281416],[103.81796,1.280688],[103.817643,1.280318],[103.817495,1.280037],[103.817341,1.279751],[103.816763,1.278478],[103.816472,1.277846],[103.816121,1.277058],[103.816022,1.276882],[103.815927,1.276716],[103.815215,1.2757],[103.815067,1.275499],[103.81499,1.275401],[103.814734,1.274977],[103.814287,1.274471],[103.813592,1.273867],[103.812346,1.272945],[103.812094,1.272711],[103.811933,1.272516],[103.81185,1.272416],[103.811796,1.272327],[103.811663,1.27211],[103.811452,1.271716],[103.811244,1.270977],[103.811209,1.270851],[103.810873,1.270924],[103.81059,1.270954],[103.809648,1.271015],[103.808038,1.271188],[103.807853,1.271212],[103.807562,1.2713],[103.807329,1.271377],[103.80693,1.271517],[103.806411,1.271717],[103.805487,1.272069],[103.804795,1.272324],[103.804326,1.272459],[103.804029,1.272541],[103.803779,1.272579],[103.802974,1.272663],[103.802805,1.272681],[103.802211,1.272692],[103.802205,1.271975],[103.802985,1.271966],[103.803004,1.270729],[103.803082,1.270205],[103.803266,1.269764],[103.803655,1.269319],[103.807226,1.265954],[103.807067,1.265805],[103.807206,1.265802],[103.807333,1.26581],[103.807441,1.265734],[103.807569,1.265584],[103.80769,1.265459],[103.807788,1.265366],[103.807837,1.265333],[103.807883,1.265293],[103.807912,1.265257],[103.807961,1.265233],[103.808067,1.265238],[103.80811,1.265208],[103.808161,1.265151],[103.808324,1.265045],[103.808502,1.264947],[103.808748,1.264914],[103.809025,1.264981],[103.809099,1.264996],[103.809271,1.265015],[103.809419,1.265046],[103.809515,1.265053],[103.80954,1.265048],[103.809617,1.265065],[103.809632,1.265032],[103.809719,1.265016],[103.809775,1.265072],[103.809779,1.26512],[103.809891,1.265228],[103.809911,1.265209],[103.810182,1.264981],[103.810921,1.265996],[103.811196,1.266388],[103.811534,1.266428],[103.811796,1.266425],[103.812408,1.266407],[103.812934,1.26621],[103.812961,1.266242],[103.813237,1.266048],[103.813228,1.266024],[103.813689,1.265626],[103.813701,1.265635],[103.813918,1.265444],[103.813906,1.265423],[103.814366,1.265016],[103.814381,1.265025],[103.814571,1.264855],[103.814557,1.26484],[103.814922,1.264511],[103.814926,1.264507],[103.814911,1.264496],[103.814879,1.264473],[103.814849,1.264453],[103.814819,1.264434],[103.814788,1.264416],[103.814757,1.264399],[103.814725,1.264384],[103.814693,1.264369],[103.81466,1.264355],[103.813238,1.263732],[103.813203,1.263718],[103.813167,1.263706],[103.813131,1.263694],[103.813094,1.263684],[103.813057,1.263675],[103.813041,1.263671],[103.813106,1.263733],[103.812733,1.264329],[103.81261,1.264232],[103.812543,1.264254],[103.812478,1.264243],[103.812411,1.26434],[103.812388,1.264504],[103.812361,1.264593],[103.812352,1.264643],[103.812318,1.264699],[103.812268,1.264762],[103.812223,1.264818],[103.81215,1.264881],[103.812048,1.264926],[103.81194,1.264959],[103.811812,1.264954],[103.811638,1.264909],[103.811486,1.26483],[103.811351,1.264733],[103.811289,1.264631],[103.811289,1.264479],[103.811249,1.264352],[103.811233,1.264309],[103.811193,1.264235],[103.811131,1.264133],[103.811066,1.264056],[103.810981,1.263995],[103.810901,1.263963],[103.810829,1.263938],[103.810811,1.263924],[103.810669,1.263906],[103.810496,1.263884],[103.810342,1.263824],[103.810265,1.263669],[103.810297,1.263434],[103.810323,1.263224],[103.810417,1.263086],[103.810532,1.262997],[103.81066,1.26293],[103.810886,1.262894],[103.81103,1.26291],[103.811182,1.26295],[103.811187,1.262863],[103.811294,1.262845],[103.811311,1.262587],[103.811458,1.2626],[103.811546,1.262721],[103.813415,1.262975],[103.813446,1.263033],[103.813406,1.263087],[103.813137,1.263531],[103.813154,1.263535],[103.813193,1.263545],[103.813231,1.263557],[103.813269,1.26357],[103.813306,1.263584],[103.813343,1.263599],[103.81338,1.263615],[103.814825,1.26425],[103.814983,1.264341],[103.815055,1.264397],[103.815062,1.264391],[103.815591,1.263909],[103.815668,1.263853],[103.815769,1.26382],[103.815947,1.26379],[103.816061,1.263782],[103.816161,1.263849],[103.816551,1.264483],[103.816546,1.264567],[103.817349,1.266458],[103.817503,1.266608],[103.817637,1.266553],[103.817642,1.266344],[103.816819,1.264423],[103.816725,1.264353],[103.816725,1.264134],[103.816824,1.264124],[103.816844,1.263839],[103.816735,1.263834],[103.81675,1.26373],[103.816804,1.263675],[103.816919,1.263649],[103.819549,1.263246],[103.81955,1.263091],[103.819901,1.263086],[103.820133,1.263088],[103.820516,1.26309],[103.820736,1.26309],[103.82143,1.263078],[103.823249,1.263064],[103.823355,1.262582],[103.823408,1.262177],[103.823408,1.261796],[103.823385,1.261574],[103.823362,1.261407],[103.823347,1.261246],[103.823362,1.261147],[103.823378,1.260995],[103.8234,1.260842],[103.823362,1.260827],[103.82334,1.260781],[103.823324,1.26072],[103.823317,1.260667],[103.82334,1.260575],[103.823249,1.2604],[103.82318,1.260308],[103.823158,1.260178],[103.823143,1.260071],[103.82315,1.259995],[103.823173,1.259919],[103.823203,1.25985],[103.823234,1.259797],[103.823226,1.259766],[103.823226,1.259705],[103.823218,1.259667],[103.823218,1.259614],[103.823241,1.25956],[103.823287,1.259507],[103.823332,1.259438],[103.82334,1.259255],[103.823302,1.259102],[103.823241,1.258858],[103.823203,1.25869],[103.823165,1.258546],[103.823135,1.258393],[103.82312,1.258271],[103.823127,1.258126],[103.823127,1.258011],[103.82315,1.257874],[103.823135,1.257775],[103.823047,1.25759],[103.821454,1.258317],[103.821347,1.258377],[103.821314,1.258408],[103.821268,1.258415],[103.821226,1.258394],[103.8212,1.258353],[103.821192,1.25831],[103.821207,1.258262],[103.821299,1.258187],[103.821135,1.257907],[103.820971,1.257836],[103.820935,1.258051],[103.820905,1.258303],[103.820793,1.258571],[103.820582,1.258854],[103.820385,1.259038],[103.820108,1.259271],[103.820051,1.25925],[103.820114,1.259049],[103.819682,1.258854],[103.819499,1.259336],[103.819176,1.25935],[103.818923,1.259548],[103.818754,1.259661],[103.818641,1.259634],[103.818585,1.259749],[103.818466,1.259877],[103.818338,1.260014],[103.818219,1.260065],[103.818083,1.260048],[103.817913,1.260091],[103.817735,1.2601],[103.817531,1.260023],[103.817429,1.259954],[103.817403,1.260048],[103.817242,1.260031],[103.816927,1.259988],[103.816545,1.259911],[103.81589,1.259663],[103.815372,1.259398],[103.814683,1.258854],[103.814659,1.258869],[103.814462,1.258974],[103.814256,1.258975],[103.814015,1.25902],[103.813592,1.259111],[103.813046,1.259057],[103.812688,1.259111],[103.812535,1.259012],[103.812068,1.259161],[103.811244,1.259377],[103.810236,1.259655],[103.809929,1.259631],[103.809756,1.259792],[103.809572,1.259816],[103.808994,1.259928],[103.808773,1.260058],[103.808552,1.259983],[103.808386,1.260008],[103.808294,1.259977],[103.808152,1.259915],[103.808035,1.259829],[103.807796,1.259798],[103.807703,1.259829],[103.807581,1.259934],[103.807464,1.260002],[103.807325,1.259998],[103.807229,1.259979],[103.807058,1.259921],[103.806769,1.259853],[103.806622,1.259773],[103.806596,1.259515],[103.806634,1.259322],[103.806749,1.259131],[103.806903,1.258899],[103.807248,1.258551],[103.807652,1.258203],[103.807901,1.257971],[103.808266,1.257662],[103.808419,1.257507],[103.808631,1.257256],[103.808727,1.257063],[103.808842,1.256734],[103.808927,1.256544],[103.80908,1.256315],[103.809277,1.256067],[103.809578,1.255721],[103.809806,1.255566],[103.810021,1.255529],[103.810187,1.255548],[103.810217,1.255622],[103.810181,1.255696],[103.810082,1.255752],[103.809994,1.255845],[103.810008,1.256005],[103.810082,1.256129],[103.810291,1.256228],[103.810488,1.256234],[103.81074,1.256185],[103.810949,1.256067],[103.811226,1.255876],[103.811478,1.255721],[103.811674,1.255548],[103.811779,1.255263],[103.811809,1.255028],[103.811932,1.25496],[103.812184,1.254997],[103.812369,1.255009],[103.812553,1.254954],[103.812731,1.25488],[103.812959,1.2547],[103.813174,1.25444],[103.813315,1.254032],[103.81328,1.253794],[103.813312,1.253737],[103.813379,1.253702],[103.813459,1.253735],[103.813489,1.253737],[103.813623,1.253741],[103.813746,1.253735],[103.813967,1.253704],[103.814151,1.253642],[103.814354,1.253488],[103.814589,1.253166],[103.81462,1.252927],[103.814605,1.252778],[103.814597,1.252629],[103.814605,1.252559],[103.8149,1.25237],[103.81501,1.252449],[103.815134,1.252488],[103.815243,1.252488],[103.815399,1.252465],[103.81564,1.252394],[103.815781,1.252308],[103.815874,1.252206],[103.815983,1.252065],[103.816084,1.251908],[103.816154,1.251736],[103.816162,1.251641],[103.816038,1.251563],[103.815967,1.251445],[103.815999,1.251367],[103.816053,1.251312],[103.816178,1.251297],[103.816287,1.251336],[103.816349,1.251359],[103.816458,1.251312],[103.816629,1.251195],[103.817089,1.25085],[103.817128,1.250693],[103.817097,1.250622],[103.817066,1.250568],[103.817066,1.250481],[103.81712,1.250403],[103.817214,1.250387],[103.817593,1.25021],[103.81822,1.24975],[103.818399,1.249602],[103.818646,1.249461],[103.819075,1.249218],[103.819518,1.249045],[103.819602,1.249036],[103.819692,1.248988],[103.819723,1.248944],[103.819737,1.248897],[103.819743,1.248861],[103.819817,1.248813],[103.819875,1.248796],[103.819942,1.248848],[103.820034,1.248996],[103.820163,1.249064],[103.820335,1.249144],[103.820458,1.249156],[103.820519,1.249206],[103.820507,1.249274],[103.820421,1.249348],[103.820297,1.249426],[103.820202,1.249504],[103.820197,1.249542],[103.820235,1.249628],[103.820363,1.249738],[103.820501,1.249815],[103.820658,1.249829],[103.820801,1.249825],[103.820967,1.249772],[103.821172,1.249686],[103.821338,1.249581],[103.821471,1.249447],[103.821638,1.249265],[103.821776,1.249083],[103.821866,1.248901],[103.821904,1.248623],[103.821975,1.248475],[103.822018,1.248446],[103.822113,1.248432],[103.822223,1.24837],[103.822284,1.248274],[103.822299,1.248193],[103.82236,1.248121],[103.822446,1.248064],[103.822655,1.248044],[103.823021,1.248049],[103.823183,1.248016],[103.823373,1.247939],[103.823563,1.247839],[103.823749,1.247685],[103.823896,1.247508],[103.824015,1.247288],[103.824105,1.246977],[103.824105,1.246811],[103.824105,1.246719],[103.824082,1.246523],[103.823968,1.246168],[103.823901,1.246129],[103.823873,1.246146],[103.823799,1.246223],[103.823804,1.246236],[103.823759,1.246327],[103.823629,1.24636],[103.823525,1.246502],[103.823377,1.246626],[103.82331,1.246583],[103.823279,1.246515],[103.823359,1.246428],[103.823451,1.246274],[103.823525,1.246082],[103.823476,1.245871],[103.8235,1.24581],[103.823562,1.245797],[103.823641,1.245877],[103.824065,1.245342],[103.824619,1.244752],[103.825347,1.244031],[103.825669,1.243721],[103.82586,1.243507],[103.826542,1.242746],[103.826966,1.242263],[103.827163,1.242025],[103.827152,1.24191],[103.827185,1.241912],[103.827268,1.241966],[103.827434,1.242098],[103.827508,1.242177],[103.827496,1.242304],[103.827369,1.242411],[103.827338,1.242412],[103.827284,1.242564],[103.827424,1.242721],[103.827626,1.242799],[103.82786,1.242791],[103.82807,1.242729],[103.828281,1.242658],[103.828444,1.242533],[103.828569,1.242415],[103.828709,1.242243],[103.828802,1.242086],[103.82888,1.241898],[103.828927,1.241702],[103.828943,1.241522],[103.828943,1.241396],[103.828966,1.24131],[103.829044,1.241263],[103.829239,1.241286],[103.829457,1.241294],[103.829675,1.241247],[103.829877,1.241122],[103.830033,1.240996],[103.830158,1.240855],[103.830267,1.240667],[103.830321,1.240487],[103.830321,1.240314],[103.830306,1.24015],[103.830236,1.24004],[103.830152,1.239947],[103.830019,1.240002],[103.829811,1.240134],[103.829756,1.240109],[103.829747,1.240023],[103.829811,1.239856],[103.829841,1.239767],[103.829781,1.239685],[103.829773,1.239621],[103.829815,1.239591],[103.829879,1.239634],[103.829981,1.239749],[103.830151,1.239758],[103.830287,1.239694],[103.830419,1.239625],[103.830597,1.239459],[103.831075,1.238966],[103.831434,1.238596],[103.831511,1.238517],[103.831604,1.238446],[103.831898,1.238254],[103.832079,1.238139],[103.832235,1.238039],[103.832438,1.237925],[103.832587,1.23787],[103.832713,1.237839],[103.832821,1.237818],[103.832941,1.237804],[103.833043,1.237803],[103.833153,1.237813],[103.833265,1.237839],[103.833486,1.237913],[103.833773,1.238035],[103.833988,1.238184],[103.834071,1.238254],[103.834151,1.23834],[103.834541,1.23873],[103.834697,1.238855],[103.834889,1.23897],[103.834974,1.23901],[103.835309,1.239085],[103.835452,1.239088],[103.836064,1.239022],[103.836259,1.239058],[103.836518,1.239154],[103.836594,1.239204],[103.836663,1.239282],[103.836732,1.239422],[103.836733,1.239606],[103.837016,1.239583],[103.837124,1.23959],[103.837131,1.239421],[103.837118,1.239249],[103.837085,1.239136],[103.836984,1.238977],[103.836908,1.238903],[103.836796,1.238832],[103.836404,1.238681],[103.836384,1.238627],[103.836417,1.238591],[103.836455,1.238585],[103.836891,1.238651],[103.837066,1.238682],[103.837271,1.23875],[103.837458,1.238842],[103.837616,1.238949],[103.837734,1.23905],[103.837992,1.239284],[103.83814,1.239411],[103.838316,1.239544],[103.838514,1.239677],[103.839406,1.240207],[103.839598,1.240321],[103.839737,1.240438],[103.839931,1.240649],[103.840298,1.241062],[103.840615,1.241409],[103.840915,1.241769],[103.840994,1.241917],[103.840998,1.242008],[103.840964,1.24213],[103.840926,1.242337],[103.840869,1.242325],[103.840588,1.241822],[103.839414,1.242487],[103.839765,1.243113],[103.839959,1.243782],[103.840131,1.244431],[103.84021,1.244776],[103.840228,1.244971],[103.840067,1.246491],[103.840454,1.247254],[103.840841,1.247768],[103.84119,1.248114],[103.841985,1.247313],[103.841733,1.246545],[103.84163,1.24616],[103.841726,1.245351],[103.841833,1.245167],[103.841902,1.245057],[103.841938,1.245078],[103.842091,1.244815],[103.841966,1.244718],[103.841922,1.244659],[103.841789,1.244119],[103.84162,1.243357],[103.841591,1.24336],[103.841577,1.243294],[103.841567,1.243181],[103.841598,1.243045],[103.841634,1.24292],[103.841654,1.2428],[103.841655,1.242745],[103.84164,1.242634],[103.841611,1.242527],[103.841574,1.24246],[103.84151,1.242352],[103.841502,1.24229],[103.841517,1.242256],[103.841549,1.24227],[103.841587,1.242286],[103.841706,1.242439],[103.84182,1.242594],[103.841909,1.242711],[103.84201,1.242845],[103.842114,1.242961],[103.842225,1.243072],[103.842345,1.243176],[103.842689,1.243484],[103.842871,1.243643],[103.842992,1.243753],[103.843055,1.243787],[103.843838,1.244535],[103.844209,1.244988],[103.844954,1.246268],[103.846112,1.247612],[103.846237,1.24781],[103.846691,1.248476],[103.847706,1.250073],[103.848105,1.250651],[103.848291,1.250996],[103.848532,1.251929],[103.848544,1.252121],[103.848456,1.252248],[103.846579,1.253275],[103.846408,1.253321],[103.845923,1.253341],[103.845652,1.253306],[103.844958,1.253082],[103.844544,1.252595],[103.844073,1.252462],[103.843807,1.252401],[103.843503,1.252347],[103.843358,1.252325],[103.843106,1.252291],[103.842822,1.252266],[103.842687,1.252248],[103.842369,1.252248],[103.842314,1.25223],[103.842273,1.25219],[103.842212,1.25195],[103.842246,1.25192],[103.842107,1.251416],[103.841797,1.250672],[103.841651,1.250448],[103.841447,1.250248],[103.841327,1.250167],[103.841252,1.250124],[103.841036,1.250041],[103.840875,1.25015],[103.840833,1.250235],[103.840911,1.250403],[103.841136,1.250427],[103.841353,1.250621],[103.841459,1.250816],[103.841825,1.252372],[103.841841,1.252676],[103.841929,1.253082],[103.841802,1.253535],[103.841667,1.25368],[103.841425,1.253771],[103.840387,1.253549],[103.840191,1.25356],[103.840151,1.253641],[103.840049,1.253738],[103.839175,1.254015],[103.838334,1.254096],[103.838116,1.253965],[103.837729,1.253628],[103.837381,1.253467],[103.836969,1.253286],[103.83656,1.253201],[103.835871,1.253208],[103.835534,1.253252],[103.835259,1.253258],[103.834921,1.253239],[103.834602,1.253311],[103.834423,1.25337],[103.834123,1.253524],[103.833348,1.254137],[103.833141,1.254345],[103.832786,1.254547],[103.832708,1.254531],[103.832698,1.254467],[103.832306,1.254658],[103.832258,1.254648],[103.831994,1.254702],[103.831547,1.25469],[103.830854,1.254761],[103.830142,1.254571],[103.829853,1.254561],[103.829535,1.254498],[103.82798,1.254574],[103.827687,1.254581],[103.827167,1.25464],[103.82706,1.254666],[103.826886,1.254715],[103.826819,1.254728],[103.82615,1.254917],[103.825829,1.25503],[103.825224,1.25527],[103.824425,1.255975],[103.824378,1.256101],[103.824307,1.256168],[103.824311,1.256235],[103.824013,1.256369],[103.824101,1.259976],[103.824147,1.260059],[103.824317,1.259519],[103.824649,1.25902],[103.825287,1.258391],[103.826114,1.257867],[103.826696,1.257605],[103.827385,1.257513],[103.827891,1.25742],[103.828623,1.257116],[103.828545,1.256891],[103.829437,1.256548],[103.82966,1.256541],[103.829654,1.25668],[103.830376,1.256673],[103.830391,1.256763],[103.830487,1.257054],[103.830951,1.256892],[103.831129,1.257366],[103.831771,1.257151],[103.831735,1.256982],[103.83135,1.256863],[103.831397,1.256644],[103.831614,1.256709],[103.831636,1.256659],[103.831272,1.25654],[103.831271,1.256393],[103.83642,1.254784],[103.840173,1.256631],[103.840126,1.256715],[103.839907,1.25662],[103.839752,1.256937],[103.839892,1.257008],[103.83996,1.256901],[103.840025,1.256898],[103.840219,1.256996],[103.840254,1.256925],[103.84048,1.25688],[103.840548,1.256913],[103.84059,1.256836],[103.840624,1.256852],[103.842533,1.257842],[103.842006,1.258372],[103.838401,1.261756],[103.836157,1.263864],[103.833701,1.26378],[103.831321,1.263677],[103.830851,1.263663],[103.830448,1.263662],[103.827575,1.262],[103.826079,1.261168],[103.824802,1.260439],[103.824419,1.260242],[103.824202,1.260825],[103.824133,1.261323],[103.824105,1.261681],[103.824125,1.262888],[103.824133,1.26306],[103.824495,1.263057],[103.824649,1.263113],[103.825995,1.263891],[103.824848,1.265998],[103.825269,1.266115],[103.825698,1.266341],[103.825954,1.266582],[103.82642,1.267023],[103.826352,1.26711],[103.82597,1.2676],[103.825869,1.267731],[103.825687,1.267966],[103.825306,1.268769],[103.825226,1.269035],[103.825177,1.269304],[103.825227,1.269928],[103.825283,1.27036],[103.825281,1.270594],[103.825892,1.270748],[103.826328,1.270951],[103.826781,1.271261],[103.827335,1.271713],[103.827653,1.271986],[103.828063,1.272361],[103.828509,1.272769],[103.82866,1.272887],[103.828781,1.273042],[103.828831,1.273182],[103.828815,1.273278],[103.828556,1.274298],[103.828651,1.274667],[103.828679,1.274693],[103.829115,1.275183],[103.828386,1.275808],[103.826479,1.277411],[103.826821,1.277413],[103.826441,1.27777],[103.825637,1.27841],[103.825875,1.278711],[103.826282,1.278508],[103.826666,1.27927],[103.825676,1.279771],[103.825731,1.279868],[103.825483,1.280011],[103.825452,1.280027],[103.82586,1.280856],[103.825012,1.281292],[103.823809,1.281837],[103.822779,1.282303],[103.82192,1.282687],[103.821033,1.283057],[103.820207,1.283351],[103.820302,1.283528],[103.820436,1.283922]],[[103.823633,1.259937],[103.823637,1.26093],[103.823637,1.260187],[103.823633,1.259937],[103.823586,1.25671],[103.823516,1.256706],[103.823484,1.256687],[103.823477,1.256639],[103.823493,1.2566],[103.82353,1.256593],[103.82353,1.256573],[103.823518,1.256577],[103.823493,1.256599],[103.823471,1.256638],[103.823482,1.256686],[103.823535,1.256788],[103.823408,1.257298],[103.823311,1.257422],[103.82337,1.257584],[103.823446,1.257813],[103.823461,1.257943],[103.823491,1.258813],[103.823522,1.259217],[103.823633,1.259937]],[[103.839667,1.256893],[103.839824,1.256599],[103.839774,1.256563],[103.839775,1.256517],[103.838308,1.255783],[103.838272,1.255792],[103.838226,1.25578],[103.838084,1.256111],[103.839667,1.256893]],[[103.838151,1.25574],[103.838106,1.255711],[103.838094,1.255673],[103.836641,1.254945],[103.83661,1.25496],[103.836567,1.255034],[103.836736,1.255424],[103.836784,1.255462],[103.837987,1.256058],[103.838151,1.25574]]]]}},{"type":"Feature","properties":{"id":"POTONG PASIR","name":"Potong Pasir SMC","shortName":"Potong Pasir","type":"SMC","code":"PS","seats":1,"parties":["People's Action Party"]},"geometry":{"type":"Polygon","coordinates":[[[103.877269,1.344271],[103.876931,1.344352],[103.876614,1.344358],[103.876401,1.34432],[103.874612,1.343587],[103.874096,1.343511],[103.873663,1.343503],[103.87215,1.34354],[103.872018,1.343543],[103.87155,1.343429],[103.870671,1.343029],[103.869902,1.342746],[103.869612,1.342687],[103.869329,1.342702],[103.868444,1.343034],[103.867579,1.34347],[103.866342,1.343938],[103.865847,1.344171],[103.865482,1.34424],[103.865134,1.344285],[103.864742,1.344293],[103.86426,1.344192],[103.863587,1.343976],[103.862711,1.343688],[103.861453,1.343474],[103.861063,1.343456],[103.860422,1.343423],[103.861705,1.339761],[103.861889,1.339167],[103.861993,1.338843],[103.862149,1.337605],[103.862232,1.334227],[103.862351,1.330438],[103.862767,1.330333],[103.863775,1.329883],[103.865003,1.329308],[103.865824,1.329074],[103.867307,1.328628],[103.867923,1.328352],[103.868384,1.328113],[103.868422,1.328093],[103.868754,1.327911],[103.869497,1.32741],[103.870232,1.326753],[103.870597,1.326385],[103.871851,1.324997],[103.873198,1.323103],[103.873341,1.322903],[103.873616,1.32248],[103.874085,1.321758],[103.87448,1.321224],[103.874849,1.320848],[103.875015,1.320676],[103.87561,1.320288],[103.881436,1.322547],[103.88144,1.322549],[103.881333,1.323029],[103.881212,1.323672],[103.881187,1.323802],[103.881087,1.324231],[103.880884,1.325032],[103.880786,1.32542],[103.880707,1.325706],[103.880569,1.326156],[103.880182,1.327408],[103.880055,1.327773],[103.879952,1.328047],[103.879879,1.328254],[103.879766,1.328583],[103.879399,1.329847],[103.879224,1.330519],[103.879024,1.331263],[103.879804,1.331529],[103.880689,1.331723],[103.881513,1.331904],[103.882367,1.332075],[103.882529,1.332114],[103.882529,1.332708],[103.882584,1.333042],[103.882727,1.333496],[103.882274,1.334131],[103.882092,1.33422],[103.881374,1.334764],[103.881057,1.33513],[103.880758,1.335472],[103.881541,1.335942],[103.881783,1.336138],[103.88189,1.336291],[103.881964,1.336464],[103.881991,1.336583],[103.881039,1.337272],[103.880431,1.337752],[103.879466,1.338624],[103.879305,1.338746],[103.878997,1.338898],[103.878654,1.339025],[103.878197,1.339116],[103.877936,1.339145],[103.877462,1.339148],[103.877562,1.33952],[103.87767,1.339702],[103.877791,1.339835],[103.877915,1.33994],[103.877741,1.34008],[103.877427,1.340589],[103.876255,1.342148],[103.876408,1.342259],[103.876553,1.342411],[103.876649,1.342552],[103.87672,1.342656],[103.877269,1.344271]]]}},{"type":"Feature","properties":{"id":"PUNGGOL","name":"Punggol GRC","shortName":"Punggol","type":"GRC","code":"PG","seats":4,"parties":["People's Action Party"]},"geometry":{"type":"Polygon","coordinates":[[[103.912985,1.420523],[103.912971,1.420635],[103.912925,1.420756],[103.912833,1.420941],[103.912741,1.421097],[103.912602,1.421218],[103.911151,1.421634],[103.910621,1.421622],[103.908227,1.421266],[103.907826,1.421171],[103.907561,1.42096],[103.9074,1.420792],[103.90721,1.420529],[103.907056,1.420355],[103.906937,1.420254],[103.906794,1.420182],[103.906598,1.420182],[103.906426,1.420236],[103.906222,1.420354],[103.906033,1.420388],[103.905713,1.420411],[103.905558,1.420379],[103.904807,1.420388],[103.904217,1.420269],[103.903781,1.420162],[103.903097,1.41983],[103.901647,1.418952],[103.900785,1.418334],[103.900167,1.417843],[103.900105,1.417861],[103.899939,1.417735],[103.899588,1.417376],[103.899291,1.417041],[103.899023,1.416662],[103.898753,1.416192],[103.898474,1.415629],[103.897999,1.414647],[103.897989,1.41462],[103.897358,1.414914],[103.897357,1.414914],[103.897259,1.414696],[103.89711,1.414367],[103.897111,1.414367],[103.897769,1.414049],[103.897083,1.412495],[103.896852,1.411967],[103.896615,1.411422],[103.896412,1.411044],[103.896351,1.410894],[103.895989,1.410359],[103.895779,1.4101],[103.895828,1.409929],[103.895851,1.40989],[103.895829,1.409775],[103.895883,1.409777],[103.895881,1.409738],[103.89594,1.409735],[103.895872,1.409686],[103.89584,1.409643],[103.895812,1.409598],[103.895806,1.409544],[103.89581,1.409505],[103.89581,1.409432],[103.895683,1.409435],[103.895401,1.409394],[103.895119,1.409329],[103.894861,1.409013],[103.894845,1.408884],[103.89474,1.408794],[103.894628,1.408778],[103.894289,1.408405],[103.894188,1.408388],[103.894135,1.408316],[103.893951,1.408137],[103.893504,1.407621],[103.893492,1.407628],[103.892456,1.406517],[103.891593,1.405726],[103.890798,1.405244],[103.88893,1.404396],[103.888566,1.404126],[103.888107,1.403692],[103.887704,1.403162],[103.887446,1.402699],[103.887379,1.4024],[103.887354,1.401405],[103.886622,1.401447],[103.886622,1.401447],[103.886586,1.401207],[103.886585,1.401206],[103.88658,1.401174],[103.887471,1.401138],[103.889687,1.400846],[103.89388,1.400297],[103.895909,1.399967],[103.895944,1.39996],[103.895971,1.399954],[103.897117,1.399712],[103.89841,1.399337],[103.899104,1.399086],[103.899391,1.398983],[103.901374,1.398165],[103.901479,1.398105],[103.903595,1.396898],[103.904515,1.396248],[103.905246,1.395719],[103.90613,1.395001],[103.906255,1.394903],[103.90733,1.393901],[103.90843,1.392695],[103.908803,1.392285],[103.909476,1.391497],[103.910518,1.390281],[103.910705,1.390063],[103.91161,1.388994],[103.911673,1.388924],[103.912364,1.388156],[103.913064,1.387319],[103.914274,1.385937],[103.915029,1.386769],[103.91603,1.389422],[103.916669,1.390642],[103.916716,1.390732],[103.918375,1.392821],[103.919232,1.39363],[103.921232,1.395521],[103.921852,1.396027],[103.92222,1.396329],[103.921713,1.396948],[103.921711,1.39695],[103.921794,1.397033],[103.921911,1.397152],[103.922379,1.397515],[103.923055,1.398046],[103.923489,1.39832],[103.923656,1.398426],[103.923769,1.398497],[103.923931,1.398584],[103.924136,1.398695],[103.924487,1.398884],[103.924729,1.399015],[103.925256,1.3993],[103.925453,1.39939],[103.925455,1.399391],[103.925475,1.3994],[103.925513,1.399451],[103.925485,1.399511],[103.925554,1.399566],[103.925633,1.399649],[103.925635,1.399652],[103.925732,1.399748],[103.925807,1.399913],[103.925831,1.400077],[103.925826,1.400251],[103.925775,1.400416],[103.925709,1.400534],[103.925639,1.400632],[103.925541,1.400731],[103.925401,1.400816],[103.925195,1.400891],[103.925013,1.400971],[103.924816,1.401103],[103.924611,1.401268],[103.924698,1.402298],[103.924698,1.40248],[103.924655,1.402662],[103.924568,1.402836],[103.924481,1.402955],[103.924363,1.403054],[103.92421,1.403137],[103.921426,1.404654],[103.921215,1.40481],[103.9192,1.40664],[103.917201,1.408447],[103.91715,1.408517],[103.915763,1.411009],[103.914802,1.412739],[103.9142,1.415912],[103.9142,1.415913],[103.915074,1.416001],[103.915174,1.415625],[103.915386,1.415256],[103.915747,1.414736],[103.916081,1.414156],[103.91622,1.4137],[103.916305,1.413306],[103.916331,1.412803],[103.916359,1.412131],[103.916485,1.411799],[103.916665,1.411381],[103.917,1.41073],[103.917485,1.409924],[103.917702,1.409611],[103.917988,1.409243],[103.918362,1.408799],[103.918963,1.408186],[103.919329,1.407874],[103.919758,1.407555],[103.920081,1.407373],[103.92046,1.407211],[103.9211,1.407048],[103.921547,1.406848],[103.921876,1.406611],[103.922199,1.406304],[103.922466,1.405954],[103.922652,1.40561],[103.922913,1.405223],[103.923211,1.404879],[103.923507,1.4046],[103.924006,1.404241],[103.92441,1.404029],[103.924801,1.40386],[103.925261,1.403735],[103.925752,1.403666],[103.926584,1.403685],[103.92664,1.403541],[103.926733,1.403466],[103.926888,1.403416],[103.927067,1.403491],[103.927361,1.403491],[103.92759,1.403447],[103.927789,1.403385],[103.927932,1.403322],[103.928013,1.403247],[103.928095,1.403144],[103.928236,1.402672],[103.928469,1.402062],[103.928777,1.401752],[103.929005,1.401628],[103.929227,1.401554],[103.929461,1.401504],[103.929505,1.401203],[103.930004,1.401409],[103.929985,1.401535],[103.930225,1.401597],[103.930484,1.401727],[103.93069,1.401872],[103.930895,1.402066],[103.931069,1.402322],[103.931174,1.402553],[103.931255,1.402947],[103.931205,1.403366],[103.931081,1.403728],[103.930882,1.404004],[103.930448,1.404404],[103.930131,1.40466],[103.929497,1.405254],[103.928721,1.405954],[103.928025,1.406617],[103.927212,1.407379],[103.926541,1.408005],[103.925851,1.408711],[103.925314,1.409304],[103.925063,1.40964],[103.924396,1.410284],[103.923951,1.41076],[103.923284,1.411376],[103.922945,1.411637],[103.922441,1.411993],[103.921367,1.412593],[103.920622,1.412993],[103.919994,1.413418],[103.919572,1.413725],[103.919029,1.414288],[103.918639,1.41482],[103.918166,1.41538],[103.917851,1.4156],[103.917555,1.415856],[103.917473,1.415975],[103.917323,1.416113],[103.916957,1.416613],[103.916404,1.417232],[103.916075,1.417388],[103.915758,1.417413],[103.915441,1.417282],[103.915181,1.417038],[103.915025,1.416594],[103.915025,1.41642],[103.914122,1.416348],[103.914011,1.416942],[103.913986,1.417333],[103.913986,1.417829],[103.914017,1.418311],[103.913934,1.418655],[103.913699,1.418987],[103.913599,1.419365],[103.913349,1.419828],[103.913062,1.420176],[103.912985,1.420523]]]}},{"type":"Feature","properties":{"id":"JALAN KAYU","name":"Jalan Kayu SMC","shortName":"Jalan Kayu","type":"SMC","code":"JK","seats":1,"parties":["People's Action Party"]},"geometry":{"type":"Polygon","coordinates":[[[103.883995,1.428359],[103.880394,1.430975],[103.879677,1.431375],[103.878961,1.43168],[103.878054,1.43192],[103.87713,1.432032],[103.876223,1.431984],[103.875172,1.431792],[103.874265,1.43152],[103.873405,1.431055],[103.872004,1.430206],[103.870954,1.429597],[103.869998,1.428908],[103.869366,1.428091],[103.869354,1.428066],[103.869276,1.427955],[103.869249,1.42791],[103.869221,1.427872],[103.869202,1.427841],[103.869154,1.427751],[103.869146,1.427728],[103.869128,1.427681],[103.869116,1.427662],[103.869097,1.427619],[103.869075,1.427561],[103.869054,1.427491],[103.869028,1.427379],[103.869008,1.427201],[103.869006,1.427148],[103.869009,1.427053],[103.869034,1.426841],[103.869053,1.426752],[103.86906,1.426732],[103.869077,1.426689],[103.869092,1.426641],[103.869111,1.426595],[103.869147,1.426527],[103.867288,1.424898],[103.867207,1.42498],[103.867099,1.42498],[103.86699,1.424925],[103.866909,1.42487],[103.866828,1.424789],[103.866708,1.42473],[103.866529,1.424679],[103.866383,1.424555],[103.866144,1.42426],[103.865883,1.424052],[103.865579,1.424008],[103.865253,1.424041],[103.865144,1.42414],[103.864894,1.424151],[103.864439,1.42409],[103.864289,1.424041],[103.863954,1.423888],[103.863792,1.423806],[103.863683,1.423724],[103.863575,1.423642],[103.863521,1.42356],[103.863521,1.423478],[103.863602,1.423396],[103.86371,1.423424],[103.863873,1.423424],[103.863927,1.423396],[103.863954,1.423287],[103.863954,1.423178],[103.8639,1.423041],[103.863846,1.42296],[103.863738,1.422878],[103.863629,1.422769],[103.863548,1.422769],[103.863412,1.422769],[103.863318,1.422796],[103.863205,1.422823],[103.863114,1.42285],[103.863033,1.422872],[103.862861,1.42292],[103.862735,1.422987],[103.862548,1.42309],[103.862352,1.423232],[103.862157,1.423352],[103.861744,1.423484],[103.861363,1.423637],[103.86115,1.423736],[103.860997,1.423517],[103.859393,1.420734],[103.855433,1.415636],[103.852444,1.412135],[103.849498,1.409251],[103.849394,1.409169],[103.848669,1.408629],[103.847919,1.408125],[103.847146,1.407658],[103.846352,1.407228],[103.845538,1.406837],[103.844707,1.406486],[103.84386,1.406175],[103.842999,1.405905],[103.842126,1.405677],[103.841828,1.405625],[103.841392,1.405512],[103.840968,1.405357],[103.840561,1.405162],[103.840174,1.404929],[103.839811,1.404659],[103.839475,1.404357],[103.83917,1.404023],[103.838897,1.403661],[103.838661,1.403275],[103.838461,1.402868],[103.838302,1.402443],[103.838183,1.402006],[103.838107,1.401558],[103.838073,1.401106],[103.838073,1.401106],[103.838083,1.400652],[103.838135,1.400201],[103.83823,1.399758],[103.838367,1.399325],[103.839939,1.395849],[103.839939,1.395847],[103.840799,1.393945],[103.843,1.38875],[103.843001,1.388748],[103.843199,1.3889],[103.845135,1.390333],[103.845581,1.390677],[103.84608,1.391045],[103.847813,1.391892],[103.848525,1.392122],[103.849448,1.392327],[103.850271,1.392416],[103.851236,1.392445],[103.851499,1.392445],[103.852053,1.392381],[103.852487,1.392313],[103.855077,1.391764],[103.858112,1.391131],[103.859838,1.3907],[103.86059,1.390489],[103.861699,1.390188],[103.863926,1.389562],[103.867094,1.388682],[103.8682,1.388377],[103.868828,1.388201],[103.869026,1.389712],[103.869117,1.391299],[103.869117,1.391301],[103.871396,1.391104],[103.871756,1.391066],[103.87206,1.391028],[103.872292,1.390998],[103.873363,1.390878],[103.87366,1.390858],[103.873966,1.390827],[103.874894,1.390761],[103.875566,1.39071],[103.875827,1.390698],[103.876218,1.390795],[103.876486,1.390897],[103.879091,1.39189],[103.87978,1.392075],[103.880159,1.392116],[103.88062,1.392116],[103.880958,1.39209],[103.88128,1.392033],[103.881491,1.391977],[103.881486,1.392428],[103.881635,1.393028],[103.882024,1.3935],[103.882829,1.394105],[103.88354,1.394542],[103.884306,1.395014],[103.884946,1.395754],[103.885664,1.397185],[103.885782,1.397637],[103.885782,1.397638],[103.886395,1.39999],[103.88658,1.401174],[103.886585,1.401206],[103.886586,1.401206],[103.886622,1.401447],[103.886622,1.401447],[103.886185,1.401472],[103.886191,1.401812],[103.88621,1.402294],[103.886277,1.402863],[103.886478,1.403355],[103.886775,1.403904],[103.88713,1.404425],[103.887704,1.405003],[103.88825,1.405408],[103.888978,1.405755],[103.889783,1.406092],[103.890319,1.406382],[103.890664,1.406719],[103.890932,1.406815],[103.891114,1.407047],[103.89122,1.407317],[103.892364,1.40849],[103.893274,1.409462],[103.894367,1.410629],[103.894842,1.411431],[103.894951,1.411828],[103.894997,1.412312],[103.894881,1.412531],[103.894842,1.412765],[103.894748,1.412957],[103.894494,1.413077],[103.894369,1.413186],[103.894261,1.413256],[103.894106,1.413319],[103.893889,1.413451],[103.893711,1.413576],[103.893618,1.413756],[103.893587,1.413943],[103.893168,1.413997],[103.893126,1.413944],[103.893125,1.413943],[103.893021,1.41381],[103.892951,1.413756],[103.892896,1.413769],[103.893289,1.415059],[103.893346,1.415051],[103.893439,1.41509],[103.893827,1.415035],[103.89461,1.414934],[103.894703,1.414973],[103.894928,1.414934],[103.895021,1.414832],[103.895277,1.414809],[103.895703,1.414848],[103.895806,1.414844],[103.896876,1.414367],[103.896931,1.414453],[103.89711,1.414367],[103.897111,1.414367],[103.897259,1.414694],[103.897358,1.414914],[103.897357,1.414914],[103.896484,1.415319],[103.896553,1.415392],[103.896598,1.415433],[103.896665,1.415514],[103.89674,1.415625],[103.896781,1.415681],[103.896803,1.415725],[103.896854,1.415802],[103.896898,1.415879],[103.897045,1.416188],[103.897096,1.416327],[103.897195,1.416536],[103.897275,1.416731],[103.897309,1.416821],[103.897362,1.416923],[103.897395,1.417004],[103.897472,1.417169],[103.89754,1.417335],[103.897612,1.417496],[103.897658,1.417612],[103.897716,1.417807],[103.897719,1.417823],[103.897725,1.417855],[103.897733,1.417929],[103.897769,1.418063],[103.897781,1.418113],[103.897789,1.418192],[103.897793,1.418266],[103.897804,1.418378],[103.89781,1.418531],[103.89777,1.419013],[103.897754,1.419111],[103.897727,1.419229],[103.897653,1.419423],[103.897613,1.419514],[103.897591,1.419578],[103.897538,1.419708],[103.897508,1.41977],[103.897438,1.419899],[103.89733,1.420074],[103.897215,1.420242],[103.89709,1.420382],[103.897071,1.420411],[103.897052,1.420422],[103.89703,1.420441],[103.89691,1.420569],[103.896814,1.420653],[103.896729,1.420719],[103.89665,1.420768],[103.896468,1.420897],[103.896311,1.420995],[103.896167,1.421076],[103.896094,1.421113],[103.895966,1.421195],[103.895806,1.421276],[103.895656,1.421362],[103.895606,1.421382],[103.895553,1.421422],[103.895456,1.421477],[103.895392,1.421518],[103.895327,1.421566],[103.895268,1.421597],[103.895153,1.42167],[103.895111,1.421693],[103.894977,1.421757],[103.894847,1.421834],[103.894771,1.421864],[103.894681,1.421908],[103.894611,1.42195],[103.894518,1.422015],[103.894456,1.422043],[103.894404,1.422072],[103.894305,1.42215],[103.892416,1.423249],[103.891701,1.423666],[103.890474,1.42438],[103.890393,1.424419],[103.890266,1.424506],[103.89017,1.424562],[103.890074,1.424625],[103.889869,1.424729],[103.889775,1.424791],[103.889698,1.424828],[103.88962,1.424889],[103.889595,1.424903],[103.889553,1.424916],[103.889536,1.424933],[103.889478,1.424969],[103.889448,1.424995],[103.889336,1.425056],[103.88927,1.425085],[103.88923,1.425108],[103.888994,1.425256],[103.88892,1.425308],[103.888749,1.425395],[103.888652,1.425441],[103.888636,1.425433],[103.888586,1.425354],[103.888546,1.425297],[103.888486,1.425193],[103.888404,1.425075],[103.888341,1.424974],[103.888343,1.424955],[103.888382,1.424905],[103.888388,1.424887],[103.888381,1.424865],[103.888368,1.424845],[103.888259,1.424722],[103.888121,1.424538],[103.888082,1.424486],[103.888064,1.424445],[103.888,1.424343],[103.887964,1.424273],[103.887915,1.424204],[103.887887,1.424149],[103.887833,1.424073],[103.8878,1.424013],[103.887723,1.423893],[103.887624,1.42375],[103.887566,1.42367],[103.887522,1.423617],[103.887484,1.423563],[103.887287,1.423249],[103.887252,1.423194],[103.886548,1.423619],[103.886576,1.423669],[103.886631,1.423757],[103.886647,1.42378],[103.886708,1.423849],[103.886741,1.423897],[103.886814,1.423975],[103.886838,1.424005],[103.886875,1.424059],[103.88692,1.424133],[103.88702,1.424275],[103.887104,1.424415],[103.887239,1.424608],[103.887304,1.424688],[103.887356,1.424762],[103.887419,1.424864],[103.887454,1.424904],[103.887512,1.424984],[103.887564,1.425071],[103.887578,1.425103],[103.887619,1.425159],[103.887637,1.425199],[103.887686,1.425193],[103.887707,1.425193],[103.887724,1.425197],[103.887793,1.425285],[103.887827,1.425338],[103.887886,1.42542],[103.887953,1.425529],[103.888,1.42562],[103.888094,1.425796],[103.883995,1.428359]],[[103.869215,1.426398],[103.869244,1.426354],[103.869285,1.426286],[103.869379,1.426167],[103.869408,1.426125],[103.869486,1.42603],[103.869548,1.42596],[103.869744,1.425773],[103.869762,1.425757],[103.869771,1.425755],[103.869823,1.425756],[103.869839,1.425743],[103.86985,1.425721],[103.869861,1.425706],[103.869896,1.425671],[103.869967,1.425616],[103.870029,1.425564],[103.870049,1.425556],[103.870089,1.425565],[103.870127,1.425542],[103.870142,1.425525],[103.870161,1.425491],[103.86954,1.424574],[103.869341,1.424651],[103.869223,1.424679],[103.869103,1.424651],[103.86905,1.424734],[103.868903,1.424817],[103.868794,1.42485],[103.86859,1.424734],[103.868534,1.424599],[103.868392,1.424599],[103.868153,1.424588],[103.86798,1.42461],[103.867773,1.424708],[103.867578,1.424763],[103.867343,1.424652],[103.867331,1.424724],[103.869215,1.426398]],[[103.869921,1.424622],[103.870273,1.425196],[103.870439,1.425397],[103.870475,1.425384],[103.871308,1.424886],[103.871747,1.424604],[103.871488,1.424194],[103.871271,1.42422],[103.871052,1.424287],[103.869921,1.424622]],[[103.872659,1.423439],[103.8729,1.423804],[103.873439,1.423361],[103.873637,1.423194],[103.874058,1.422827],[103.874448,1.422477],[103.874969,1.421961],[103.875555,1.421359],[103.875882,1.420991],[103.876653,1.420173],[103.876869,1.41995],[103.877152,1.419707],[103.877503,1.419456],[103.877834,1.419219],[103.878138,1.419037],[103.878489,1.418844],[103.878954,1.41863],[103.879171,1.41854],[103.879321,1.418478],[103.879779,1.418325],[103.880489,1.418143],[103.880669,1.418103],[103.88106,1.418042],[103.88161,1.417942],[103.881737,1.417919],[103.88212,1.417865],[103.882202,1.417854],[103.882254,1.41777],[103.882742,1.417697],[103.883017,1.418091],[103.882995,1.418198],[103.883225,1.418495],[103.8836,1.419144],[103.88371,1.419335],[103.884089,1.419838],[103.884299,1.420186],[103.884704,1.420796],[103.885085,1.421366],[103.885424,1.421849],[103.88573,1.422335],[103.886221,1.423054],[103.886226,1.4231],[103.886931,1.422731],[103.886937,1.422632],[103.886784,1.422415],[103.886542,1.422048],[103.886314,1.421708],[103.886254,1.421619],[103.885926,1.421124],[103.885621,1.420671],[103.885451,1.420428],[103.885276,1.420162],[103.884824,1.419479],[103.88457,1.419101],[103.884288,1.418681],[103.884106,1.418422],[103.88383,1.418038],[103.883741,1.418024],[103.883494,1.417648],[103.883486,1.417581],[103.883546,1.417542],[103.884025,1.417531],[103.884169,1.417593],[103.884572,1.41751],[103.885017,1.417427],[103.885565,1.417291],[103.886133,1.417052],[103.886619,1.416813],[103.887239,1.416417],[103.88758,1.416168],[103.887921,1.415949],[103.88819,1.415804],[103.888438,1.415731],[103.888727,1.415648],[103.889037,1.415616],[103.889513,1.415544],[103.890061,1.415502],[103.890516,1.415429],[103.891466,1.415325],[103.891983,1.415273],[103.892324,1.415179],[103.892779,1.415159],[103.892845,1.415123],[103.892467,1.413958],[103.892411,1.414007],[103.892369,1.41406],[103.89195,1.41403],[103.890545,1.414418],[103.88958,1.414557],[103.887857,1.415015],[103.886362,1.415937],[103.886068,1.416122],[103.885549,1.416408],[103.885204,1.416591],[103.884678,1.416765],[103.884036,1.41688],[103.883499,1.416919],[103.882953,1.4169],[103.882168,1.416765],[103.881734,1.41651],[103.881732,1.41651],[103.881466,1.416317],[103.8813,1.416133],[103.881225,1.415866],[103.881208,1.415665],[103.881336,1.415285],[103.881183,1.415021],[103.880627,1.415147],[103.88056,1.415364],[103.880297,1.415497],[103.879829,1.415876],[103.879095,1.41628],[103.878694,1.416506],[103.8786,1.416643],[103.878553,1.416682],[103.878677,1.416845],[103.878469,1.416999],[103.878423,1.417033],[103.878268,1.416855],[103.878146,1.417099],[103.877323,1.417509],[103.876901,1.417783],[103.875467,1.418992],[103.875212,1.419256],[103.874656,1.419863],[103.874692,1.419995],[103.874739,1.420114],[103.874763,1.420258],[103.874704,1.420377],[103.874668,1.420509],[103.874656,1.4207],[103.874733,1.420849],[103.87461,1.421214],[103.874386,1.42168],[103.874185,1.421968],[103.874008,1.422162],[103.8739,1.422216],[103.873773,1.422221],[103.87361,1.422177],[103.873315,1.422292],[103.87322,1.422445],[103.873182,1.422628],[103.873105,1.422815],[103.873005,1.422858],[103.873,1.422889],[103.872942,1.423007],[103.872891,1.423053],[103.872897,1.423062],[103.872732,1.423236],[103.872659,1.423439]]]}},{"type":"Feature","properties":{"id":"ALJUNIED","name":"Aljunied GRC","shortName":"Aljunied","type":"GRC","code":"AJ","seats":5,"parties":["Workers' Party"]},"geometry":{"type":"Polygon","coordinates":[[[103.915067,1.384981],[103.914735,1.385402],[103.914274,1.385937],[103.913773,1.385414],[103.912958,1.384909],[103.911646,1.38489],[103.910783,1.385211],[103.909471,1.385419],[103.907399,1.385155],[103.906135,1.384597],[103.905824,1.384352],[103.90513,1.383767],[103.904718,1.382464],[103.904739,1.382009],[103.904828,1.380112],[103.903745,1.379794],[103.902938,1.379723],[103.901702,1.37957],[103.900561,1.379432],[103.897334,1.37904],[103.896844,1.378911],[103.896764,1.378311],[103.896702,1.377207],[103.896646,1.377058],[103.896425,1.376663],[103.896197,1.37631],[103.895846,1.376544],[103.895428,1.376706],[103.895056,1.376795],[103.894865,1.376818],[103.894189,1.37683],[103.894178,1.37683],[103.893448,1.376846],[103.893263,1.376832],[103.892806,1.376766],[103.892374,1.376692],[103.891565,1.376519],[103.890926,1.376354],[103.890384,1.37615],[103.889862,1.375891],[103.889661,1.375771],[103.8896,1.375735],[103.889308,1.375561],[103.888542,1.375],[103.888219,1.374731],[103.888095,1.374628],[103.887666,1.374208],[103.887024,1.373509],[103.886824,1.37329],[103.88677,1.373217],[103.886166,1.372397],[103.885933,1.372065],[103.886266,1.371819],[103.886578,1.371639],[103.88688,1.371534],[103.887424,1.371442],[103.887707,1.371394],[103.887817,1.371366],[103.888091,1.371297],[103.888328,1.371167],[103.888726,1.370822],[103.888962,1.370583],[103.889175,1.370884],[103.88956,1.371388],[103.89005,1.371907],[103.891147,1.370887],[103.891598,1.370231],[103.892003,1.370231],[103.892003,1.369061],[103.892003,1.369051],[103.892088,1.368959],[103.892761,1.36961],[103.892761,1.369728],[103.892761,1.370229],[103.893305,1.370234],[103.893482,1.3704],[103.89382,1.370743],[103.893955,1.370599],[103.894001,1.370486],[103.894009,1.370009],[103.894032,1.369928],[103.894227,1.369694],[103.894364,1.36957],[103.894656,1.369271],[103.894963,1.369563],[103.895682,1.370262],[103.895969,1.370531],[103.896798,1.371291],[103.897295,1.371766],[103.897747,1.3722],[103.899044,1.373301],[103.899352,1.373611],[103.899677,1.373922],[103.900287,1.374531],[103.900753,1.374998],[103.900925,1.375162],[103.902499,1.376667],[103.902683,1.376892],[103.902818,1.377079],[103.90296,1.377312],[103.903214,1.37713],[103.903863,1.376685],[103.90486,1.376085],[103.904634,1.375011],[103.904399,1.374486],[103.903803,1.37355],[103.902373,1.372139],[103.901827,1.371435],[103.901695,1.371184],[103.900787,1.369456],[103.900213,1.368021],[103.899724,1.366733],[103.898194,1.365287],[103.896465,1.363636],[103.896076,1.363264],[103.895908,1.362968],[103.89559,1.361764],[103.895371,1.361738],[103.894939,1.361692],[103.89355,1.361566],[103.893008,1.361503],[103.892949,1.362105],[103.892914,1.362483],[103.892843,1.362958],[103.892811,1.363081],[103.892767,1.363255],[103.892653,1.363542],[103.892503,1.36385],[103.892367,1.364058],[103.892071,1.364428],[103.89161,1.364921],[103.890934,1.365644],[103.890646,1.365383],[103.890224,1.364968],[103.889687,1.364441],[103.889226,1.364057],[103.888751,1.363593],[103.887959,1.362815],[103.887527,1.363306],[103.88711,1.36376],[103.886586,1.364337],[103.885386,1.365641],[103.885531,1.365898],[103.885545,1.36596],[103.885679,1.366699],[103.88563,1.367094],[103.885613,1.367234],[103.88548,1.367675],[103.885462,1.368096],[103.88401,1.368397],[103.88262,1.368685],[103.880342,1.369194],[103.879947,1.369287],[103.879365,1.369402],[103.878931,1.369468],[103.878522,1.369678],[103.876921,1.369982],[103.876428,1.370081],[103.875937,1.370209],[103.874886,1.370461],[103.874331,1.370594],[103.873688,1.370662],[103.872074,1.37107],[103.871669,1.371171],[103.871141,1.371304],[103.869643,1.371679],[103.869112,1.371812],[103.868713,1.371877],[103.868284,1.371906],[103.868278,1.371905],[103.867616,1.371883],[103.866936,1.371792],[103.866749,1.37173],[103.866014,1.371432],[103.865907,1.371374],[103.864738,1.370655],[103.864547,1.370581],[103.864141,1.370439],[103.863935,1.370372],[103.86374,1.370306],[103.862091,1.369757],[103.861306,1.369519],[103.860899,1.369422],[103.860918,1.368891],[103.860913,1.368584],[103.860849,1.368072],[103.860766,1.367688],[103.860661,1.367288],[103.860365,1.366557],[103.859987,1.365512],[103.859905,1.365285],[103.859043,1.36274],[103.858439,1.361116],[103.857941,1.359699],[103.85735,1.358126],[103.85707,1.357121],[103.856913,1.356303],[103.856853,1.355495],[103.85686,1.354852],[103.856935,1.35377],[103.857165,1.352696],[103.857686,1.351127],[103.858178,1.349768],[103.859005,1.347435],[103.860143,1.344196],[103.860341,1.344209],[103.860485,1.344277],[103.860549,1.344366],[103.860557,1.34445],[103.860461,1.345108],[103.860017,1.347399],[103.860012,1.347634],[103.860084,1.348321],[103.860175,1.348623],[103.86023,1.34879],[103.860359,1.349024],[103.860578,1.349347],[103.860621,1.34941],[103.861018,1.349871],[103.86156,1.350496],[103.862542,1.351635],[103.862731,1.351854],[103.863822,1.35313],[103.86511,1.354204],[103.865439,1.354356],[103.867012,1.355069],[103.867766,1.355366],[103.868489,1.355461],[103.868829,1.355507],[103.87003,1.35558],[103.870385,1.355604],[103.870694,1.355624],[103.87134,1.355664],[103.872732,1.355741],[103.873054,1.355721],[103.873216,1.355686],[103.873482,1.355562],[103.873809,1.355389],[103.873969,1.35528],[103.874495,1.354764],[103.876046,1.352984],[103.876376,1.352578],[103.876497,1.352479],[103.876579,1.352411],[103.876627,1.352372],[103.877002,1.352159],[103.877365,1.352014],[103.877901,1.351826],[103.878376,1.351676],[103.878668,1.351522],[103.878927,1.351341],[103.879215,1.351031],[103.879527,1.351129],[103.87973,1.351162],[103.8808,1.351034],[103.881035,1.35098],[103.8817,1.350891],[103.881716,1.350889],[103.882017,1.350928],[103.883136,1.351072],[103.884037,1.351196],[103.884286,1.351233],[103.88436,1.351257],[103.884573,1.349348],[103.884792,1.349298],[103.885344,1.349246],[103.886104,1.348856],[103.886223,1.348869],[103.886917,1.348923],[103.88781,1.348976],[103.888063,1.348945],[103.889694,1.348993],[103.889768,1.348514],[103.889861,1.348237],[103.890387,1.347272],[103.890512,1.347002],[103.890644,1.346622],[103.890807,1.345932],[103.891255,1.3439],[103.891385,1.343322],[103.891436,1.34304],[103.891496,1.342515],[103.891576,1.34194],[103.891783,1.341301],[103.892144,1.340672],[103.892308,1.340471],[103.892494,1.340244],[103.892744,1.340027],[103.892968,1.339874],[103.893333,1.339681],[103.894211,1.339303],[103.894354,1.339241],[103.894694,1.339061],[103.895527,1.338428],[103.895805,1.338121],[103.896228,1.337758],[103.896687,1.337286],[103.896966,1.337017],[103.899126,1.334948],[103.899385,1.334699],[103.899639,1.334454],[103.901854,1.332318],[103.902313,1.331876],[103.902703,1.331501],[103.904334,1.329924],[103.904749,1.329527],[103.905059,1.32914],[103.905103,1.329072],[103.905397,1.328615],[103.90554,1.328313],[103.905657,1.328],[103.905733,1.327741],[103.905836,1.327208],[103.905846,1.326604],[103.905796,1.326215],[103.907487,1.326717],[103.908187,1.326924],[103.908461,1.327003],[103.908933,1.327163],[103.909455,1.327404],[103.909916,1.327687],[103.910365,1.327962],[103.911017,1.328338],[103.911985,1.32884],[103.91323,1.329449],[103.913263,1.329465],[103.914917,1.330242],[103.917008,1.331227],[103.918917,1.332136],[103.919532,1.332433],[103.9196,1.332286],[103.919871,1.33175],[103.920099,1.331484],[103.920887,1.330943],[103.921825,1.330266],[103.922273,1.329961],[103.922728,1.32972],[103.923341,1.329481],[103.923848,1.329361],[103.924442,1.329288],[103.924919,1.32929],[103.925497,1.329359],[103.926061,1.329498],[103.926497,1.32963],[103.928302,1.330107],[103.928844,1.330252],[103.930538,1.330646],[103.93429,1.331517],[103.9341,1.332508],[103.934094,1.332537],[103.93356,1.335295],[103.933408,1.336084],[103.933211,1.336825],[103.933069,1.337604],[103.932999,1.337962],[103.933043,1.33797],[103.933263,1.338014],[103.933474,1.338056],[103.933703,1.338115],[103.93401,1.338224],[103.934288,1.338357],[103.934537,1.338506],[103.934759,1.338667],[103.93508,1.338953],[103.935166,1.339042],[103.935579,1.339468],[103.934064,1.340994],[103.929996,1.345088],[103.926096,1.347533],[103.924961,1.348594],[103.925079,1.348703],[103.925343,1.348999],[103.9256,1.349362],[103.925923,1.349939],[103.926113,1.350282],[103.926359,1.350726],[103.927571,1.352967],[103.930089,1.357604],[103.930256,1.357918],[103.930449,1.358294],[103.930567,1.358575],[103.930678,1.359014],[103.930824,1.359428],[103.930891,1.360016],[103.930913,1.360336],[103.930914,1.360355],[103.930936,1.36072],[103.930915,1.363556],[103.930883,1.36551],[103.930893,1.366118],[103.928069,1.366344],[103.927409,1.366517],[103.926209,1.367074],[103.925486,1.36758],[103.925062,1.367964],[103.924781,1.368231],[103.924387,1.368642],[103.923883,1.369166],[103.923244,1.369827],[103.92112,1.372028],[103.92083,1.372384],[103.920707,1.37257],[103.920506,1.372921],[103.920263,1.373463],[103.92021,1.373687],[103.920111,1.374365],[103.919704,1.378159],[103.919613,1.37854],[103.919535,1.378759],[103.919449,1.37897],[103.919263,1.379267],[103.919146,1.379387],[103.918984,1.379553],[103.918696,1.379772],[103.918526,1.379868],[103.91786,1.380089],[103.91771,1.38007],[103.917252,1.380008],[103.916696,1.379818],[103.915428,1.379147],[103.915138,1.378975],[103.914909,1.378796],[103.914641,1.378552],[103.914983,1.379101],[103.915285,1.379507],[103.915734,1.380088],[103.916759,1.381581],[103.917509,1.382355],[103.915635,1.384371],[103.915067,1.384981]]]}},{"type":"Feature","properties":{"id":"ANG MO KIO","name":"Ang Mo Kio GRC","shortName":"Ang Mo Kio","type":"GRC","code":"AM","seats":5,"parties":["People's Action Party"]},"geometry":{"type":"Polygon","coordinates":[[[103.8682,1.388379],[103.867094,1.388684],[103.863926,1.389564],[103.861699,1.39019],[103.86059,1.390491],[103.859838,1.390702],[103.858112,1.391133],[103.855077,1.391766],[103.852487,1.392315],[103.852053,1.392383],[103.851499,1.392446],[103.851236,1.392446],[103.850271,1.392418],[103.849448,1.392329],[103.848525,1.392124],[103.847813,1.391894],[103.84608,1.391047],[103.845581,1.390679],[103.845135,1.390335],[103.843199,1.388902],[103.843001,1.38875],[103.843,1.38875],[103.84162,1.387735],[103.841906,1.387031],[103.843137,1.383974],[103.843168,1.383897],[103.843692,1.382586],[103.843775,1.382353],[103.843848,1.382148],[103.843889,1.382031],[103.843957,1.38184],[103.844207,1.380895],[103.844247,1.380744],[103.84427,1.380616],[103.844331,1.380281],[103.844393,1.379761],[103.844641,1.377763],[103.844693,1.377341],[103.844713,1.377177],[103.844735,1.377003],[103.845097,1.37403],[103.845383,1.371696],[103.845496,1.3706],[103.845503,1.370533],[103.845458,1.369419],[103.845415,1.369089],[103.845374,1.368785],[103.845313,1.368499],[103.845183,1.368093],[103.845012,1.367711],[103.844795,1.36735],[103.844305,1.366655],[103.843313,1.367549],[103.842922,1.367101],[103.842779,1.366976],[103.842625,1.366879],[103.842453,1.366815],[103.842271,1.366786],[103.842088,1.366795],[103.84187,1.366852],[103.841597,1.366948],[103.84121,1.367084],[103.840407,1.367359],[103.840559,1.367804],[103.840642,1.368132],[103.840757,1.369025],[103.840826,1.369648],[103.840503,1.369684],[103.839261,1.369835],[103.838887,1.369864],[103.838463,1.369842],[103.838098,1.36977],[103.837631,1.369599],[103.837247,1.369371],[103.836888,1.369096],[103.83655,1.368726],[103.836348,1.36841],[103.836236,1.368189],[103.835994,1.367531],[103.835658,1.366541],[103.83694,1.366101],[103.839826,1.36504],[103.840195,1.364903],[103.84079,1.364684],[103.841481,1.364506],[103.841636,1.364472],[103.84298,1.364343],[103.844034,1.364241],[103.845476,1.364115],[103.846334,1.363956],[103.846532,1.363914],[103.847038,1.363775],[103.847446,1.363634],[103.847602,1.363579],[103.84794,1.363427],[103.848687,1.36309],[103.848918,1.362915],[103.849352,1.362681],[103.849919,1.362262],[103.850033,1.36217],[103.851816,1.360748],[103.851938,1.360652],[103.852263,1.360326],[103.852888,1.359799],[103.8531,1.359608],[103.853388,1.359297],[103.85369,1.358848],[103.853929,1.358442],[103.854299,1.357648],[103.854563,1.357134],[103.854888,1.35665],[103.855111,1.35643],[103.855318,1.356236],[103.855583,1.356034],[103.855906,1.355842],[103.856336,1.355646],[103.856385,1.355632],[103.856853,1.355495],[103.856913,1.356303],[103.85707,1.357121],[103.85735,1.358126],[103.857941,1.359699],[103.858439,1.361116],[103.859043,1.36274],[103.859987,1.365512],[103.860365,1.366557],[103.860661,1.367288],[103.860766,1.367688],[103.860849,1.368072],[103.860913,1.368584],[103.860918,1.368891],[103.860899,1.369422],[103.861306,1.369519],[103.862091,1.369757],[103.86374,1.370306],[103.863935,1.370372],[103.864141,1.370439],[103.864547,1.370581],[103.864738,1.370655],[103.865907,1.371374],[103.866014,1.371432],[103.866749,1.37173],[103.866936,1.371792],[103.867616,1.371883],[103.868278,1.371905],[103.868284,1.371906],[103.868713,1.371877],[103.869112,1.371812],[103.869643,1.371679],[103.871141,1.371304],[103.871669,1.371171],[103.872074,1.37107],[103.873688,1.370662],[103.874331,1.370594],[103.874886,1.370461],[103.875937,1.370209],[103.876428,1.370081],[103.876921,1.369982],[103.878522,1.369678],[103.878931,1.369468],[103.879365,1.369402],[103.879947,1.369287],[103.880342,1.369194],[103.88262,1.368685],[103.88401,1.368397],[103.885462,1.368096],[103.886345,1.367917],[103.886821,1.367816],[103.886896,1.368183],[103.887063,1.368611],[103.887224,1.368824],[103.887399,1.368982],[103.888303,1.369672],[103.888761,1.370314],[103.888962,1.370583],[103.888726,1.370822],[103.888328,1.371167],[103.888091,1.371297],[103.887817,1.371366],[103.887707,1.371394],[103.887424,1.371442],[103.88688,1.371534],[103.886578,1.371639],[103.886266,1.371819],[103.885933,1.372065],[103.886166,1.372397],[103.88677,1.373217],[103.886824,1.37329],[103.887024,1.373509],[103.887666,1.374208],[103.888095,1.374628],[103.888219,1.374731],[103.888542,1.375],[103.889308,1.375561],[103.8896,1.375735],[103.889661,1.375771],[103.889862,1.375891],[103.890384,1.37615],[103.890926,1.376354],[103.891565,1.376519],[103.892374,1.376692],[103.892806,1.376766],[103.893263,1.376832],[103.893448,1.376846],[103.894178,1.37683],[103.894189,1.37683],[103.894865,1.376818],[103.895056,1.376795],[103.895428,1.376706],[103.895846,1.376544],[103.896197,1.37631],[103.896425,1.376663],[103.896646,1.377058],[103.896702,1.377207],[103.896764,1.378311],[103.896844,1.378911],[103.896913,1.379404],[103.896622,1.379408],[103.896338,1.379498],[103.895463,1.379859],[103.894979,1.37998],[103.894561,1.380017],[103.894448,1.380019],[103.893322,1.380037],[103.892852,1.380034],[103.892391,1.380046],[103.891903,1.38005],[103.891551,1.380081],[103.891252,1.38016],[103.890896,1.380317],[103.890767,1.380376],[103.890434,1.380589],[103.889036,1.381776],[103.888666,1.382091],[103.888925,1.382423],[103.89004,1.383754],[103.890167,1.383926],[103.890231,1.384013],[103.890421,1.384282],[103.890444,1.384319],[103.890615,1.384607],[103.890791,1.385003],[103.891209,1.386184],[103.891258,1.386336],[103.891331,1.386563],[103.890948,1.386613],[103.890669,1.38668],[103.890406,1.386759],[103.890161,1.386838],[103.889869,1.386958],[103.889487,1.387125],[103.889154,1.387301],[103.888692,1.387598],[103.888517,1.387719],[103.888254,1.387884],[103.888007,1.388044],[103.88558,1.389569],[103.885365,1.389709],[103.885052,1.389898],[103.884322,1.390351],[103.884089,1.390519],[103.883832,1.390653],[103.883611,1.390814],[103.882194,1.391701],[103.88197,1.391811],[103.881581,1.391956],[103.881491,1.391977],[103.88128,1.392033],[103.880958,1.39209],[103.88062,1.392116],[103.880159,1.392116],[103.87978,1.392075],[103.879091,1.39189],[103.876486,1.390897],[103.876218,1.390795],[103.875827,1.390698],[103.875566,1.39071],[103.874894,1.390761],[103.873966,1.390827],[103.87366,1.390858],[103.873363,1.390878],[103.872292,1.390998],[103.87206,1.391028],[103.871756,1.391066],[103.871396,1.391104],[103.869117,1.391301],[103.869026,1.389714],[103.868828,1.388203],[103.8682,1.388379]]]}},{"type":"Feature","properties":{"id":"BUKIT GOMBAK","name":"Bukit Gombak SMC","shortName":"Bukit Gombak","type":"SMC","code":"BG","seats":1,"parties":["People's Action Party"]},"geometry":{"type":"Polygon","coordinates":[[[103.767054,1.36582],[103.765129,1.365089],[103.76509,1.365179],[103.764961,1.365331],[103.764728,1.365432],[103.763231,1.36585],[103.762832,1.365968],[103.762616,1.366085],[103.762416,1.366252],[103.762283,1.36647],[103.758667,1.366601],[103.753484,1.366736],[103.753227,1.366738],[103.753029,1.366729],[103.753026,1.366729],[103.75294,1.366725],[103.752079,1.366549],[103.751892,1.366511],[103.751497,1.366429],[103.751456,1.366406],[103.751361,1.366355],[103.751327,1.366338],[103.751107,1.366287],[103.751099,1.366285],[103.751116,1.366236],[103.751221,1.365925],[103.751275,1.365715],[103.751311,1.365467],[103.751317,1.365425],[103.751341,1.365258],[103.7514,1.363831],[103.751407,1.363648],[103.751411,1.36354],[103.751435,1.36296],[103.751444,1.362741],[103.751521,1.360857],[103.751562,1.359834],[103.751073,1.359795],[103.750176,1.359756],[103.749697,1.359735],[103.74953,1.359669],[103.74932,1.359464],[103.749161,1.35929],[103.749096,1.359219],[103.749026,1.35907],[103.749042,1.358697],[103.749064,1.358155],[103.749091,1.357497],[103.749131,1.356517],[103.749114,1.356516],[103.747319,1.35644],[103.747374,1.355277],[103.747478,1.354766],[103.747677,1.354204],[103.74782,1.353976],[103.748139,1.353546],[103.748298,1.353214],[103.748414,1.352686],[103.748404,1.352341],[103.748985,1.352299],[103.749117,1.352271],[103.74926,1.35222],[103.749439,1.352158],[103.749551,1.352096],[103.74964,1.352047],[103.749792,1.351932],[103.750042,1.351743],[103.750079,1.351699],[103.750533,1.351171],[103.750904,1.350847],[103.750917,1.350835],[103.751073,1.3507],[103.751403,1.350446],[103.752568,1.349633],[103.75276,1.349529],[103.75276,1.349529],[103.752874,1.349715],[103.75347,1.350865],[103.753589,1.350997],[103.753718,1.351091],[103.753944,1.351177],[103.754023,1.351185],[103.754639,1.351208],[103.75555,1.351241],[103.756628,1.351338],[103.757476,1.351408],[103.759984,1.351795],[103.760035,1.351616],[103.760136,1.35131],[103.760558,1.35047],[103.760706,1.35003],[103.760733,1.349957],[103.760788,1.349742],[103.760811,1.349555],[103.760809,1.349331],[103.760823,1.349018],[103.76082,1.348176],[103.760822,1.347816],[103.760822,1.346985],[103.760873,1.346637],[103.761304,1.346653],[103.761864,1.346646],[103.762441,1.346647],[103.762788,1.346643],[103.763471,1.346751],[103.763711,1.346816],[103.764635,1.347084],[103.765273,1.347251],[103.765892,1.347246],[103.766555,1.347218],[103.767109,1.347278],[103.767298,1.347347],[103.767832,1.347608],[103.76982,1.348666],[103.76991,1.348718],[103.770231,1.348856],[103.770315,1.348893],[103.770291,1.348997],[103.770265,1.349113],[103.770262,1.349129],[103.770262,1.349129],[103.770242,1.349218],[103.770183,1.349475],[103.770162,1.350238],[103.770001,1.351414],[103.769889,1.352228],[103.769744,1.352831],[103.76951,1.353534],[103.769291,1.354192],[103.76914,1.354622],[103.769006,1.354992],[103.768836,1.355464],[103.768548,1.356023],[103.768282,1.356446],[103.767641,1.357316],[103.767557,1.357528],[103.767481,1.357963],[103.767494,1.358439],[103.767319,1.359789],[103.767216,1.360636],[103.767183,1.360956],[103.767229,1.361419],[103.767293,1.361725],[103.767429,1.362097],[103.767689,1.362814],[103.767753,1.363212],[103.767779,1.363492],[103.767792,1.36391],[103.767779,1.364131],[103.767734,1.364412],[103.767565,1.36494],[103.767378,1.365292],[103.767054,1.36582]]]}},{"type":"Feature","properties":{"id":"CHUA CHU KANG","name":"Chua Chu Kang GRC","shortName":"Chua Chu Kang","type":"GRC","code":"CK","seats":4,"parties":["People's Action Party"]},"geometry":{"type":"MultiPolygon","coordinates":[[[[103.661861,1.398205],[103.661816,1.398326],[103.661756,1.398409],[103.661771,1.398584],[103.661748,1.398864],[103.661666,1.398971],[103.66162,1.399054],[103.661515,1.399069],[103.661424,1.399137],[103.661334,1.399145],[103.661228,1.399183],[103.660972,1.398925],[103.660829,1.398917],[103.660806,1.398819],[103.660837,1.398697],[103.660935,1.398614],[103.66107,1.398553],[103.661153,1.398493],[103.661168,1.398417],[103.661115,1.398326],[103.661002,1.398159],[103.660852,1.398136],[103.660724,1.398159],[103.660701,1.398015],[103.660769,1.397924],[103.660837,1.39784],[103.660942,1.39784],[103.660995,1.397787],[103.660987,1.397711],[103.660889,1.397658],[103.660837,1.397605],[103.660852,1.397507],[103.660822,1.3974],[103.660769,1.397355],[103.660663,1.397347],[103.66055,1.397294],[103.660392,1.397226],[103.660324,1.397105],[103.660332,1.397021],[103.660415,1.396976],[103.66049,1.396953],[103.660573,1.396923],[103.660688,1.396926],[103.660807,1.396892],[103.660912,1.396877],[103.660983,1.39684],[103.661075,1.396827],[103.661213,1.396847],[103.661259,1.396953],[103.661379,1.397029],[103.661447,1.397143],[103.661492,1.397234],[103.661545,1.397302],[103.661673,1.397385],[103.661801,1.397492],[103.661877,1.397689],[103.661907,1.39784],[103.661907,1.398068],[103.661861,1.398205]]],[[[103.685298,1.433518],[103.685351,1.433589],[103.685426,1.433766],[103.685503,1.434142],[103.685506,1.434258],[103.685503,1.434343],[103.685517,1.434424],[103.685567,1.434499],[103.685621,1.434543],[103.685712,1.434617],[103.685719,1.434662],[103.685712,1.43478],[103.685692,1.434865],[103.685638,1.434957],[103.685591,1.435021],[103.685517,1.435035],[103.685466,1.435059],[103.685415,1.435099],[103.685314,1.435096],[103.68523,1.435062],[103.685146,1.435001],[103.685089,1.434936],[103.685014,1.434848],[103.684907,1.434801],[103.684799,1.434746],[103.684714,1.434682],[103.684657,1.434661],[103.684526,1.434577],[103.684418,1.434536],[103.68431,1.434516],[103.684276,1.434485],[103.684243,1.434441],[103.684195,1.434329],[103.684202,1.434281],[103.684206,1.434231],[103.684236,1.434163],[103.6843,1.434085],[103.684351,1.434044],[103.684415,1.434007],[103.684472,1.433983],[103.684573,1.433939],[103.684674,1.433854],[103.684789,1.433793],[103.684896,1.433749],[103.684994,1.433718],[103.685041,1.433691],[103.685089,1.43365],[103.68519,1.433525],[103.685237,1.433504],[103.685298,1.433518]]],[[[103.721659,1.451124],[103.721582,1.451203],[103.721391,1.451224],[103.720665,1.451229],[103.720557,1.451186],[103.720405,1.451146],[103.720097,1.451044],[103.719744,1.451007],[103.719676,1.451053],[103.719521,1.451105],[103.719358,1.451102],[103.718812,1.450899],[103.718404,1.450754],[103.718313,1.450725],[103.717859,1.45066],[103.717764,1.45061],[103.717698,1.450597],[103.717616,1.450531],[103.717512,1.450454],[103.717346,1.450396],[103.717112,1.450358],[103.716913,1.450371],[103.716465,1.45042],[103.715772,1.450177],[103.715591,1.450169],[103.715508,1.450071],[103.715244,1.449987],[103.715033,1.449972],[103.714166,1.449724],[103.71385,1.449654],[103.713579,1.449573],[103.713202,1.449525],[103.712774,1.449354],[103.712619,1.449268],[103.712471,1.449191],[103.71229,1.449123],[103.712049,1.448887],[103.711958,1.448721],[103.711876,1.448667],[103.711477,1.448578],[103.711227,1.448417],[103.710986,1.448197],[103.710836,1.44819],[103.710715,1.448121],[103.710557,1.447985],[103.710647,1.447788],[103.709962,1.4474],[103.709863,1.44734],[103.70972,1.447272],[103.709599,1.447146],[103.709497,1.446938],[103.709334,1.446825],[103.708997,1.446604],[103.708941,1.446583],[103.708638,1.446392],[103.708575,1.446331],[103.708183,1.445975],[103.707866,1.44577],[103.707557,1.445603],[103.707461,1.445561],[103.707062,1.445341],[103.706996,1.445334],[103.706666,1.445777],[103.706566,1.445809],[103.706413,1.445945],[103.706361,1.445934],[103.706326,1.445882],[103.70641,1.445686],[103.70641,1.445592],[103.706649,1.445198],[103.706655,1.44515],[103.70605,1.444693],[103.705432,1.444238],[103.705188,1.444051],[103.704824,1.443882],[103.704731,1.443851],[103.704174,1.443327],[103.704076,1.442994],[103.703511,1.442175],[103.702915,1.441431],[103.702463,1.440961],[103.701855,1.44057],[103.701624,1.44047],[103.701192,1.440313],[103.701142,1.440297],[103.700921,1.44021],[103.700679,1.440063],[103.700433,1.43987],[103.700317,1.43977],[103.700099,1.439556],[103.699989,1.439435],[103.699622,1.438804],[103.699411,1.438617],[103.699163,1.438435],[103.698944,1.438223],[103.698733,1.438003],[103.698433,1.437824],[103.698283,1.437737],[103.698104,1.437688],[103.698051,1.437571],[103.698056,1.43748],[103.69784,1.437272],[103.697771,1.437143],[103.69758,1.436933],[103.697429,1.436766],[103.697339,1.436645],[103.697188,1.436418],[103.697007,1.436213],[103.696751,1.43597],[103.696563,1.435765],[103.69637,1.435612],[103.696287,1.435513],[103.696156,1.435348],[103.696058,1.435219],[103.695922,1.435113],[103.695251,1.434772],[103.69504,1.434696],[103.694822,1.434544],[103.694618,1.43443],[103.694439,1.434314],[103.694108,1.43418],[103.693942,1.434047],[103.693586,1.433858],[103.693244,1.433728],[103.693087,1.433654],[103.692825,1.433567],[103.69256,1.433496],[103.692094,1.433527],[103.691567,1.433567],[103.691366,1.433546],[103.691155,1.433411],[103.691051,1.433301],[103.690887,1.433235],[103.690755,1.433213],[103.690631,1.43322],[103.690477,1.433268],[103.690259,1.43336],[103.690149,1.433412],[103.69004,1.433445],[103.689848,1.433456],[103.689579,1.433412],[103.689395,1.43329],[103.68926,1.433098],[103.689122,1.433046],[103.688951,1.433087],[103.688748,1.433065],[103.688461,1.433087],[103.688348,1.432943],[103.68825,1.432731],[103.688061,1.432516],[103.687988,1.432388],[103.687467,1.432336],[103.687354,1.43242],[103.687203,1.432435],[103.687075,1.432367],[103.687052,1.432245],[103.686413,1.4321],[103.686215,1.432022],[103.686117,1.431967],[103.686018,1.431835],[103.68592,1.431658],[103.685824,1.431563],[103.685786,1.431441],[103.685786,1.431252],[103.685764,1.43088],[103.685816,1.430584],[103.685877,1.430433],[103.685816,1.430319],[103.685696,1.430342],[103.685553,1.430395],[103.685349,1.43047],[103.685259,1.430561],[103.685191,1.430645],[103.685048,1.43066],[103.684716,1.43069],[103.684392,1.43066],[103.684189,1.430675],[103.684079,1.430831],[103.683993,1.430986],[103.683834,1.431145],[103.68357,1.431195],[103.683331,1.431175],[103.683129,1.4311],[103.683034,1.43097],[103.682997,1.430836],[103.682786,1.43054],[103.682558,1.430384],[103.682222,1.430046],[103.681898,1.429681],[103.681574,1.42956],[103.681227,1.429386],[103.681016,1.429226],[103.680878,1.429046],[103.680661,1.428884],[103.680389,1.42881],[103.680089,1.428824],[103.679622,1.428756],[103.67929,1.428726],[103.679011,1.428839],[103.678725,1.429006],[103.678416,1.429112],[103.678114,1.429196],[103.677896,1.42912],[103.67773,1.428908],[103.677358,1.428269],[103.676937,1.427863],[103.676838,1.427719],[103.676685,1.42741],[103.676366,1.426875],[103.676344,1.42667],[103.676359,1.426488],[103.676427,1.426367],[103.676555,1.42626],[103.676623,1.426192],[103.676592,1.426154],[103.676479,1.4262],[103.676306,1.426253],[103.67614,1.426238],[103.676057,1.426177],[103.676027,1.425957],[103.675698,1.425722],[103.675485,1.425631],[103.67522,1.42561],[103.675018,1.425584],[103.674586,1.425375],[103.674384,1.425252],[103.674219,1.425077],[103.67409,1.424827],[103.674015,1.424523],[103.673993,1.424276],[103.673985,1.424167],[103.673938,1.424033],[103.673949,1.423239],[103.673834,1.422832],[103.673661,1.422536],[103.673473,1.421998],[103.67348,1.421755],[103.673443,1.421641],[103.673292,1.421512],[103.673149,1.421194],[103.673111,1.42083],[103.673164,1.420723],[103.673254,1.420723],[103.673375,1.420801],[103.673469,1.420927],[103.673514,1.421109],[103.673552,1.421155],[103.673604,1.421097],[103.673623,1.421019],[103.673619,1.42082],[103.673497,1.420473],[103.673314,1.420305],[103.673179,1.4201],[103.673074,1.419824],[103.672712,1.419578],[103.672403,1.419411],[103.672154,1.419267],[103.672079,1.419108],[103.672071,1.418994],[103.672214,1.418835],[103.67241,1.418713],[103.672498,1.41868],[103.672604,1.418582],[103.672535,1.418326],[103.672355,1.41818],[103.67223,1.418099],[103.672064,1.418023],[103.671966,1.417894],[103.671921,1.41775],[103.671936,1.417614],[103.672021,1.41754],[103.672011,1.417409],[103.671913,1.417295],[103.671906,1.416954],[103.671838,1.416362],[103.671634,1.415839],[103.671536,1.415467],[103.671544,1.415179],[103.671612,1.414929],[103.671649,1.414639],[103.671719,1.414429],[103.671968,1.414186],[103.672345,1.414027],[103.672601,1.414012],[103.672684,1.413928],[103.672659,1.413844],[103.672456,1.413738],[103.671981,1.413655],[103.671333,1.413723],[103.670948,1.413659],[103.670817,1.413609],[103.670699,1.41351],[103.670661,1.41345],[103.670399,1.413154],[103.670255,1.41285],[103.67021,1.412479],[103.670293,1.412122],[103.670361,1.412039],[103.670399,1.411902],[103.670528,1.411797],[103.670731,1.411721],[103.670825,1.41161],[103.670832,1.411443],[103.6707,1.411273],[103.670369,1.411007],[103.670007,1.41081],[103.669849,1.410727],[103.669796,1.410628],[103.669736,1.410492],[103.669645,1.41034],[103.669434,1.410067],[103.669321,1.409991],[103.668952,1.409945],[103.668613,1.409854],[103.668364,1.409779],[103.668168,1.409665],[103.668048,1.40949],[103.667987,1.409308],[103.667791,1.409081],[103.667791,1.408876],[103.667678,1.408868],[103.667573,1.408952],[103.666898,1.409238],[103.666556,1.409286],[103.666221,1.409269],[103.665546,1.409111],[103.66535,1.409172],[103.665214,1.409081],[103.664965,1.408944],[103.664882,1.40877],[103.664852,1.408534],[103.66492,1.408352],[103.664965,1.408117],[103.665048,1.407905],[103.665026,1.407746],[103.664943,1.407685],[103.664883,1.407495],[103.664867,1.407124],[103.664566,1.406843],[103.664355,1.406631],[103.664152,1.406396],[103.664091,1.406206],[103.663956,1.406122],[103.662659,1.405789],[103.662448,1.405675],[103.662441,1.405516],[103.662554,1.40525],[103.66269,1.405],[103.66269,1.404795],[103.662886,1.40368],[103.663044,1.403043],[103.663112,1.402914],[103.663166,1.402851],[103.663302,1.402669],[103.663332,1.402206],[103.663219,1.402009],[103.663082,1.401746],[103.662924,1.401488],[103.662848,1.401215],[103.662758,1.400768],[103.662637,1.400411],[103.662524,1.400343],[103.662479,1.399941],[103.662351,1.39938],[103.662193,1.399122],[103.662148,1.398879],[103.6622,1.398621],[103.662381,1.398356],[103.662615,1.39809],[103.66275,1.397931],[103.662818,1.397666],[103.662803,1.397294],[103.662713,1.396839],[103.662751,1.396566],[103.662675,1.39627],[103.662577,1.395785],[103.662366,1.395072],[103.662336,1.394647],[103.662344,1.394472],[103.662397,1.394268],[103.662479,1.393995],[103.662577,1.393722],[103.662615,1.393517],[103.6626,1.392918],[103.662502,1.392432],[103.662352,1.391954],[103.661945,1.391112],[103.661696,1.39071],[103.661395,1.390081],[103.661191,1.389755],[103.661236,1.389588],[103.661387,1.38936],[103.66144,1.389194],[103.661508,1.389034],[103.661447,1.388784],[103.661319,1.388602],[103.661206,1.38845],[103.661063,1.388405],[103.660867,1.388465],[103.660596,1.388276],[103.66031,1.388147],[103.660023,1.387684],[103.659744,1.387047],[103.659699,1.386979],[103.659699,1.386865],[103.659759,1.386698],[103.659797,1.386486],[103.65985,1.386311],[103.659925,1.38616],[103.65991,1.386069],[103.659812,1.386046],[103.659722,1.386061],[103.659624,1.386106],[103.659466,1.386129],[103.65924,1.386076],[103.658938,1.385909],[103.65875,1.38578],[103.658629,1.385621],[103.658539,1.385409],[103.658418,1.385227],[103.658267,1.385166],[103.658109,1.385136],[103.657951,1.385007],[103.657793,1.3849],[103.657755,1.384817],[103.657559,1.384605],[103.657378,1.384362],[103.657341,1.38424],[103.657371,1.384165],[103.657461,1.384051],[103.657597,1.38396],[103.657695,1.383892],[103.657748,1.383755],[103.657808,1.383634],[103.657883,1.383558],[103.657853,1.383482],[103.657769,1.383456],[103.657642,1.383482],[103.657514,1.383459],[103.657371,1.383437],[103.657152,1.383573],[103.656994,1.383588],[103.656926,1.383368],[103.656881,1.383194],[103.656919,1.383034],[103.65716,1.382815],[103.657228,1.382625],[103.657152,1.382337],[103.656956,1.381988],[103.656346,1.380873],[103.655939,1.379978],[103.655758,1.379629],[103.655713,1.379454],[103.655645,1.379295],[103.655487,1.379121],[103.655389,1.378992],[103.655276,1.378658],[103.655012,1.378074],[103.654839,1.377771],[103.654779,1.377581],[103.654719,1.377316],[103.653408,1.374555],[103.653197,1.374593],[103.65294,1.374691],[103.652673,1.374652],[103.652564,1.374619],[103.652531,1.374464],[103.652684,1.374101],[103.652925,1.373781],[103.652729,1.373599],[103.652526,1.373379],[103.65227,1.373356],[103.652119,1.373455],[103.652044,1.373622],[103.652126,1.373743],[103.651632,1.374487],[103.651486,1.374646],[103.651313,1.374683],[103.651026,1.374517],[103.650823,1.37438],[103.65077,1.374228],[103.650853,1.374031],[103.651004,1.373728],[103.651132,1.373394],[103.651102,1.373136],[103.650981,1.373007],[103.650672,1.372802],[103.650303,1.372863],[103.650009,1.372909],[103.64976,1.372901],[103.649368,1.372711],[103.64915,1.372491],[103.649097,1.372332],[103.649067,1.372112],[103.64912,1.371892],[103.64924,1.37174],[103.649444,1.371612],[103.649564,1.371156],[103.648118,1.368418],[103.647937,1.368259],[103.647794,1.368282],[103.647477,1.367713],[103.647492,1.367485],[103.647349,1.367182],[103.647266,1.366848],[103.64594,1.364451],[103.643589,1.360174],[103.642839,1.359037],[103.6412,1.358027],[103.640954,1.357662],[103.640837,1.357477],[103.640796,1.357651],[103.640786,1.357962],[103.640578,1.357988],[103.64041,1.35774],[103.640255,1.357206],[103.640229,1.356971],[103.640251,1.356826],[103.640962,1.356889],[103.642335,1.355443],[103.642525,1.355459],[103.642748,1.355463],[103.642972,1.355388],[103.643166,1.355309],[103.643332,1.355255],[103.643576,1.355226],[103.643657,1.355258],[103.643758,1.354905],[103.643899,1.354672],[103.643957,1.354527],[103.644057,1.354366],[103.644173,1.354091],[103.644244,1.35385],[103.644444,1.353812],[103.644769,1.353762],[103.645056,1.353737],[103.645281,1.353938],[103.645356,1.354177],[103.645443,1.35429],[103.645568,1.354378],[103.64643,1.354567],[103.64663,1.35458],[103.64678,1.354492],[103.646918,1.354353],[103.647205,1.35375],[103.647468,1.353272],[103.647592,1.353021],[103.647667,1.352907],[103.647755,1.352794],[103.647967,1.352756],[103.64818,1.352832],[103.649154,1.353272],[103.649392,1.35331],[103.649704,1.353209],[103.649959,1.353108],[103.650129,1.35292],[103.650204,1.352404],[103.650303,1.352201],[103.650829,1.351399],[103.651003,1.351273],[103.651178,1.351235],[103.651453,1.351273],[103.651666,1.351273],[103.651816,1.351185],[103.652003,1.350946],[103.65224,1.350783],[103.652678,1.350594],[103.652878,1.350556],[103.65314,1.350594],[103.653415,1.350695],[103.653602,1.350795],[103.65374,1.350833],[103.653877,1.350795],[103.654039,1.35072],[103.654389,1.350493],[103.654627,1.35033],[103.655914,1.349915],[103.656488,1.349689],[103.657189,1.34945],[103.657382,1.349371],[103.657875,1.349123],[103.658125,1.348972],[103.658338,1.348746],[103.6585,1.348507],[103.658575,1.348381],[103.658825,1.348262],[103.658879,1.348241],[103.658937,1.348218],[103.659024,1.348054],[103.659037,1.347929],[103.65905,1.347652],[103.659112,1.347476],[103.659225,1.347375],[103.659548,1.347278],[103.660124,1.347111],[103.66035,1.347006],[103.660449,1.346898],[103.660499,1.346747],[103.660499,1.346745],[103.660462,1.346596],[103.660374,1.346369],[103.660337,1.346156],[103.660337,1.346154],[103.660362,1.345917],[103.66041,1.345731],[103.660442,1.345547],[103.660499,1.345338],[103.660587,1.345175],[103.660751,1.345067],[103.660961,1.344961],[103.661124,1.344861],[103.661299,1.344672],[103.661434,1.344396],[103.661524,1.344257],[103.661636,1.344068],[103.662094,1.343668],[103.662306,1.343478],[103.662457,1.343238],[103.66264,1.342887],[103.662751,1.342455],[103.662848,1.342333],[103.663023,1.342195],[103.663308,1.341909],[103.671486,1.348386],[103.677905,1.353244],[103.680282,1.354967],[103.684413,1.357461],[103.693339,1.361587],[103.694307,1.358807],[103.694604,1.358028],[103.694855,1.357562],[103.695045,1.35731],[103.695212,1.357051],[103.695602,1.356646],[103.695952,1.356353],[103.69628,1.356105],[103.696636,1.355871],[103.697151,1.355533],[103.697809,1.355114],[103.699457,1.356996],[103.700939,1.358692],[103.70198,1.360032],[103.703043,1.361434],[103.703043,1.361434],[103.703744,1.362037],[103.704387,1.36244],[103.704814,1.362605],[103.705178,1.362726],[103.705693,1.362839],[103.706264,1.362895],[103.706811,1.362866],[103.7073,1.362786],[103.707736,1.362663],[103.708117,1.362528],[103.70887,1.362109],[103.709142,1.361915],[103.710423,1.360795],[103.713464,1.358054],[103.714095,1.357528],[103.714752,1.357153],[103.717247,1.356109],[103.718143,1.355851],[103.718806,1.355751],[103.721469,1.355435],[103.722914,1.355338],[103.723229,1.355292],[103.723843,1.355204],[103.725023,1.354919],[103.725964,1.354579],[103.726954,1.354163],[103.727272,1.354006],[103.727801,1.353743],[103.728219,1.353497],[103.729801,1.352533],[103.730849,1.351922],[103.731413,1.351514],[103.732078,1.351004],[103.732642,1.350455],[103.7327,1.350395],[103.732809,1.350282],[103.733227,1.349877],[103.734067,1.349063],[103.734604,1.34852],[103.73599,1.347046],[103.736596,1.346449],[103.737303,1.345964],[103.737779,1.346912],[103.738053,1.347423],[103.738248,1.34797],[103.738318,1.348403],[103.738327,1.348785],[103.738327,1.348788],[103.738277,1.349257],[103.738147,1.349756],[103.73801,1.350246],[103.737654,1.35146],[103.737049,1.35281],[103.736775,1.35358],[103.736674,1.353913],[103.73657,1.354539],[103.73656,1.354959],[103.73656,1.354961],[103.736576,1.355147],[103.736596,1.355383],[103.736738,1.356],[103.736977,1.356585],[103.737191,1.356951],[103.737442,1.357289],[103.738015,1.357907],[103.738581,1.358517],[103.738906,1.358868],[103.739284,1.359275],[103.739818,1.359839],[103.740293,1.360425],[103.740709,1.360938],[103.741848,1.362344],[103.742178,1.362763],[103.74231,1.362927],[103.742535,1.363205],[103.744114,1.365154],[103.744642,1.365698],[103.745078,1.366075],[103.745429,1.366376],[103.746335,1.367157],[103.748519,1.369088],[103.748599,1.368994],[103.748761,1.368867],[103.74896,1.368689],[103.749431,1.368316],[103.750097,1.367731],[103.750402,1.367428],[103.750672,1.367091],[103.750899,1.366725],[103.751099,1.366288],[103.751107,1.36629],[103.751327,1.366341],[103.751361,1.366358],[103.751456,1.366409],[103.751497,1.366432],[103.751892,1.366514],[103.752079,1.366553],[103.75294,1.366729],[103.753026,1.366733],[103.753029,1.366733],[103.753227,1.366741],[103.753484,1.366739],[103.758667,1.366605],[103.762283,1.366473],[103.762416,1.366255],[103.762616,1.366088],[103.762832,1.365971],[103.763231,1.365854],[103.764728,1.365435],[103.764961,1.365335],[103.76509,1.365182],[103.765129,1.365092],[103.767052,1.365823],[103.767054,1.365823],[103.766542,1.366658],[103.766328,1.366899],[103.766056,1.367329],[103.765512,1.367786],[103.765181,1.368301],[103.764423,1.369396],[103.763911,1.370127],[103.763605,1.370643],[103.763434,1.371098],[103.76319,1.371897],[103.762747,1.373952],[103.762733,1.374035],[103.762548,1.375167],[103.762299,1.376691],[103.762253,1.377002],[103.762158,1.37749],[103.762129,1.377652],[103.762089,1.377813],[103.762068,1.37793],[103.761949,1.378256],[103.761233,1.379664],[103.75958,1.382773],[103.759337,1.383209],[103.759092,1.383532],[103.758858,1.383767],[103.758564,1.384063],[103.758154,1.38441],[103.757816,1.384748],[103.757218,1.385478],[103.756589,1.386366],[103.755836,1.387462],[103.75553,1.387997],[103.755159,1.388768],[103.754543,1.388794],[103.754541,1.388794],[103.752965,1.389011],[103.74959,1.389684],[103.748534,1.389756],[103.747764,1.389747],[103.747473,1.389721],[103.746726,1.389608],[103.746049,1.389433],[103.745647,1.389296],[103.74506,1.389101],[103.744163,1.388632],[103.744012,1.388533],[103.743548,1.388228],[103.743103,1.387905],[103.742693,1.387556],[103.741566,1.386612],[103.741355,1.387059],[103.740877,1.388086],[103.74056,1.388766],[103.740336,1.389325],[103.740201,1.389935],[103.740156,1.390581],[103.740156,1.390583],[103.740197,1.391072],[103.740289,1.391517],[103.740297,1.391544],[103.740381,1.391807],[103.740555,1.392225],[103.740719,1.392525],[103.741072,1.393068],[103.741249,1.393363],[103.741468,1.393715],[103.741567,1.393876],[103.742073,1.394706],[103.742326,1.395201],[103.742536,1.395716],[103.742765,1.396504],[103.742834,1.396772],[103.742895,1.397212],[103.743219,1.399689],[103.74339,1.40104],[103.743432,1.401218],[103.743494,1.401474],[103.743553,1.401832],[103.743616,1.401997],[103.743696,1.402241],[103.743928,1.402741],[103.744077,1.403063],[103.744188,1.403302],[103.744362,1.403573],[103.744544,1.403844],[103.744787,1.404154],[103.74517,1.404578],[103.745892,1.405359],[103.745941,1.405421],[103.745943,1.405423],[103.743942,1.406204],[103.743009,1.406778],[103.742694,1.407065],[103.742058,1.407873],[103.74176,1.408489],[103.741576,1.409231],[103.741545,1.410393],[103.741545,1.410396],[103.742125,1.412923],[103.742125,1.413934],[103.742125,1.413938],[103.739842,1.420676],[103.739842,1.420676],[103.739898,1.438943],[103.738473,1.438941],[103.73827,1.439257],[103.73812,1.439657],[103.738054,1.440049],[103.738034,1.440194],[103.738053,1.440377],[103.738057,1.440462],[103.737975,1.440579],[103.737902,1.440652],[103.737729,1.440579],[103.737584,1.440511],[103.73734,1.440253],[103.737191,1.439887],[103.737112,1.439597],[103.73704,1.439267],[103.737063,1.438867],[103.736607,1.438861],[103.736607,1.439237],[103.736573,1.439331],[103.736529,1.43941],[103.736548,1.439815],[103.736509,1.439924],[103.736475,1.439979],[103.736406,1.440008],[103.736276,1.440269],[103.736295,1.440446],[103.736366,1.440554],[103.736468,1.440788],[103.736564,1.44091],[103.736621,1.440948],[103.736917,1.441275],[103.737059,1.441516],[103.73732,1.441843],[103.737377,1.442052],[103.737385,1.442319],[103.73732,1.442571],[103.737233,1.442739],[103.737017,1.442925],[103.736817,1.443066],[103.736506,1.443223],[103.736438,1.443291],[103.736347,1.443288],[103.736214,1.443274],[103.73599,1.443423],[103.735907,1.443547],[103.735784,1.443851],[103.735429,1.444315],[103.735168,1.444478],[103.734903,1.444676],[103.734588,1.444931],[103.734262,1.445164],[103.734141,1.445155],[103.7341,1.445076],[103.734123,1.445007],[103.734104,1.444923],[103.734036,1.444884],[103.733831,1.444916],[103.733699,1.444949],[103.733589,1.444983],[103.733498,1.445105],[103.733441,1.445242],[103.733369,1.445505],[103.733294,1.445749],[103.733169,1.445876],[103.732948,1.446193],[103.732925,1.446254],[103.732781,1.446464],[103.732555,1.446561],[103.73241,1.446471],[103.732342,1.446384],[103.732331,1.446292],[103.732433,1.446189],[103.732558,1.445716],[103.732543,1.445632],[103.73249,1.445693],[103.732448,1.445899],[103.732327,1.446182],[103.732269,1.446235],[103.732154,1.446216],[103.732059,1.446069],[103.731888,1.445896],[103.73178,1.445704],[103.731849,1.445576],[103.731869,1.445487],[103.731875,1.445378],[103.731735,1.445327],[103.731621,1.445486],[103.731729,1.445627],[103.73171,1.445742],[103.731602,1.445691],[103.731583,1.445736],[103.731748,1.44587],[103.731824,1.445966],[103.731913,1.445998],[103.732046,1.446158],[103.732059,1.446254],[103.732205,1.44635],[103.732313,1.44651],[103.73239,1.446631],[103.732326,1.446772],[103.732256,1.446823],[103.732205,1.446868],[103.73202,1.446839],[103.73183,1.446759],[103.731979,1.446913],[103.732184,1.446945],[103.732284,1.446935],[103.732386,1.446957],[103.732467,1.446973],[103.732462,1.447074],[103.732358,1.44713],[103.732288,1.447341],[103.732167,1.447335],[103.732142,1.447405],[103.732015,1.447495],[103.731888,1.447584],[103.731805,1.447712],[103.73169,1.447725],[103.731633,1.447623],[103.731608,1.447488],[103.731525,1.447322],[103.731455,1.447341],[103.731513,1.447418],[103.731532,1.447597],[103.731436,1.447655],[103.731436,1.44777],[103.731271,1.447751],[103.731246,1.447853],[103.731138,1.447923],[103.731093,1.447821],[103.730947,1.447802],[103.730775,1.447667],[103.730604,1.447674],[103.730534,1.44761],[103.730528,1.447488],[103.730419,1.44729],[103.730515,1.447143],[103.73054,1.447015],[103.730464,1.446926],[103.73035,1.447226],[103.730273,1.447111],[103.730178,1.447207],[103.730191,1.447303],[103.730286,1.447309],[103.73035,1.44745],[103.730464,1.44754],[103.730483,1.447603],[103.730432,1.447674],[103.730134,1.447687],[103.730064,1.447891],[103.730159,1.447866],[103.730292,1.44777],[103.730534,1.447949],[103.730642,1.447872],[103.730693,1.447879],[103.730737,1.447981],[103.730782,1.448064],[103.730864,1.448109],[103.730871,1.448186],[103.73096,1.448186],[103.730979,1.448301],[103.730953,1.448384],[103.731074,1.448429],[103.731141,1.448382],[103.731137,1.448309],[103.731152,1.448214],[103.73122,1.44813],[103.731335,1.448077],[103.731361,1.448157],[103.731296,1.448263],[103.731266,1.448363],[103.731156,1.448549],[103.731042,1.448664],[103.730917,1.448767],[103.730743,1.448923],[103.730686,1.449007],[103.730569,1.449057],[103.730538,1.449224],[103.730422,1.449347],[103.730307,1.449437],[103.730218,1.449389],[103.730164,1.449317],[103.73006,1.449228],[103.73003,1.449132],[103.729953,1.449095],[103.729875,1.44909],[103.729761,1.448741],[103.729454,1.448344],[103.728605,1.446776],[103.728531,1.446729],[103.728395,1.446255],[103.727943,1.446245],[103.728124,1.44672],[103.728177,1.446902],[103.728207,1.44722],[103.728493,1.447622],[103.728689,1.447827],[103.728945,1.44826],[103.729157,1.44879],[103.729325,1.449468],[103.729248,1.449558],[103.7292,1.449618],[103.729129,1.44966],[103.729063,1.44966],[103.728971,1.449662],[103.72881,1.4496],[103.728721,1.449544],[103.72863,1.449582],[103.728607,1.449633],[103.728538,1.449715],[103.728357,1.449829],[103.728199,1.449867],[103.727883,1.449859],[103.727491,1.44976],[103.726436,1.449146],[103.726112,1.448941],[103.726051,1.44885],[103.725908,1.448774],[103.725802,1.448708],[103.72555,1.448647],[103.725429,1.448551],[103.725293,1.448479],[103.725037,1.448401],[103.724891,1.44838],[103.724687,1.448327],[103.724619,1.448213],[103.724378,1.448152],[103.724212,1.448054],[103.724013,1.448002],[103.723743,1.447953],[103.723126,1.448089],[103.722996,1.448147],[103.722891,1.448212],[103.722754,1.448335],[103.722679,1.448381],[103.722557,1.448394],[103.722419,1.448327],[103.72235,1.448145],[103.722381,1.447974],[103.722464,1.447789],[103.722512,1.447796],[103.722527,1.447831],[103.72263,1.447788],[103.722593,1.447691],[103.722512,1.447683],[103.72246,1.447648],[103.722291,1.447614],[103.722191,1.447673],[103.722157,1.447688],[103.722036,1.447644],[103.721989,1.447743],[103.721982,1.447864],[103.722012,1.448008],[103.72207,1.448117],[103.722041,1.448264],[103.722169,1.448549],[103.722216,1.44861],[103.72248,1.448777],[103.722593,1.448938],[103.722635,1.449023],[103.72263,1.449118],[103.722612,1.449203],[103.722852,1.449313],[103.722844,1.449427],[103.722718,1.449463],[103.722704,1.44954],[103.722769,1.449603],[103.722769,1.449739],[103.722854,1.449856],[103.722919,1.45016],[103.722928,1.450387],[103.722809,1.450514],[103.722671,1.450567],[103.722674,1.450663],[103.722616,1.450788],[103.722437,1.450916],[103.722088,1.451067],[103.721858,1.451055],[103.721659,1.451124]]],[[[103.726516,1.450841],[103.726175,1.450925],[103.725975,1.450992],[103.725614,1.451073],[103.725396,1.451134],[103.725162,1.451149],[103.724597,1.45124],[103.724393,1.45124],[103.724213,1.451164],[103.724062,1.451035],[103.723897,1.450614],[103.723854,1.450493],[103.723776,1.450269],[103.72376,1.450148],[103.723791,1.45011],[103.723874,1.450102],[103.723987,1.450095],[103.724122,1.450041],[103.724145,1.449958],[103.724137,1.449784],[103.724243,1.449655],[103.724198,1.449602],[103.724137,1.449617],[103.724062,1.449715],[103.723926,1.449935],[103.723851,1.449988],[103.723745,1.449973],[103.723663,1.449928],[103.723565,1.449882],[103.723482,1.449791],[103.723463,1.449706],[103.723387,1.449596],[103.723308,1.449382],[103.723165,1.449184],[103.723082,1.448949],[103.723075,1.448722],[103.723135,1.448524],[103.723301,1.448373],[103.723534,1.448297],[103.723979,1.448464],[103.72443,1.4486],[103.724789,1.448743],[103.72505,1.448874],[103.725561,1.449169],[103.726323,1.449541],[103.726918,1.449897],[103.727363,1.450125],[103.727709,1.45033],[103.728094,1.450519],[103.727995,1.450549],[103.727862,1.450574],[103.727804,1.450574],[103.727687,1.450624],[103.727604,1.450607],[103.727546,1.450674],[103.727521,1.450741],[103.727438,1.450766],[103.727363,1.450699],[103.727305,1.450674],[103.72718,1.450724],[103.727106,1.450724],[103.726964,1.450825],[103.726823,1.450858],[103.726773,1.450858],[103.726673,1.450791],[103.726599,1.450791],[103.726516,1.450841]]]]}},{"type":"Feature","properties":{"id":"HOLLAND-BUKIT TIMAH","name":"Holland-Bukit Timah GRC","shortName":"Holland-Bukit Timah","type":"GRC","code":"HT","seats":4,"parties":["People's Action Party"]},"geometry":{"type":"Polygon","coordinates":[[[103.805901,1.411095],[103.80578,1.411482],[103.805495,1.412608],[103.805297,1.413393],[103.804999,1.414189],[103.804505,1.415128],[103.804289,1.415309],[103.803733,1.415735],[103.803226,1.416005],[103.802902,1.41612],[103.802434,1.416207],[103.802429,1.416207],[103.802288,1.416195],[103.801996,1.416184],[103.801694,1.416137],[103.801139,1.416012],[103.80105,1.415992],[103.800629,1.4159],[103.799452,1.415658],[103.798252,1.415347],[103.797958,1.415273],[103.797097,1.415055],[103.79467,1.414336],[103.78955,1.412539],[103.788866,1.412524],[103.788302,1.412421],[103.787634,1.412298],[103.785876,1.411851],[103.785144,1.411645],[103.783816,1.411093],[103.783251,1.410931],[103.782772,1.410868],[103.780239,1.410735],[103.779651,1.410734],[103.779651,1.410734],[103.779651,1.410734],[103.77898,1.410765],[103.778569,1.410796],[103.778186,1.410826],[103.777521,1.410869],[103.777516,1.410869],[103.776885,1.410857],[103.775962,1.410747],[103.775144,1.410567],[103.773464,1.410043],[103.772856,1.409933],[103.772564,1.409914],[103.772558,1.409914],[103.772193,1.40992],[103.771682,1.40999],[103.771124,1.410044],[103.770411,1.410113],[103.769437,1.410156],[103.769431,1.410156],[103.767664,1.41014],[103.767664,1.41014],[103.767663,1.41014],[103.766621,1.410188],[103.76362,1.410454],[103.763058,1.410576],[103.762659,1.410716],[103.762339,1.410879],[103.761906,1.411097],[103.76101,1.41155],[103.760718,1.411673],[103.760306,1.4118],[103.759849,1.411879],[103.759514,1.411899],[103.759508,1.411899],[103.759146,1.411885],[103.757332,1.411659],[103.757154,1.411639],[103.755847,1.41147],[103.755248,1.411392],[103.755354,1.410868],[103.75538,1.410658],[103.755397,1.410035],[103.755344,1.409239],[103.755211,1.408452],[103.754993,1.407684],[103.754952,1.407553],[103.754768,1.406949],[103.753215,1.402137],[103.753187,1.402052],[103.752824,1.400946],[103.7527,1.4005],[103.752534,1.399636],[103.752482,1.399045],[103.752458,1.39876],[103.752497,1.397905],[103.752629,1.397014],[103.752697,1.39657],[103.753043,1.394318],[103.753295,1.392673],[103.753371,1.392178],[103.753695,1.390732],[103.753812,1.390401],[103.753918,1.390109],[103.754091,1.389744],[103.754331,1.389218],[103.754541,1.388794],[103.754543,1.388791],[103.755159,1.388765],[103.75553,1.387994],[103.755836,1.387459],[103.756589,1.386363],[103.757218,1.385475],[103.757816,1.384745],[103.758154,1.384407],[103.758564,1.38406],[103.758858,1.383764],[103.759092,1.383529],[103.759337,1.383205],[103.75958,1.38277],[103.761233,1.37966],[103.761949,1.378253],[103.762068,1.377927],[103.762089,1.377809],[103.762129,1.377649],[103.762158,1.377486],[103.762253,1.376999],[103.762299,1.376688],[103.762548,1.375164],[103.762733,1.374031],[103.762747,1.373949],[103.76319,1.371893],[103.763434,1.371095],[103.763605,1.37064],[103.763911,1.370123],[103.764423,1.369393],[103.765181,1.368298],[103.765512,1.367782],[103.766056,1.367326],[103.766328,1.366896],[103.766542,1.366655],[103.767052,1.365823],[103.767054,1.36582],[103.767378,1.365292],[103.767565,1.36494],[103.767734,1.364412],[103.767779,1.364131],[103.767792,1.36391],[103.767779,1.363492],[103.767753,1.363212],[103.767689,1.362814],[103.767429,1.362097],[103.767293,1.361725],[103.767229,1.361419],[103.767183,1.360956],[103.767216,1.360636],[103.767319,1.359789],[103.767494,1.358439],[103.767481,1.357963],[103.767557,1.357528],[103.767641,1.357316],[103.768282,1.356446],[103.768548,1.356023],[103.768836,1.355464],[103.769006,1.354992],[103.76914,1.354622],[103.769291,1.354192],[103.76951,1.353534],[103.769744,1.352831],[103.769889,1.352228],[103.770001,1.351414],[103.770162,1.350238],[103.770183,1.349475],[103.770242,1.349218],[103.770262,1.349129],[103.770262,1.349129],[103.770265,1.349113],[103.770291,1.348997],[103.770315,1.348893],[103.7706,1.348465],[103.77104,1.347862],[103.771367,1.347372],[103.771921,1.346542],[103.772061,1.346334],[103.772944,1.345825],[103.773864,1.345295],[103.774677,1.344844],[103.775028,1.344454],[103.775156,1.344293],[103.775241,1.343986],[103.775307,1.343782],[103.775444,1.343108],[103.775681,1.341897],[103.775782,1.341357],[103.77581,1.341241],[103.775862,1.341165],[103.776024,1.341026],[103.776068,1.340929],[103.776209,1.340267],[103.775948,1.340245],[103.775759,1.340242],[103.774575,1.340266],[103.774276,1.340277],[103.773554,1.340303],[103.772853,1.340382],[103.772713,1.34041],[103.772343,1.340627],[103.77216,1.34078],[103.771868,1.341076],[103.771439,1.340812],[103.770742,1.340561],[103.770549,1.34046],[103.770346,1.34039],[103.769836,1.340297],[103.769607,1.340208],[103.769107,1.339989],[103.768642,1.339681],[103.768223,1.339504],[103.767934,1.339487],[103.76698,1.339651],[103.766455,1.339702],[103.765899,1.339701],[103.764772,1.339597],[103.764686,1.339572],[103.764203,1.339375],[103.76372,1.339245],[103.763498,1.339207],[103.762978,1.33919],[103.762738,1.339108],[103.762552,1.338975],[103.762439,1.338847],[103.762233,1.33836],[103.762182,1.338262],[103.762142,1.338185],[103.762077,1.338105],[103.761918,1.337982],[103.760751,1.337596],[103.760426,1.337606],[103.760313,1.337035],[103.760148,1.33653],[103.760009,1.336105],[103.759735,1.335416],[103.761424,1.334441],[103.763927,1.33308],[103.764464,1.332817],[103.764081,1.330214],[103.764007,1.329212],[103.76401,1.328632],[103.76419,1.325866],[103.764237,1.323879],[103.763482,1.324185],[103.763083,1.3243],[103.762673,1.324318],[103.762202,1.324301],[103.761794,1.324213],[103.761334,1.324072],[103.760714,1.323641],[103.760183,1.323328],[103.760169,1.323324],[103.760294,1.323144],[103.760976,1.322162],[103.761006,1.322119],[103.76103,1.322087],[103.761379,1.321623],[103.761545,1.321356],[103.761906,1.320776],[103.76193,1.320738],[103.761958,1.320693],[103.762492,1.319875],[103.762723,1.319529],[103.76281,1.319399],[103.762996,1.31912],[103.763079,1.319003],[103.763079,1.319003],[103.763164,1.31886],[103.763542,1.318307],[103.763831,1.317871],[103.764249,1.317228],[103.764417,1.316924],[103.764529,1.316706],[103.764785,1.316061],[103.765317,1.316414],[103.765611,1.31664],[103.765783,1.316844],[103.765916,1.317086],[103.76601,1.31739],[103.766014,1.31783],[103.76602,1.318568],[103.766056,1.31875],[103.766092,1.318932],[103.766131,1.319028],[103.766186,1.319163],[103.766232,1.31924],[103.766312,1.319375],[103.766549,1.319627],[103.766629,1.319711],[103.766908,1.320007],[103.767946,1.321055],[103.768458,1.321452],[103.768582,1.321295],[103.769582,1.320178],[103.770425,1.319377],[103.77122,1.31872],[103.771387,1.31804],[103.771624,1.317029],[103.771722,1.316582],[103.771806,1.316063],[103.772232,1.312862],[103.772266,1.312581],[103.772234,1.312109],[103.772869,1.312213],[103.774734,1.312435],[103.775009,1.312466],[103.775083,1.312472],[103.775888,1.31251],[103.776305,1.312464],[103.776865,1.312331],[103.777008,1.312274],[103.777396,1.312122],[103.777762,1.311926],[103.779695,1.310756],[103.781105,1.309901],[103.782003,1.309347],[103.783083,1.308702],[103.784087,1.308105],[103.784314,1.308006],[103.784687,1.307867],[103.784982,1.307757],[103.7853,1.307708],[103.785616,1.307666],[103.785912,1.307685],[103.786707,1.307875],[103.787706,1.308061],[103.788613,1.3082],[103.789265,1.307953],[103.790657,1.307448],[103.791002,1.307239],[103.791075,1.307453],[103.791221,1.307841],[103.791357,1.308357],[103.791535,1.308808],[103.791547,1.308898],[103.791551,1.309024],[103.791516,1.309285],[103.791119,1.310533],[103.791081,1.310702],[103.790732,1.310637],[103.790643,1.310948],[103.790539,1.31136],[103.790394,1.311754],[103.790209,1.312128],[103.789986,1.312487],[103.789723,1.312822],[103.789549,1.313],[103.789371,1.313184],[103.788983,1.313507],[103.788887,1.313572],[103.788564,1.313788],[103.788394,1.313885],[103.787655,1.314428],[103.787075,1.314948],[103.786408,1.315816],[103.786105,1.316179],[103.785892,1.316489],[103.785081,1.317612],[103.784723,1.318204],[103.785104,1.318149],[103.78562,1.318124],[103.786226,1.318001],[103.786554,1.317937],[103.786841,1.317829],[103.787193,1.317644],[103.78751,1.317381],[103.7878,1.317798],[103.788138,1.318292],[103.788844,1.319325],[103.789823,1.320755],[103.789965,1.320962],[103.790118,1.321184],[103.791328,1.322973],[103.791766,1.32364],[103.792612,1.32494],[103.793392,1.324286],[103.794543,1.323314],[103.79554,1.322499],[103.795975,1.322142],[103.796517,1.321638],[103.796735,1.321722],[103.799546,1.322814],[103.800139,1.322741],[103.800511,1.322695],[103.800916,1.322649],[103.801938,1.322541],[103.802181,1.322487],[103.801835,1.322322],[103.801542,1.321683],[103.801953,1.320977],[103.802613,1.320805],[103.80333,1.32097],[103.803486,1.320981],[103.803585,1.320973],[103.803687,1.320944],[103.803785,1.320892],[103.803868,1.320827],[103.803956,1.320741],[103.80402,1.32066],[103.804082,1.320562],[103.804132,1.320466],[103.804165,1.320342],[103.804182,1.320205],[103.80419,1.32002],[103.804028,1.31884],[103.804067,1.318702],[103.804096,1.31861],[103.804287,1.318359],[103.804303,1.31824],[103.804155,1.317845],[103.804587,1.316975],[103.804537,1.316938],[103.805188,1.315608],[103.805195,1.315601],[103.805324,1.31535],[103.806097,1.31606],[103.806787,1.316689],[103.80715,1.31708],[103.807942,1.31781],[103.808364,1.31819],[103.80912,1.318837],[103.80954,1.319097],[103.810934,1.319764],[103.811282,1.319954],[103.811589,1.320199],[103.812965,1.321693],[103.813112,1.322144],[103.813188,1.322483],[103.813334,1.323241],[103.814355,1.323132],[103.816088,1.322918],[103.817299,1.322811],[103.818725,1.32264],[103.81886,1.322618],[103.819136,1.322555],[103.819925,1.322328],[103.821379,1.321942],[103.823098,1.321454],[103.825425,1.320674],[103.825435,1.320781],[103.825482,1.320952],[103.825513,1.321067],[103.825677,1.321559],[103.825966,1.322428],[103.826512,1.323534],[103.826616,1.323739],[103.826727,1.323955],[103.826766,1.32403],[103.826649,1.325127],[103.826643,1.325386],[103.826683,1.32585],[103.826788,1.326203],[103.82685,1.326499],[103.826863,1.326563],[103.826864,1.326566],[103.826485,1.326655],[103.826066,1.326818],[103.82556,1.327141],[103.824354,1.328397],[103.82367,1.328895],[103.823121,1.329215],[103.820617,1.330206],[103.819168,1.330993],[103.819056,1.331058],[103.816896,1.33224],[103.816896,1.33224],[103.816896,1.332241],[103.816742,1.332324],[103.816548,1.33243],[103.816416,1.332502],[103.815961,1.332751],[103.815589,1.332955],[103.815381,1.333069],[103.815057,1.333246],[103.814347,1.333548],[103.813787,1.333709],[103.813241,1.33384],[103.812476,1.334082],[103.811906,1.334354],[103.811442,1.334639],[103.810767,1.335224],[103.808628,1.33717],[103.808439,1.337342],[103.80752,1.338131],[103.806474,1.339114],[103.805672,1.339856],[103.804818,1.340662],[103.803052,1.342531],[103.801755,1.343919],[103.80062,1.345144],[103.802906,1.345877],[103.803015,1.346184],[103.803244,1.34754],[103.803561,1.348243],[103.80478,1.34974],[103.810971,1.360122],[103.815755,1.368114],[103.815783,1.368138],[103.815857,1.368203],[103.815866,1.368196],[103.815869,1.368193],[103.815909,1.36816],[103.816022,1.368173],[103.816186,1.368295],[103.816303,1.368456],[103.816459,1.368456],[103.816632,1.368582],[103.816801,1.368883],[103.816814,1.369071],[103.816905,1.369563],[103.817204,1.370134],[103.81736,1.370312],[103.817706,1.370574],[103.818137,1.370736],[103.818138,1.370736],[103.818148,1.370739],[103.818455,1.370766],[103.818732,1.370674],[103.819083,1.370482],[103.819494,1.370339],[103.819724,1.370304],[103.820213,1.370051],[103.820399,1.369898],[103.820563,1.369811],[103.820884,1.369506],[103.820996,1.369341],[103.820988,1.369188],[103.820933,1.369003],[103.820933,1.369002],[103.820921,1.368982],[103.820836,1.368844],[103.82065,1.368404],[103.82056,1.368064],[103.820516,1.367903],[103.820481,1.367855],[103.820397,1.367805],[103.820383,1.367796],[103.819814,1.367458],[103.8192,1.367197],[103.819109,1.367162],[103.819031,1.367166],[103.81894,1.36724],[103.818849,1.36728],[103.818754,1.367275],[103.818667,1.367227],[103.818626,1.36716],[103.818653,1.367053],[103.818797,1.366809],[103.818823,1.366657],[103.818823,1.3665],[103.818807,1.366457],[103.818802,1.366444],[103.818723,1.366238],[103.818425,1.366064],[103.818243,1.366042],[103.818156,1.366099],[103.81807,1.366086],[103.818009,1.366012],[103.818,1.365951],[103.818008,1.365926],[103.818009,1.365923],[103.818048,1.365794],[103.818035,1.365676],[103.817974,1.36555],[103.817884,1.365451],[103.817836,1.365415],[103.81781,1.365401],[103.81778,1.365384],[103.817585,1.365349],[103.816956,1.365291],[103.816956,1.365291],[103.816956,1.365291],[103.816937,1.365289],[103.816723,1.365262],[103.816645,1.365214],[103.816576,1.365153],[103.816576,1.365097],[103.816628,1.36504],[103.816631,1.365039],[103.816638,1.365038],[103.816771,1.365018],[103.817156,1.365005],[103.817256,1.364922],[103.817368,1.364896],[103.817619,1.364927],[103.817784,1.364839],[103.818055,1.364863],[103.81807,1.364864],[103.81807,1.364864],[103.818071,1.364864],[103.818258,1.364886],[103.818264,1.364886],[103.818503,1.364914],[103.818546,1.364874],[103.818581,1.364796],[103.818602,1.364674],[103.818661,1.364523],[103.818741,1.364208],[103.818754,1.364086],[103.8188,1.364053],[103.818809,1.364046],[103.818818,1.36404],[103.81882,1.364039],[103.818871,1.364003],[103.818975,1.36399],[103.819104,1.364042],[103.819204,1.364099],[103.819221,1.364177],[103.819213,1.364369],[103.819282,1.364796],[103.819455,1.365336],[103.819527,1.36573],[103.81953,1.365747],[103.819537,1.365794],[103.819771,1.366073],[103.819983,1.366243],[103.820204,1.366352],[103.820464,1.366474],[103.820611,1.366604],[103.821035,1.36687],[103.82136,1.367123],[103.821663,1.36748],[103.821781,1.367607],[103.821827,1.367658],[103.821839,1.367671],[103.822105,1.367916],[103.822438,1.368108],[103.822733,1.368234],[103.822975,1.368291],[103.823161,1.368278],[103.823334,1.36823],[103.823382,1.368177],[103.823339,1.368025],[103.82324,1.367879],[103.823051,1.367305],[103.822963,1.36703],[103.822914,1.366879],[103.82287,1.366719],[103.822823,1.366552],[103.82277,1.366459],[103.822748,1.366422],[103.822629,1.366216],[103.822523,1.36596],[103.822517,1.365944],[103.822516,1.36594],[103.822412,1.365654],[103.822468,1.365606],[103.822806,1.365972],[103.822927,1.366164],[103.823101,1.366308],[103.823291,1.366495],[103.823334,1.366648],[103.823391,1.366748],[103.823422,1.366799],[103.82343,1.366813],[103.823473,1.366883],[103.823515,1.366888],[103.823524,1.366889],[103.823629,1.366901],[103.823715,1.366935],[103.823824,1.367044],[103.824,1.367363],[103.824002,1.367368],[103.824036,1.367428],[103.824157,1.36745],[103.824308,1.367524],[103.824366,1.367535],[103.824961,1.367649],[103.825036,1.367663],[103.825195,1.367667],[103.825202,1.367667],[103.825203,1.367667],[103.825263,1.36766],[103.82527,1.367659],[103.825348,1.367742],[103.825568,1.368408],[103.825716,1.368809],[103.826081,1.3698],[103.826192,1.370151],[103.825936,1.370282],[103.825819,1.370352],[103.825729,1.370495],[103.825495,1.370731],[103.825356,1.370914],[103.825196,1.371071],[103.82501,1.371162],[103.824919,1.37118],[103.824871,1.371219],[103.824802,1.371363],[103.824733,1.371428],[103.824646,1.37158],[103.824542,1.371681],[103.824391,1.371742],[103.824282,1.371755],[103.824281,1.371754],[103.824109,1.37165],[103.824066,1.371637],[103.824045,1.371653],[103.824031,1.371663],[103.824003,1.371738],[103.824013,1.371807],[103.823997,1.372042],[103.824027,1.37223],[103.824036,1.372561],[103.824075,1.372957],[103.824122,1.373171],[103.824132,1.373202],[103.824169,1.373317],[103.824175,1.373335],[103.824196,1.373402],[103.824256,1.373528],[103.824417,1.373655],[103.824478,1.373695],[103.824485,1.3737],[103.824581,1.373763],[103.824607,1.373798],[103.824577,1.37382],[103.824508,1.373825],[103.824317,1.373899],[103.824274,1.37396],[103.82417,1.373981],[103.824131,1.374095],[103.824118,1.374291],[103.824131,1.374439],[103.824148,1.374522],[103.82417,1.374587],[103.824144,1.374635],[103.824101,1.37467],[103.824066,1.374652],[103.823992,1.374587],[103.82385,1.374539],[103.823676,1.374522],[103.823674,1.374522],[103.823516,1.374557],[103.823317,1.374652],[103.823036,1.374787],[103.823034,1.374785],[103.823014,1.374757],[103.823099,1.374655],[103.823103,1.37465],[103.823321,1.374387],[103.823456,1.374064],[103.82352,1.373816],[103.82352,1.373622],[103.82352,1.373527],[103.82352,1.373519],[103.823518,1.373453],[103.823515,1.373393],[103.823507,1.373223],[103.823474,1.373143],[103.823462,1.373115],[103.823434,1.373049],[103.823343,1.37287],[103.823226,1.372761],[103.823079,1.3727],[103.822867,1.372657],[103.82286,1.372657],[103.822676,1.372661],[103.822542,1.372722],[103.822534,1.372722],[103.822442,1.372722],[103.822165,1.372883],[103.821996,1.373049],[103.82188,1.373245],[103.821872,1.373245],[103.821797,1.373241],[103.821858,1.373171],[103.82188,1.373014],[103.821881,1.373006],[103.82191,1.372805],[103.821975,1.372674],[103.822027,1.372269],[103.822057,1.372182],[103.822109,1.372073],[103.822069,1.371946],[103.822067,1.371937],[103.822061,1.37192],[103.821962,1.371851],[103.821806,1.371785],[103.821399,1.37175],[103.821396,1.371751],[103.820988,1.371798],[103.820858,1.371838],[103.819988,1.372317],[103.819624,1.372596],[103.818923,1.373315],[103.818723,1.373528],[103.818624,1.373694],[103.818529,1.373964],[103.818451,1.374487],[103.818472,1.374992],[103.818563,1.375672],[103.818645,1.375833],[103.818793,1.376016],[103.819048,1.376292],[103.819308,1.376482],[103.819542,1.3766],[103.81971,1.37674],[103.81968,1.376862],[103.819633,1.376949],[103.819576,1.377013],[103.819568,1.377023],[103.819524,1.377119],[103.819498,1.377276],[103.81949,1.377537],[103.819498,1.377615],[103.819464,1.37765],[103.819425,1.377624],[103.819357,1.377394],[103.819348,1.377363],[103.819342,1.377345],[103.819256,1.377158],[103.818961,1.376731],[103.818856,1.37662],[103.818837,1.3766],[103.818829,1.376591],[103.818593,1.376352],[103.818386,1.376186],[103.818212,1.376125],[103.817974,1.376121],[103.817974,1.376121],[103.81781,1.376199],[103.817585,1.376382],[103.817351,1.376652],[103.817094,1.376832],[103.816584,1.378396],[103.81151,1.395791],[103.810226,1.397379],[103.809467,1.3985],[103.809377,1.398756],[103.808861,1.400432],[103.808855,1.400427],[103.808855,1.400427],[103.808855,1.400427],[103.808694,1.400289],[103.808688,1.40029],[103.808088,1.400412],[103.806713,1.400709],[103.806691,1.400782],[103.806648,1.400825],[103.807184,1.401848],[103.80852,1.404393],[103.808781,1.4049],[103.808971,1.4053],[103.808725,1.405408],[103.808339,1.405532],[103.807965,1.405779],[103.807761,1.406016],[103.807571,1.406454],[103.806608,1.409486],[103.806514,1.409719],[103.806272,1.410178],[103.806086,1.410586],[103.805901,1.411095]],[[103.775438,1.365286],[103.775434,1.365857],[103.77541,1.368008],[103.775325,1.369188],[103.775265,1.369874],[103.775251,1.370037],[103.775205,1.370226],[103.775066,1.370805],[103.774936,1.371137],[103.774872,1.371284],[103.774558,1.371846],[103.77396,1.372914],[103.773662,1.373204],[103.77327,1.373447],[103.772953,1.373642],[103.772253,1.374072],[103.771911,1.374306],[103.771773,1.374401],[103.771513,1.374563],[103.770483,1.375194],[103.769118,1.376038],[103.768697,1.376298],[103.767441,1.377075],[103.766593,1.3776],[103.766228,1.377833],[103.766451,1.378155],[103.767595,1.380039],[103.766463,1.380734],[103.766092,1.380914],[103.766876,1.382384],[103.768316,1.38477],[103.768617,1.385264],[103.769673,1.38705],[103.7699,1.387408],[103.770042,1.38732],[103.770773,1.386866],[103.771077,1.386678],[103.771805,1.386226],[103.772277,1.385931],[103.772508,1.38573],[103.772619,1.38558],[103.77281,1.385248],[103.772862,1.385134],[103.772915,1.384869],[103.772987,1.384364],[103.773092,1.383631],[103.773098,1.383432],[103.772996,1.382801],[103.772942,1.382551],[103.77285,1.382128],[103.772849,1.382127],[103.772689,1.381622],[103.772659,1.381528],[103.775604,1.381523],[103.77584,1.380462],[103.77612,1.379359],[103.776247,1.378856],[103.776455,1.378074],[103.776691,1.377254],[103.776913,1.37646],[103.777039,1.37608],[103.777197,1.375451],[103.777625,1.373823],[103.777876,1.373017],[103.778056,1.372432],[103.778256,1.371677],[103.778584,1.370508],[103.778858,1.369354],[103.779126,1.3682],[103.779256,1.367596],[103.779367,1.367041],[103.779522,1.365992],[103.779619,1.365382],[103.779612,1.365381],[103.778715,1.365242],[103.776835,1.364865],[103.775872,1.364824],[103.775814,1.364821],[103.775441,1.364805],[103.775438,1.365286]]]}},{"type":"Feature","properties":{"id":"JURONG CENTRAL","name":"Jurong Central SMC","shortName":"Jurong Central","type":"SMC","code":"JU","seats":1,"parties":["People's Action Party"]},"geometry":{"type":"Polygon","coordinates":[[[103.737303,1.345961],[103.736596,1.346445],[103.73599,1.347042],[103.734604,1.348517],[103.734067,1.34906],[103.733227,1.349874],[103.732809,1.350279],[103.7327,1.350392],[103.732642,1.350452],[103.732078,1.351],[103.731413,1.351511],[103.730849,1.351919],[103.729801,1.35253],[103.728219,1.353494],[103.727801,1.35374],[103.727272,1.354002],[103.726954,1.35416],[103.725964,1.354576],[103.725023,1.354915],[103.723843,1.355201],[103.723229,1.355289],[103.722914,1.355334],[103.721469,1.355432],[103.720931,1.355373],[103.720931,1.353126],[103.720934,1.351081],[103.719202,1.350861],[103.719342,1.350264],[103.719474,1.34987],[103.719724,1.349304],[103.719908,1.34898],[103.720254,1.348375],[103.721085,1.346918],[103.721395,1.34633],[103.721705,1.345542],[103.721809,1.345253],[103.721851,1.344911],[103.72242,1.344996],[103.7227,1.345017],[103.723469,1.345045],[103.723674,1.345032],[103.72437,1.344987],[103.724962,1.344884],[103.726607,1.344458],[103.726768,1.344429],[103.727029,1.344384],[103.727438,1.344351],[103.728166,1.344346],[103.728886,1.344346],[103.72939,1.344303],[103.729828,1.344224],[103.730106,1.34415],[103.730327,1.344086],[103.730827,1.343899],[103.731277,1.343678],[103.731706,1.343417],[103.732985,1.342467],[103.734366,1.341447],[103.734895,1.341049],[103.735363,1.341704],[103.735645,1.342153],[103.735856,1.34263],[103.736105,1.343283],[103.736334,1.343934],[103.7365,1.344374],[103.736815,1.345041],[103.737303,1.345961]]]}},{"type":"Feature","properties":{"id":"JALAN BESAR","name":"Jalan Besar GRC","shortName":"Jalan Besar","type":"GRC","code":"JB","seats":4,"parties":["People's Action Party"]},"geometry":{"type":"MultiPolygon","coordinates":[[[[103.873825,1.282169],[103.873855,1.282141],[103.874233,1.281807],[103.873825,1.282169]]],[[[103.865979,1.29683],[103.865978,1.296559],[103.865981,1.296423],[103.865979,1.29683]]],[[[103.866035,1.297369],[103.866014,1.297235],[103.865998,1.297101],[103.866035,1.297369]]],[[[103.866035,1.297369],[103.866065,1.297519],[103.866088,1.297635],[103.866059,1.297503],[103.866035,1.297369]]],[[[103.866256,1.298156],[103.866227,1.298095],[103.866202,1.298031],[103.866256,1.298156]]],[[[103.866256,1.298156],[103.86633,1.298269],[103.866291,1.298214],[103.866256,1.298156]]],[[[103.86633,1.298269],[103.866423,1.298367],[103.866375,1.29832],[103.86633,1.298269]]],[[[103.873303,1.298695],[103.873305,1.298759],[103.873282,1.298558],[103.873303,1.298695]]],[[[103.873438,1.29879],[103.872984,1.299086],[103.873437,1.298787],[103.873438,1.29879]]],[[[103.872821,1.299098],[103.872776,1.299033],[103.872779,1.299005],[103.872821,1.299098]]],[[[103.872456,1.301356],[103.87251,1.301252],[103.87256,1.301163],[103.872456,1.301356]]],[[[103.871164,1.304219],[103.870936,1.304267],[103.871163,1.304214],[103.871164,1.304219]]],[[[103.873825,1.282169],[103.873535,1.282444],[103.871261,1.280819],[103.871119,1.281023],[103.870584,1.281694],[103.870383,1.281552],[103.869567,1.282268],[103.869523,1.282215],[103.869417,1.282294],[103.869461,1.282347],[103.869173,1.282598],[103.868847,1.282868],[103.868409,1.283186],[103.868005,1.283469],[103.867786,1.283654],[103.867584,1.283813],[103.867014,1.284078],[103.866912,1.284078],[103.865654,1.284723],[103.865303,1.284934],[103.86521,1.284973],[103.864936,1.285094],[103.864522,1.285244],[103.863382,1.285591],[103.861812,1.286114],[103.861889,1.288528],[103.863626,1.288448],[103.864254,1.288492],[103.864685,1.288782],[103.864735,1.288815],[103.864752,1.288846],[103.864983,1.289271],[103.865027,1.289814],[103.864983,1.290182],[103.864531,1.293619],[103.86637,1.294105],[103.866308,1.294414],[103.866258,1.294693],[103.86447,1.294396],[103.864448,1.294701],[103.864402,1.294959],[103.864357,1.29517],[103.864311,1.29539],[103.864265,1.295565],[103.8643,1.295837],[103.864375,1.296059],[103.864475,1.296488],[103.864411,1.29652],[103.86422,1.296529],[103.864118,1.296547],[103.864112,1.296579],[103.8641,1.296801],[103.864105,1.296924],[103.864112,1.297069],[103.864156,1.297346],[103.864193,1.297723],[103.864248,1.297924],[103.864331,1.298166],[103.864393,1.298374],[103.864503,1.29861],[103.864641,1.298818],[103.864832,1.299148],[103.864965,1.299325],[103.865089,1.299459],[103.865274,1.29967],[103.86546,1.299833],[103.865665,1.299978],[103.866378,1.300536],[103.866558,1.300651],[103.866763,1.300885],[103.867147,1.301298],[103.867267,1.301311],[103.867386,1.30133],[103.867456,1.301303],[103.867704,1.301719],[103.867704,1.30183],[103.8676,1.301866],[103.86756,1.301975],[103.867593,1.302058],[103.867671,1.302318],[103.867676,1.302507],[103.867676,1.303048],[103.867776,1.303101],[103.867975,1.303163],[103.868246,1.303182],[103.868251,1.3028],[103.868313,1.302804],[103.868294,1.303398],[103.868013,1.303814],[103.869202,1.304594],[103.869489,1.304198],[103.869124,1.30472],[103.870809,1.305812],[103.870936,1.305893],[103.871467,1.306241],[103.871681,1.306366],[103.871906,1.30648],[103.872141,1.306578],[103.872426,1.306664],[103.872737,1.30674],[103.873015,1.306783],[103.873379,1.306805],[103.8745,1.306822],[103.87556,1.306895],[103.876069,1.306985],[103.876433,1.307131],[103.876603,1.307245],[103.877007,1.307636],[103.877282,1.308173],[103.877355,1.308271],[103.877566,1.308588],[103.877884,1.30903],[103.878012,1.309203],[103.878211,1.309368],[103.878633,1.309617],[103.879157,1.309828],[103.879496,1.309907],[103.880139,1.310044],[103.880817,1.310188],[103.881402,1.310312],[103.882188,1.310479],[103.882107,1.31309],[103.881822,1.314936],[103.881812,1.315491],[103.881839,1.316076],[103.881843,1.316179],[103.881922,1.317886],[103.881909,1.318538],[103.881866,1.319156],[103.881756,1.32013],[103.881678,1.320902],[103.881615,1.321193],[103.881554,1.321845],[103.881486,1.322243],[103.881436,1.322547],[103.881436,1.322548],[103.87561,1.320288],[103.875015,1.320676],[103.874849,1.320848],[103.87448,1.321224],[103.874085,1.321758],[103.873616,1.32248],[103.873341,1.322903],[103.873198,1.323103],[103.871851,1.324997],[103.870597,1.326385],[103.870232,1.326753],[103.869497,1.32741],[103.868754,1.327911],[103.868422,1.328093],[103.868384,1.328113],[103.867923,1.328352],[103.867307,1.328628],[103.865824,1.329074],[103.865003,1.329308],[103.863775,1.329883],[103.862767,1.330333],[103.862351,1.330438],[103.861953,1.330523],[103.861447,1.330542],[103.860972,1.330478],[103.860507,1.330358],[103.859046,1.329862],[103.858088,1.329531],[103.856847,1.329173],[103.856324,1.329094],[103.855729,1.329107],[103.855701,1.329108],[103.855629,1.329107],[103.854662,1.329216],[103.854298,1.329248],[103.853826,1.329302],[103.853364,1.329333],[103.852003,1.329458],[103.850152,1.329569],[103.849934,1.329588],[103.849856,1.329595],[103.849447,1.32963],[103.849163,1.329655],[103.84824,1.329719],[103.846534,1.32975],[103.845962,1.329722],[103.842478,1.329563],[103.841765,1.329405],[103.84119,1.32919],[103.840545,1.328873],[103.840597,1.328794],[103.841003,1.328],[103.841821,1.326399],[103.841956,1.325961],[103.841983,1.325732],[103.842004,1.325413],[103.841987,1.325062],[103.841921,1.32456],[103.841854,1.324155],[103.841703,1.323106],[103.841679,1.322917],[103.841625,1.322488],[103.841628,1.322207],[103.841637,1.32208],[103.841863,1.321467],[103.842003,1.321186],[103.842207,1.320874],[103.842665,1.320303],[103.843044,1.319838],[103.843837,1.318816],[103.844143,1.318109],[103.844159,1.318058],[103.844984,1.315515],[103.845015,1.315415],[103.84511,1.315122],[103.845228,1.314453],[103.845296,1.313853],[103.845621,1.31444],[103.845986,1.315057],[103.846457,1.315653],[103.847019,1.316174],[103.847702,1.316709],[103.84822,1.317027],[103.848804,1.317354],[103.849418,1.317617],[103.849854,1.317156],[103.850116,1.316876],[103.85068,1.316251],[103.851207,1.315666],[103.851323,1.315558],[103.851714,1.315172],[103.852122,1.314757],[103.852134,1.31475],[103.852232,1.314682],[103.853144,1.313598],[103.85367,1.312978],[103.853682,1.312964],[103.854305,1.312233],[103.854492,1.312014],[103.855021,1.311315],[103.85469,1.310888],[103.854642,1.310825],[103.854473,1.310604],[103.85438,1.310467],[103.853965,1.309826],[103.853832,1.309622],[103.853521,1.309141],[103.853351,1.308877],[103.853206,1.308651],[103.85271,1.307865],[103.852547,1.307626],[103.852216,1.307117],[103.851854,1.306566],[103.851703,1.306323],[103.851541,1.306087],[103.851482,1.305999],[103.851225,1.305594],[103.850677,1.304741],[103.850676,1.30474],[103.850434,1.304359],[103.850405,1.304314],[103.85034,1.304217],[103.850261,1.304097],[103.850153,1.303737],[103.850109,1.303488],[103.850064,1.303014],[103.850046,1.301957],[103.850005,1.301632],[103.849993,1.301386],[103.849958,1.301236],[103.849513,1.299621],[103.849393,1.299379],[103.848698,1.298601],[103.848339,1.298182],[103.848303,1.298075],[103.84827,1.297809],[103.848929,1.297248],[103.84916,1.29695],[103.849351,1.29665],[103.849444,1.2965],[103.849495,1.296429],[103.849532,1.296379],[103.849546,1.296359],[103.849615,1.296275],[103.849653,1.296237],[103.849835,1.296078],[103.850012,1.295932],[103.850114,1.295825],[103.850147,1.295768],[103.850156,1.295684],[103.850156,1.295586],[103.849774,1.294948],[103.850087,1.294804],[103.850593,1.2945],[103.850089,1.293559],[103.849802,1.293029],[103.849577,1.292506],[103.848905,1.291052],[103.848593,1.290485],[103.848318,1.290094],[103.847984,1.289753],[103.846894,1.289927],[103.846507,1.28979],[103.845259,1.289198],[103.844923,1.289213],[103.844472,1.289703],[103.844427,1.290631],[103.844014,1.29106],[103.843617,1.2911],[103.843073,1.290861],[103.842436,1.290755],[103.842213,1.290716],[103.84146,1.290752],[103.840847,1.290755],[103.840418,1.290591],[103.840113,1.290374],[103.839879,1.289968],[103.839233,1.289368],[103.838624,1.289265],[103.838451,1.289281],[103.837916,1.289444],[103.837334,1.289561],[103.835897,1.290115],[103.835734,1.290247],[103.835628,1.290425],[103.835616,1.290616],[103.835753,1.290964],[103.835917,1.291467],[103.835894,1.2918],[103.835663,1.292395],[103.835427,1.292562],[103.834924,1.292567],[103.833426,1.292365],[103.831805,1.292167],[103.831354,1.292112],[103.830972,1.292112],[103.829737,1.292425],[103.829629,1.292453],[103.828874,1.292644],[103.828522,1.292739],[103.825909,1.292411],[103.825934,1.292135],[103.825957,1.291921],[103.826087,1.291429],[103.82618,1.291165],[103.826243,1.290573],[103.825997,1.289907],[103.825807,1.289421],[103.825689,1.289006],[103.82557,1.288525],[103.825514,1.288124],[103.826478,1.288048],[103.826603,1.288022],[103.827316,1.287711],[103.827408,1.287671],[103.828052,1.287279],[103.828191,1.287241],[103.828325,1.287235],[103.82879,1.287235],[103.828943,1.287235],[103.829945,1.287404],[103.830903,1.287222],[103.831736,1.287099],[103.83216,1.287106],[103.832768,1.287238],[103.833682,1.287242],[103.833697,1.287012],[103.833669,1.286142],[103.833944,1.286369],[103.83413,1.286497],[103.834317,1.286591],[103.83443,1.286606],[103.834549,1.286563],[103.834694,1.28638],[103.834684,1.286265],[103.834696,1.286218],[103.834785,1.285896],[103.834882,1.285428],[103.834916,1.285146],[103.835162,1.284539],[103.835246,1.284333],[103.835411,1.283868],[103.835586,1.283594],[103.835721,1.283379],[103.835877,1.283261],[103.835948,1.283207],[103.836042,1.283136],[103.836091,1.283094],[103.836524,1.282758],[103.836715,1.282626],[103.836748,1.282604],[103.837339,1.28224],[103.83742,1.28219],[103.837489,1.282147],[103.838209,1.281704],[103.838382,1.281527],[103.838611,1.281291],[103.839098,1.280737],[103.83927,1.280504],[103.839327,1.280381],[103.839409,1.280125],[103.839478,1.27987],[103.83954,1.279721],[103.839577,1.279646],[103.841283,1.281748],[103.841591,1.282124],[103.841651,1.28201],[103.841966,1.2814],[103.842348,1.280675],[103.842621,1.280179],[103.842782,1.279819],[103.843119,1.27999],[103.843603,1.280298],[103.843943,1.280496],[103.843996,1.280527],[103.844088,1.280426],[103.844084,1.280412],[103.843921,1.279768],[103.84386,1.279405],[103.84386,1.279178],[103.843902,1.278863],[103.843881,1.278593],[103.843622,1.277848],[103.843592,1.277686],[103.843573,1.277362],[103.84353,1.277057],[103.843393,1.276308],[103.843265,1.275661],[103.843107,1.274925],[103.843079,1.274557],[103.843149,1.274103],[103.843213,1.273507],[103.843003,1.272623],[103.843898,1.27266],[103.843819,1.272545],[103.843379,1.272019],[103.842819,1.271422],[103.842647,1.271189],[103.842365,1.270763],[103.84248,1.270705],[103.844048,1.269205],[103.844435,1.268864],[103.845732,1.267402],[103.84399,1.265843],[103.843912,1.265522],[103.846404,1.262277],[103.845803,1.261627],[103.845852,1.261583],[103.84608,1.261626],[103.846692,1.262286],[103.846749,1.262472],[103.846247,1.263062],[103.844319,1.265543],[103.845716,1.266791],[103.851211,1.260668],[103.85208,1.261477],[103.850702,1.263061],[103.851234,1.263543],[103.851573,1.263547],[103.851589,1.26421],[103.851586,1.27286],[103.851586,1.272933],[103.851797,1.272874],[103.851914,1.272862],[103.852125,1.272851],[103.852616,1.272738],[103.852618,1.272747],[103.852818,1.272699],[103.855375,1.271084],[103.85537,1.271064],[103.855373,1.271042],[103.855389,1.271021],[103.855427,1.270999],[103.85606,1.27066],[103.856241,1.270564],[103.856721,1.270336],[103.856627,1.270143],[103.85663,1.270137],[103.85742,1.269705],[103.85751,1.269873],[103.858047,1.26958],[103.858282,1.269456],[103.85848,1.26935],[103.857921,1.268954],[103.857875,1.268811],[103.857862,1.268711],[103.857862,1.268611],[103.857867,1.268561],[103.857888,1.268464],[103.857935,1.268368],[103.858003,1.268263],[103.858899,1.267023],[103.859099,1.267161],[103.859974,1.267796],[103.862013,1.269296],[103.862911,1.269943],[103.863267,1.270153],[103.863083,1.270379],[103.863827,1.270929],[103.864407,1.271339],[103.866113,1.272603],[103.870205,1.275635],[103.869174,1.276348],[103.869253,1.276418],[103.870368,1.275741],[103.871252,1.276398],[103.871591,1.276772],[103.871691,1.276901],[103.871783,1.27705],[103.871831,1.277142],[103.871936,1.277384],[103.872014,1.277611],[103.872053,1.277777],[103.872103,1.278261],[103.872136,1.278558],[103.872094,1.278802],[103.872022,1.279075],[103.871832,1.279538],[103.871728,1.279711],[103.871652,1.279902],[103.871547,1.280122],[103.871462,1.280051],[103.871391,1.280095],[103.871418,1.280193],[103.871462,1.280316],[103.871462,1.280431],[103.873825,1.282169]],[[103.856322,1.281064],[103.856313,1.28097],[103.856152,1.280735],[103.856067,1.280685],[103.855986,1.281034],[103.855909,1.281022],[103.856006,1.280456],[103.855793,1.280222],[103.854639,1.280967],[103.854911,1.281404],[103.854726,1.281521],[103.854576,1.282227],[103.853889,1.282074],[103.853706,1.282198],[103.85342,1.281765],[103.852961,1.282057],[103.853006,1.282126],[103.853041,1.282107],[103.853128,1.282234],[103.85319,1.282203],[103.85319,1.282127],[103.853242,1.282117],[103.853242,1.282167],[103.853458,1.28217],[103.853456,1.282225],[103.853425,1.282249],[103.853254,1.282249],[103.853242,1.282395],[103.853829,1.282366],[103.853863,1.282904],[103.853646,1.282921],[103.853632,1.282648],[103.853423,1.282658],[103.853444,1.283031],[103.853893,1.283012],[103.853915,1.283404],[103.853886,1.283407],[103.853893,1.283522],[103.853572,1.283531],[103.853589,1.283739],[103.85387,1.283723],[103.853865,1.283684],[103.853965,1.283677],[103.853991,1.284117],[103.85397,1.284129],[103.853996,1.284498],[103.854062,1.284503],[103.854104,1.284523],[103.854138,1.284555],[103.854157,1.284609],[103.854164,1.28467],[103.854132,1.284731],[103.854105,1.284766],[103.854015,1.284787],[103.853934,1.284775],[103.853872,1.284749],[103.85387,1.284704],[103.853828,1.284708],[103.8538,1.284164],[103.853841,1.284161],[103.853836,1.284105],[103.853775,1.284108],[103.853776,1.284124],[103.853612,1.284134],[103.853611,1.284118],[103.85353,1.284122],[103.853532,1.28421],[103.853513,1.284212],[103.853515,1.28425],[103.853577,1.284247],[103.853585,1.284354],[103.853628,1.284351],[103.853641,1.28453],[103.8536,1.284533],[103.853603,1.284576],[103.853706,1.284571],[103.853716,1.28471],[103.85362,1.284715],[103.853627,1.284818],[103.853652,1.284816],[103.853656,1.284879],[103.853969,1.284922],[103.854007,1.285025],[103.854493,1.286333],[103.854541,1.286327],[103.854634,1.286626],[103.854547,1.286671],[103.854532,1.28695],[103.854634,1.286979],[103.854766,1.286876],[103.854844,1.286943],[103.854672,1.287111],[103.854434,1.287018],[103.854416,1.287087],[103.854392,1.287203],[103.854373,1.287321],[103.854362,1.287439],[103.854356,1.287558],[103.854358,1.287676],[103.854366,1.287795],[103.854381,1.287913],[103.854402,1.28803],[103.85443,1.288145],[103.854467,1.288256],[103.854509,1.288366],[103.854556,1.288473],[103.854609,1.288578],[103.854666,1.288681],[103.854727,1.28878],[103.854803,1.288894],[103.854912,1.288889],[103.855671,1.28886],[103.855729,1.288771],[103.85589,1.288654],[103.856094,1.288654],[103.856225,1.288727],[103.856327,1.28886],[103.857554,1.288786],[103.857992,1.288713],[103.859626,1.288639],[103.860166,1.288639],[103.860306,1.288549],[103.860391,1.288486],[103.860417,1.288483],[103.860424,1.288464],[103.860466,1.288343],[103.860466,1.288343],[103.860453,1.288338],[103.860452,1.28834],[103.860451,1.288342],[103.860449,1.288344],[103.860448,1.288346],[103.860447,1.288348],[103.860446,1.28835],[103.860444,1.288352],[103.860443,1.288354],[103.860442,1.288356],[103.86044,1.288358],[103.860439,1.28836],[103.860437,1.288361],[103.860437,1.288362],[103.860437,1.288362],[103.860437,1.288362],[103.860436,1.288362],[103.860436,1.288363],[103.860436,1.288363],[103.860436,1.288363],[103.860435,1.288363],[103.860435,1.288363],[103.860435,1.288364],[103.860433,1.288365],[103.86043,1.288367],[103.860427,1.288367],[103.860424,1.288368],[103.860421,1.288368],[103.860419,1.288367],[103.860416,1.288366],[103.860413,1.288365],[103.860411,1.288363],[103.860409,1.288361],[103.860403,1.28835],[103.860398,1.288338],[103.860396,1.288326],[103.860395,1.288314],[103.860397,1.288301],[103.860401,1.288289],[103.860407,1.288278],[103.860414,1.288268],[103.860423,1.28826],[103.860434,1.288253],[103.860445,1.288248],[103.860448,1.288247],[103.860451,1.288247],[103.860454,1.288247],[103.860457,1.288248],[103.860459,1.288249],[103.860462,1.288251],[103.860464,1.288253],[103.860466,1.288256],[103.860467,1.288258],[103.860468,1.288261],[103.860468,1.288264],[103.860469,1.288278],[103.860468,1.288292],[103.860481,1.288296],[103.860516,1.28817],[103.860543,1.288042],[103.860563,1.287912],[103.860577,1.287782],[103.860564,1.287781],[103.860559,1.287796],[103.860552,1.287811],[103.86055,1.287813],[103.860548,1.287815],[103.860545,1.287816],[103.860542,1.287817],[103.860539,1.287817],[103.860536,1.287817],[103.860534,1.287817],[103.860531,1.287816],[103.860528,1.287814],[103.860519,1.287805],[103.860512,1.287795],[103.860506,1.287784],[103.860503,1.287772],[103.860501,1.287759],[103.860502,1.287747],[103.860505,1.287734],[103.86051,1.287723],[103.860517,1.287712],[103.860525,1.287703],[103.860535,1.287695],[103.860538,1.287694],[103.86054,1.287693],[103.860543,1.287693],[103.860546,1.287693],[103.860549,1.287693],[103.860552,1.287694],[103.860554,1.287696],[103.860557,1.287697],[103.860559,1.2877],[103.86056,1.287702],[103.860565,1.287717],[103.860567,1.287732],[103.86058,1.287733],[103.860584,1.287602],[103.86058,1.287471],[103.860569,1.28734],[103.860551,1.287211],[103.860538,1.287213],[103.860538,1.287224],[103.860537,1.287235],[103.860533,1.287245],[103.860532,1.287248],[103.86053,1.28725],[103.860527,1.287252],[103.860525,1.287253],[103.860522,1.287254],[103.860519,1.287255],[103.860516,1.287254],[103.860513,1.287254],[103.860502,1.287248],[103.860493,1.287241],[103.860485,1.287232],[103.860478,1.287222],[103.860474,1.287211],[103.860471,1.287199],[103.86047,1.287187],[103.860471,1.287176],[103.860473,1.287164],[103.860478,1.287153],[103.860485,1.287143],[103.860493,1.287134],[103.860495,1.287133],[103.860498,1.287132],[103.860501,1.287131],[103.860504,1.287131],[103.860506,1.287131],[103.860509,1.287132],[103.860512,1.287133],[103.860514,1.287135],[103.860516,1.287137],[103.860518,1.287139],[103.860525,1.287151],[103.86053,1.287164],[103.860543,1.287162],[103.860543,1.287162],[103.860515,1.287034],[103.860481,1.286907],[103.86044,1.286783],[103.860392,1.286662],[103.860378,1.286668],[103.860381,1.286682],[103.860382,1.286697],[103.860381,1.2867],[103.86038,1.286703],[103.860379,1.286705],[103.860377,1.286708],[103.860375,1.28671],[103.860373,1.286711],[103.86037,1.286713],[103.860367,1.286713],[103.860364,1.286714],[103.860361,1.286714],[103.860349,1.28671],[103.860338,1.286704],[103.860328,1.286696],[103.860319,1.286687],[103.860312,1.286676],[103.860307,1.286664],[103.860304,1.286652],[103.860304,1.286639],[103.860305,1.286627],[103.860308,1.286615],[103.860314,1.286603],[103.860316,1.286601],[103.860318,1.286599],[103.860321,1.286598],[103.860324,1.286597],[103.860327,1.286596],[103.86033,1.286597],[103.860333,1.286597],[103.860336,1.286598],[103.860339,1.2866],[103.860349,1.286611],[103.860358,1.286623],[103.860372,1.286616],[103.860372,1.286616],[103.860327,1.286522],[103.860314,1.286495],[103.860288,1.286501],[103.860162,1.286537],[103.860188,1.286634],[103.859821,1.28675],[103.859806,1.286716],[103.859595,1.28678],[103.859462,1.286798],[103.859307,1.286787],[103.85917,1.286757],[103.859003,1.286683],[103.858903,1.286601],[103.858811,1.286496],[103.858748,1.286392],[103.858696,1.286266],[103.85867,1.28612],[103.858677,1.285897],[103.858711,1.285792],[103.858763,1.285684],[103.858829,1.285573],[103.858877,1.285476],[103.858896,1.285364],[103.858881,1.285256],[103.858859,1.285114],[103.858777,1.284924],[103.858711,1.284816],[103.858637,1.284727],[103.85847,1.284623],[103.85837,1.284548],[103.858278,1.28444],[103.858166,1.284303],[103.858097,1.284119],[103.858053,1.283811],[103.857982,1.283554],[103.857822,1.283349],[103.857682,1.283083],[103.857534,1.282928],[103.857419,1.282838],[103.857352,1.282794],[103.857275,1.282734],[103.857223,1.282667],[103.857138,1.282544],[103.857041,1.28241],[103.856949,1.282347],[103.85686,1.28232],[103.856808,1.282335],[103.856764,1.282358],[103.856602,1.2821],[103.856714,1.282033],[103.856731,1.282071],[103.856781,1.282106],[103.856838,1.282107],[103.856893,1.282092],[103.856927,1.282056],[103.856938,1.282016],[103.856927,1.281947],[103.856908,1.281905],[103.856752,1.281667],[103.856657,1.281575],[103.856322,1.281064]],[[103.854139,1.286904],[103.854313,1.287886],[103.854298,1.287777],[103.854287,1.287658],[103.85429,1.287538],[103.854298,1.287418],[103.854311,1.287298],[103.854329,1.28718],[103.854353,1.287062],[103.854373,1.286993],[103.854139,1.286904]],[[103.853743,1.287119],[103.853569,1.287273],[103.853685,1.287567],[103.853642,1.28764],[103.853423,1.287434],[103.853262,1.287405],[103.853221,1.28733],[103.852908,1.287558],[103.852949,1.287635],[103.852965,1.287741],[103.853482,1.288632],[103.853564,1.288675],[103.853664,1.288779],[103.85365,1.288815],[103.853667,1.288858],[103.854063,1.288919],[103.853743,1.287119]],[[103.854494,1.28891],[103.854734,1.288898],[103.854715,1.28887],[103.854658,1.28879],[103.854596,1.288689],[103.854538,1.288584],[103.854486,1.288477],[103.854439,1.288367],[103.854398,1.288256],[103.854395,1.288246],[103.854363,1.288131],[103.854336,1.288014],[103.854327,1.287968],[103.854494,1.28891]],[[103.86128,1.288492],[103.861124,1.286307],[103.861146,1.286301],[103.861025,1.286328],[103.861081,1.28842],[103.86128,1.288492]],[[103.860654,1.287079],[103.860627,1.286417],[103.860434,1.286465],[103.860414,1.28647],[103.860427,1.286499],[103.860482,1.286619],[103.86053,1.286741],[103.860573,1.286866],[103.860608,1.286993],[103.860637,1.287122],[103.860653,1.287216],[103.860657,1.287241],[103.860654,1.287079]],[[103.860558,1.288464],[103.860674,1.288447],[103.860671,1.288038],[103.860668,1.287875],[103.860652,1.287996],[103.860627,1.288126],[103.860596,1.288254],[103.860558,1.288381],[103.860528,1.288468],[103.860558,1.288464]]]]}},{"type":"Feature","properties":{"id":"PIONEER","name":"Pioneer SMC","shortName":"Pioneer","type":"SMC","code":"PI","seats":1,"parties":["People's Action Party"]},"geometry":{"type":"Polygon","coordinates":[[[103.708304,1.340033],[103.708954,1.34026],[103.709441,1.340453],[103.709275,1.34083],[103.708946,1.341502],[103.708505,1.342099],[103.708178,1.342591],[103.707429,1.343703],[103.707158,1.344064],[103.706947,1.34392],[103.706848,1.343849],[103.706446,1.343574],[103.705768,1.343112],[103.705657,1.342994],[103.705545,1.342778],[103.705432,1.342439],[103.705291,1.34202],[103.705148,1.341617],[103.705033,1.341412],[103.704914,1.341308],[103.704774,1.34122],[103.704514,1.341138],[103.704302,1.341108],[103.703882,1.341037],[103.703371,1.340938],[103.700941,1.340503],[103.699908,1.340309],[103.698228,1.339994],[103.697947,1.339942],[103.697827,1.340134],[103.697596,1.340505],[103.697528,1.34057],[103.697294,1.340794],[103.696728,1.341339],[103.696429,1.341626],[103.696128,1.34133],[103.695641,1.34076],[103.69521,1.34016],[103.694989,1.339851],[103.693803,1.338985],[103.693047,1.338953],[103.693047,1.338937],[103.693065,1.338378],[103.693115,1.338117],[103.693201,1.337906],[103.693509,1.337471],[103.693626,1.337317],[103.692203,1.335734],[103.691093,1.334372],[103.691237,1.33452],[103.691447,1.334691],[103.69168,1.334821],[103.691913,1.334907],[103.69226,1.334964],[103.692415,1.334968],[103.693773,1.334846],[103.694237,1.334839],[103.694601,1.334834],[103.695856,1.334809],[103.696464,1.334826],[103.696875,1.334834],[103.69844,1.334816],[103.698881,1.334811],[103.699334,1.334827],[103.701034,1.33481],[103.701298,1.334809],[103.70382,1.334781],[103.704208,1.334763],[103.704593,1.334802],[103.704783,1.334844],[103.70515,1.334968],[103.70537,1.335103],[103.705586,1.335275],[103.705749,1.335472],[103.705846,1.335599],[103.705882,1.335684],[103.706025,1.336017],[103.706145,1.336342],[103.7062,1.336488],[103.706363,1.33693],[103.706942,1.338488],[103.70705,1.338781],[103.707182,1.33905],[103.707303,1.33924],[103.707446,1.339418],[103.707629,1.339598],[103.707892,1.339803],[103.708304,1.340033]]]}},{"type":"Feature","properties":{"id":"MARYMOUNT","name":"Marymount SMC","shortName":"Marymount","type":"SMC","code":"MR","seats":1,"parties":["People's Action Party"]},"geometry":{"type":"Polygon","coordinates":[[[103.852263,1.360326],[103.851938,1.360652],[103.851816,1.360748],[103.850033,1.36217],[103.849919,1.362262],[103.849352,1.362681],[103.848918,1.362915],[103.848687,1.36309],[103.84794,1.363427],[103.847602,1.363579],[103.847446,1.363634],[103.847038,1.363775],[103.846532,1.363914],[103.846334,1.363956],[103.845476,1.364115],[103.844034,1.364241],[103.84298,1.364343],[103.841636,1.364472],[103.841481,1.364506],[103.84079,1.364684],[103.840195,1.364903],[103.839337,1.362922],[103.839301,1.362784],[103.839205,1.362526],[103.839118,1.362419],[103.838971,1.362083],[103.838805,1.361728],[103.838224,1.360533],[103.836918,1.357825],[103.836619,1.357206],[103.836359,1.356728],[103.836257,1.356502],[103.836121,1.356194],[103.835445,1.356579],[103.83501,1.355971],[103.834787,1.35564],[103.833934,1.353618],[103.834279,1.353298],[103.834678,1.352959],[103.83517,1.352477],[103.835289,1.352302],[103.835416,1.352109],[103.835567,1.351815],[103.835658,1.351592],[103.835707,1.351483],[103.835732,1.351409],[103.835959,1.350739],[103.836021,1.350634],[103.836097,1.350505],[103.836165,1.350388],[103.836358,1.35014],[103.836891,1.349554],[103.837225,1.349187],[103.837474,1.348799],[103.83778,1.348294],[103.838128,1.348514],[103.838308,1.348588],[103.838427,1.348608],[103.838707,1.348598],[103.838868,1.34856],[103.839437,1.348338],[103.839475,1.349033],[103.839607,1.349702],[103.839767,1.351052],[103.839825,1.351337],[103.839985,1.351865],[103.840621,1.353415],[103.840985,1.35429],[103.841256,1.354947],[103.841353,1.35517],[103.842017,1.35502],[103.843228,1.35455],[103.843554,1.354391],[103.845254,1.353798],[103.845608,1.35384],[103.846802,1.354802],[103.846962,1.354599],[103.847183,1.354317],[103.847487,1.35405],[103.847849,1.353872],[103.848394,1.35364],[103.848434,1.353802],[103.848591,1.354145],[103.848843,1.35462],[103.850285,1.357024],[103.850373,1.357171],[103.851663,1.359325],[103.851843,1.359625],[103.852263,1.360326]]]}},{"type":"Feature","properties":{"id":"BISHAN-TOA PAYOH","name":"Bishan-Toa Payoh GRC","shortName":"Bishan-Toa Payoh","type":"GRC","code":"BS","seats":4,"parties":["People's Action Party"]},"geometry":{"type":"Polygon","coordinates":[[[103.82065,1.368404],[103.820836,1.368844],[103.820921,1.368982],[103.820933,1.369002],[103.820933,1.369003],[103.820988,1.369188],[103.820996,1.369341],[103.820884,1.369506],[103.820563,1.369811],[103.820399,1.369898],[103.820213,1.370051],[103.819724,1.370304],[103.819494,1.370339],[103.819083,1.370482],[103.818732,1.370674],[103.818455,1.370766],[103.818148,1.370739],[103.818138,1.370736],[103.818137,1.370736],[103.817706,1.370574],[103.81736,1.370312],[103.817204,1.370134],[103.816905,1.369563],[103.816814,1.369071],[103.816801,1.368883],[103.816632,1.368582],[103.816459,1.368456],[103.816303,1.368456],[103.816186,1.368295],[103.816022,1.368173],[103.815909,1.36816],[103.815869,1.368193],[103.815866,1.368196],[103.815857,1.368203],[103.815783,1.368138],[103.815755,1.368114],[103.810971,1.360122],[103.80478,1.34974],[103.803561,1.348243],[103.803244,1.34754],[103.803015,1.346184],[103.802906,1.345877],[103.80062,1.345144],[103.801755,1.343919],[103.803052,1.342531],[103.804818,1.340662],[103.805672,1.339856],[103.806474,1.339114],[103.80752,1.338131],[103.808439,1.337342],[103.808628,1.33717],[103.810767,1.335224],[103.811442,1.334639],[103.811906,1.334354],[103.812476,1.334082],[103.813241,1.33384],[103.813787,1.333709],[103.814347,1.333548],[103.815057,1.333246],[103.815381,1.333069],[103.815589,1.332955],[103.815961,1.332751],[103.816416,1.332502],[103.816548,1.33243],[103.816742,1.332324],[103.816896,1.332241],[103.816896,1.33224],[103.816896,1.33224],[103.819056,1.331058],[103.819168,1.330993],[103.820617,1.330206],[103.823121,1.329215],[103.82367,1.328895],[103.824354,1.328397],[103.82556,1.327141],[103.826066,1.326818],[103.826485,1.326655],[103.826864,1.326566],[103.826863,1.326563],[103.82689,1.326556],[103.826929,1.326547],[103.827376,1.326557],[103.82806,1.326691],[103.82909,1.326842],[103.829601,1.326844],[103.829943,1.326786],[103.830324,1.326652],[103.830885,1.326327],[103.83136,1.326069],[103.831845,1.325868],[103.832264,1.32582],[103.832791,1.325826],[103.833755,1.326084],[103.83452,1.326354],[103.835324,1.326611],[103.835978,1.326819],[103.836555,1.327],[103.837045,1.327152],[103.837447,1.327284],[103.838028,1.327489],[103.83846,1.327694],[103.838793,1.32788],[103.839345,1.328208],[103.840173,1.328699],[103.840545,1.328873],[103.84119,1.32919],[103.841765,1.329405],[103.842478,1.329563],[103.845962,1.329722],[103.846534,1.32975],[103.84824,1.329719],[103.849163,1.329655],[103.849447,1.32963],[103.849856,1.329595],[103.849934,1.329588],[103.850152,1.329569],[103.852003,1.329458],[103.853364,1.329333],[103.853826,1.329302],[103.854298,1.329248],[103.854662,1.329216],[103.855629,1.329107],[103.855701,1.329108],[103.855729,1.329107],[103.856324,1.329094],[103.856847,1.329173],[103.858088,1.329531],[103.859046,1.329862],[103.860507,1.330358],[103.860972,1.330478],[103.861447,1.330542],[103.861953,1.330523],[103.862351,1.330438],[103.862232,1.334227],[103.862149,1.337605],[103.861993,1.338843],[103.861889,1.339167],[103.861705,1.339761],[103.860422,1.343423],[103.860143,1.344196],[103.859005,1.347435],[103.858178,1.349768],[103.857686,1.351127],[103.857165,1.352696],[103.856935,1.35377],[103.85686,1.354852],[103.856853,1.355495],[103.856385,1.355632],[103.856336,1.355646],[103.855906,1.355842],[103.855583,1.356034],[103.855318,1.356236],[103.855111,1.35643],[103.854888,1.35665],[103.854563,1.357134],[103.854299,1.357648],[103.853929,1.358442],[103.85369,1.358848],[103.853388,1.359297],[103.8531,1.359608],[103.852888,1.359799],[103.852263,1.360326],[103.851843,1.359625],[103.851663,1.359325],[103.850373,1.357171],[103.850285,1.357024],[103.848843,1.35462],[103.848591,1.354145],[103.848434,1.353802],[103.848394,1.35364],[103.847849,1.353872],[103.847487,1.35405],[103.847183,1.354317],[103.846962,1.354599],[103.846802,1.354802],[103.845608,1.35384],[103.845254,1.353798],[103.843554,1.354391],[103.843228,1.35455],[103.842017,1.35502],[103.841353,1.35517],[103.841256,1.354947],[103.840985,1.35429],[103.840621,1.353415],[103.839985,1.351865],[103.839825,1.351337],[103.839767,1.351052],[103.839607,1.349702],[103.839475,1.349033],[103.839437,1.348338],[103.838868,1.34856],[103.838707,1.348598],[103.838427,1.348608],[103.838308,1.348588],[103.838128,1.348514],[103.83778,1.348294],[103.837474,1.348799],[103.837225,1.349187],[103.836891,1.349554],[103.836358,1.35014],[103.836165,1.350388],[103.836097,1.350505],[103.836021,1.350634],[103.835959,1.350739],[103.835732,1.351409],[103.835707,1.351483],[103.835658,1.351592],[103.835567,1.351815],[103.835416,1.352109],[103.835289,1.352302],[103.83517,1.352477],[103.834678,1.352959],[103.834279,1.353298],[103.833934,1.353618],[103.834787,1.35564],[103.83501,1.355971],[103.835445,1.356579],[103.836121,1.356194],[103.836257,1.356502],[103.836359,1.356728],[103.836619,1.357206],[103.836918,1.357825],[103.838224,1.360533],[103.838805,1.361728],[103.838971,1.362083],[103.839118,1.362419],[103.839205,1.362526],[103.839301,1.362784],[103.839337,1.362922],[103.840195,1.364903],[103.839826,1.36504],[103.83694,1.366101],[103.835658,1.366541],[103.833571,1.367266],[103.833063,1.367416],[103.831934,1.367666],[103.83136,1.367753],[103.830939,1.3678],[103.83055,1.367839],[103.829109,1.367938],[103.82836,1.367992],[103.82832,1.367511],[103.828319,1.367393],[103.828294,1.367054],[103.826007,1.367011],[103.825998,1.367],[103.825995,1.366998],[103.825992,1.366996],[103.82598,1.366989],[103.825962,1.366984],[103.82596,1.366984],[103.825957,1.366984],[103.825939,1.366985],[103.825922,1.366992],[103.825918,1.366994],[103.825903,1.367006],[103.825892,1.367024],[103.824937,1.366954],[103.824794,1.366979],[103.824717,1.366998],[103.824637,1.367043],[103.82453,1.367127],[103.824437,1.36725],[103.824394,1.367349],[103.824366,1.367535],[103.824308,1.367524],[103.824157,1.36745],[103.824036,1.367428],[103.824002,1.367368],[103.824,1.367363],[103.823824,1.367044],[103.823715,1.366935],[103.823629,1.366901],[103.823524,1.366889],[103.823515,1.366888],[103.823473,1.366883],[103.82343,1.366813],[103.823422,1.366799],[103.823391,1.366748],[103.823334,1.366648],[103.823291,1.366495],[103.823101,1.366308],[103.822927,1.366164],[103.822806,1.365972],[103.822468,1.365606],[103.822412,1.365654],[103.822516,1.36594],[103.822517,1.365944],[103.822523,1.36596],[103.822629,1.366216],[103.822748,1.366422],[103.82277,1.366459],[103.822823,1.366552],[103.82287,1.366719],[103.822914,1.366879],[103.822963,1.36703],[103.823051,1.367305],[103.82324,1.367879],[103.823339,1.368025],[103.823382,1.368177],[103.823334,1.36823],[103.823161,1.368278],[103.822975,1.368291],[103.822733,1.368234],[103.822438,1.368108],[103.822105,1.367916],[103.821839,1.367671],[103.821827,1.367658],[103.821781,1.367607],[103.821663,1.36748],[103.82136,1.367123],[103.821035,1.36687],[103.820611,1.366604],[103.820464,1.366474],[103.819983,1.366243],[103.819771,1.366073],[103.819537,1.365794],[103.81953,1.365747],[103.819527,1.36573],[103.819455,1.365336],[103.819282,1.364796],[103.819213,1.364369],[103.819221,1.364177],[103.819204,1.364099],[103.819104,1.364042],[103.818975,1.36399],[103.818871,1.364003],[103.81882,1.364039],[103.818818,1.36404],[103.818809,1.364046],[103.8188,1.364053],[103.818754,1.364086],[103.818741,1.364208],[103.818661,1.364523],[103.818602,1.364674],[103.818581,1.364796],[103.818546,1.364874],[103.818503,1.364914],[103.818264,1.364886],[103.818258,1.364886],[103.818071,1.364864],[103.81807,1.364864],[103.81807,1.364864],[103.818055,1.364863],[103.817784,1.364839],[103.817619,1.364927],[103.817368,1.364896],[103.817256,1.364922],[103.817156,1.365005],[103.816771,1.365018],[103.816638,1.365038],[103.816631,1.365039],[103.816628,1.36504],[103.816576,1.365097],[103.816576,1.365153],[103.816645,1.365214],[103.816723,1.365262],[103.816937,1.365289],[103.816956,1.365291],[103.816956,1.365291],[103.816956,1.365291],[103.817585,1.365349],[103.81778,1.365384],[103.81781,1.365401],[103.817836,1.365415],[103.817884,1.365451],[103.817974,1.36555],[103.818035,1.365676],[103.818048,1.365794],[103.818009,1.365923],[103.818008,1.365926],[103.818,1.365951],[103.818009,1.366012],[103.81807,1.366086],[103.818156,1.366099],[103.818243,1.366042],[103.818425,1.366064],[103.818723,1.366238],[103.818802,1.366444],[103.818807,1.366457],[103.818823,1.3665],[103.818823,1.366657],[103.818797,1.366809],[103.818653,1.367053],[103.818626,1.36716],[103.818667,1.367227],[103.818754,1.367275],[103.818849,1.36728],[103.81894,1.36724],[103.819031,1.367166],[103.819109,1.367162],[103.8192,1.367197],[103.819814,1.367458],[103.820383,1.367796],[103.820397,1.367805],[103.820481,1.367855],[103.820516,1.367903],[103.82056,1.368064],[103.82065,1.368404]]]}},{"type":"Feature","properties":{"id":"HOUGANG","name":"Hougang SMC","shortName":"Hougang","type":"SMC","code":"HG","seats":1,"parties":["Workers' Party"]},"geometry":{"type":"Polygon","coordinates":[[[103.885462,1.368096],[103.88548,1.367675],[103.885613,1.367234],[103.88563,1.367094],[103.885679,1.366699],[103.885545,1.36596],[103.885531,1.365898],[103.885386,1.365641],[103.886586,1.364337],[103.88711,1.36376],[103.887527,1.363306],[103.887959,1.362815],[103.888751,1.363593],[103.889226,1.364057],[103.889687,1.364441],[103.890224,1.364968],[103.890646,1.365383],[103.890934,1.365644],[103.89161,1.364921],[103.892071,1.364428],[103.892367,1.364058],[103.892503,1.36385],[103.892653,1.363542],[103.892767,1.363255],[103.892811,1.363081],[103.892843,1.362958],[103.892914,1.362483],[103.892949,1.362105],[103.893008,1.361503],[103.89355,1.361566],[103.894939,1.361692],[103.895371,1.361738],[103.89559,1.361764],[103.895908,1.362968],[103.896076,1.363264],[103.896465,1.363636],[103.898194,1.365287],[103.899724,1.366733],[103.900213,1.368021],[103.900787,1.369456],[103.901695,1.371184],[103.901827,1.371435],[103.902373,1.372139],[103.903803,1.37355],[103.904399,1.374486],[103.904634,1.375011],[103.90486,1.376085],[103.903863,1.376685],[103.903214,1.37713],[103.90296,1.377312],[103.902818,1.377079],[103.902683,1.376892],[103.902499,1.376667],[103.900925,1.375162],[103.900753,1.374998],[103.900287,1.374531],[103.899677,1.373922],[103.899352,1.373611],[103.899044,1.373301],[103.897747,1.3722],[103.897295,1.371766],[103.896798,1.371291],[103.895969,1.370531],[103.895682,1.370262],[103.894963,1.369563],[103.894656,1.369271],[103.894364,1.36957],[103.894227,1.369694],[103.894032,1.369928],[103.894009,1.370009],[103.894001,1.370486],[103.893955,1.370599],[103.89382,1.370743],[103.893482,1.3704],[103.893305,1.370234],[103.892761,1.370229],[103.892761,1.369728],[103.892761,1.36961],[103.892088,1.368959],[103.892003,1.369051],[103.892003,1.369061],[103.892003,1.370231],[103.891598,1.370231],[103.891147,1.370887],[103.89005,1.371907],[103.88956,1.371388],[103.889175,1.370884],[103.888962,1.370583],[103.888761,1.370314],[103.888303,1.369672],[103.887399,1.368982],[103.887224,1.368824],[103.887063,1.368611],[103.886896,1.368183],[103.886821,1.367816],[103.886345,1.367917],[103.885462,1.368096]]]}},{"type":"Feature","properties":{"id":"BUKIT PANJANG","name":"Bukit Panjang SMC","shortName":"Bukit Panjang","type":"SMC","code":"BP","seats":1,"parties":["People's Action Party"]},"geometry":{"type":"Polygon","coordinates":[[[103.775434,1.365857],[103.775438,1.365286],[103.775441,1.364805],[103.775814,1.364821],[103.775872,1.364824],[103.776835,1.364865],[103.778715,1.365242],[103.779612,1.365381],[103.779619,1.365382],[103.779522,1.365992],[103.779367,1.367041],[103.779256,1.367596],[103.779126,1.3682],[103.778858,1.369354],[103.778584,1.370508],[103.778256,1.371677],[103.778056,1.372432],[103.777876,1.373017],[103.777625,1.373823],[103.777197,1.375451],[103.777039,1.37608],[103.776913,1.37646],[103.776691,1.377254],[103.776455,1.378074],[103.776247,1.378856],[103.77612,1.379359],[103.77584,1.380462],[103.775604,1.381523],[103.772659,1.381528],[103.772689,1.381622],[103.772849,1.382127],[103.77285,1.382128],[103.772942,1.382551],[103.772996,1.382801],[103.773098,1.383432],[103.773092,1.383631],[103.772987,1.384364],[103.772915,1.384869],[103.772862,1.385134],[103.77281,1.385248],[103.772619,1.38558],[103.772508,1.38573],[103.772277,1.385931],[103.771805,1.386226],[103.771077,1.386678],[103.770773,1.386866],[103.770042,1.38732],[103.7699,1.387408],[103.769673,1.38705],[103.768617,1.385264],[103.768316,1.38477],[103.766876,1.382384],[103.766092,1.380914],[103.766463,1.380734],[103.767595,1.380039],[103.766451,1.378155],[103.766228,1.377833],[103.766593,1.3776],[103.767441,1.377075],[103.768697,1.376298],[103.769118,1.376038],[103.770483,1.375194],[103.771513,1.374563],[103.771773,1.374401],[103.771911,1.374306],[103.772253,1.374072],[103.772953,1.373642],[103.77327,1.373447],[103.773662,1.373204],[103.77396,1.372914],[103.774558,1.371846],[103.774872,1.371284],[103.774936,1.371137],[103.775066,1.370805],[103.775205,1.370226],[103.775251,1.370037],[103.775265,1.369874],[103.775325,1.369188],[103.77541,1.368008],[103.775427,1.3668],[103.775434,1.365857]]]}},{"type":"Feature","properties":{"id":"SENGKANG","name":"Sengkang GRC","shortName":"Sengkang","type":"GRC","code":"SK","seats":4,"parties":["Workers' Party"]},"geometry":{"type":"Polygon","coordinates":[[[103.914274,1.385937],[103.913064,1.387319],[103.912364,1.388156],[103.911673,1.388924],[103.91161,1.388994],[103.910705,1.390063],[103.910518,1.390281],[103.909476,1.391497],[103.908803,1.392285],[103.90843,1.392695],[103.90733,1.393901],[103.906255,1.394903],[103.90613,1.395001],[103.905246,1.395719],[103.904515,1.396248],[103.903595,1.396898],[103.901479,1.398105],[103.901374,1.398165],[103.899391,1.398983],[103.899104,1.399086],[103.89841,1.399337],[103.897117,1.399712],[103.895971,1.399954],[103.895944,1.39996],[103.895909,1.399967],[103.89388,1.400297],[103.889687,1.400846],[103.887471,1.401138],[103.88658,1.401174],[103.886395,1.39999],[103.885782,1.397638],[103.885782,1.397637],[103.885664,1.397185],[103.884946,1.395754],[103.884306,1.395014],[103.88354,1.394542],[103.882829,1.394105],[103.882024,1.3935],[103.881635,1.393028],[103.881486,1.392428],[103.881491,1.391977],[103.881581,1.391956],[103.88197,1.391811],[103.882194,1.391701],[103.883611,1.390814],[103.883832,1.390653],[103.884089,1.390519],[103.884322,1.390351],[103.885052,1.389898],[103.885365,1.389709],[103.88558,1.389569],[103.888007,1.388044],[103.888254,1.387884],[103.888517,1.387719],[103.888692,1.387598],[103.889154,1.387301],[103.889487,1.387125],[103.889869,1.386958],[103.890161,1.386838],[103.890406,1.386759],[103.890669,1.38668],[103.890948,1.386613],[103.891331,1.386563],[103.891258,1.386336],[103.891209,1.386184],[103.890791,1.385003],[103.890615,1.384607],[103.890444,1.384319],[103.890421,1.384282],[103.890231,1.384013],[103.890167,1.383926],[103.89004,1.383754],[103.888925,1.382423],[103.888666,1.382091],[103.889036,1.381776],[103.890434,1.380589],[103.890767,1.380376],[103.890896,1.380317],[103.891252,1.38016],[103.891551,1.380081],[103.891903,1.38005],[103.892391,1.380046],[103.892852,1.380034],[103.893322,1.380037],[103.894448,1.380019],[103.894561,1.380017],[103.894979,1.37998],[103.895463,1.379859],[103.896338,1.379498],[103.896622,1.379408],[103.896913,1.379404],[103.896844,1.378911],[103.897334,1.37904],[103.900561,1.379432],[103.901702,1.37957],[103.902938,1.379723],[103.903745,1.379794],[103.904828,1.380112],[103.904739,1.382009],[103.904718,1.382464],[103.90513,1.383767],[103.905824,1.384352],[103.906135,1.384597],[103.907399,1.385155],[103.909471,1.385419],[103.910783,1.385211],[103.911646,1.38489],[103.912958,1.384909],[103.913773,1.385414],[103.914274,1.385937]]]}},{"type":"Feature","properties":{"id":"MARSILING-YEW TEE","name":"Marsiling-Yew Tee GRC","shortName":"Marsiling-Yew Tee","type":"GRC","code":"MY","seats":4,"parties":["People's Action Party"]},"geometry":{"type":"Polygon","coordinates":[[[103.770489,1.448751],[103.770358,1.44916],[103.770354,1.449172],[103.769255,1.452605],[103.769254,1.452605],[103.769026,1.452509],[103.769729,1.450192],[103.769859,1.449819],[103.769859,1.44954],[103.769748,1.449055],[103.769532,1.448557],[103.768976,1.447783],[103.768475,1.447445],[103.768235,1.447242],[103.767937,1.446971],[103.767755,1.446816],[103.767557,1.446697],[103.767302,1.446369],[103.76716,1.446103],[103.766969,1.445543],[103.766807,1.444744],[103.766902,1.444313],[103.767296,1.443878],[103.767459,1.443607],[103.767546,1.443279],[103.767623,1.442873],[103.76743,1.442592],[103.766441,1.4415],[103.766211,1.44178],[103.767171,1.442757],[103.767229,1.442979],[103.767229,1.443298],[103.767094,1.443656],[103.766931,1.443907],[103.766729,1.444062],[103.76647,1.444121],[103.766201,1.444062],[103.765951,1.443994],[103.765673,1.443991],[103.765488,1.443868],[103.76518,1.443723],[103.765028,1.443551],[103.764985,1.44348],[103.764975,1.443466],[103.765323,1.442988],[103.765516,1.442406],[103.765708,1.441825],[103.765933,1.441405],[103.766222,1.441146],[103.76664,1.441049],[103.766479,1.44092],[103.766062,1.441049],[103.765516,1.441695],[103.765291,1.442245],[103.765098,1.442859],[103.764797,1.443192],[103.764527,1.442775],[103.764373,1.442572],[103.764393,1.442398],[103.764477,1.442271],[103.76448,1.442127],[103.764033,1.441286],[103.763838,1.440949],[103.763613,1.440769],[103.763553,1.440542],[103.763517,1.440231],[103.762994,1.439752],[103.762852,1.439764],[103.762757,1.439621],[103.76265,1.439322],[103.762555,1.438999],[103.762517,1.438731],[103.762493,1.438721],[103.762482,1.438611],[103.762464,1.438309],[103.762263,1.438126],[103.762176,1.437932],[103.762134,1.437692],[103.762136,1.437488],[103.762112,1.43731],[103.761946,1.436975],[103.761581,1.436482],[103.761292,1.436231],[103.761235,1.436337],[103.761398,1.436482],[103.7616,1.436714],[103.761802,1.436975],[103.761581,1.436859],[103.761389,1.436724],[103.761081,1.436463],[103.760851,1.436279],[103.760399,1.435989],[103.760121,1.435805],[103.760025,1.435631],[103.759986,1.435419],[103.760025,1.435109],[103.760245,1.434578],[103.760417,1.43421],[103.76052,1.434047],[103.760363,1.433905],[103.760284,1.433998],[103.760174,1.43421],[103.760044,1.43452],[103.7599,1.434935],[103.759842,1.435187],[103.759829,1.435341],[103.759894,1.435647],[103.759959,1.435866],[103.760073,1.435941],[103.760313,1.436115],[103.760649,1.436308],[103.760975,1.436559],[103.761206,1.436782],[103.761446,1.436975],[103.761686,1.437082],[103.761802,1.437236],[103.761878,1.437478],[103.761946,1.43771],[103.761955,1.438058],[103.762042,1.438748],[103.761462,1.438683],[103.761292,1.43856],[103.761141,1.438506],[103.760933,1.438301],[103.760496,1.438233],[103.759974,1.438306],[103.759299,1.438302],[103.758686,1.43829],[103.758426,1.438306],[103.758277,1.438408],[103.758151,1.438437],[103.758016,1.438374],[103.757465,1.438297],[103.757138,1.438362],[103.756772,1.438408],[103.756424,1.438476],[103.756238,1.438489],[103.755995,1.438534],[103.755696,1.43853],[103.755479,1.43853],[103.755252,1.438452],[103.755031,1.438403],[103.754697,1.43843],[103.754293,1.438369],[103.75409,1.438394],[103.753897,1.438321],[103.753719,1.438161],[103.753598,1.438097],[103.753348,1.438164],[103.753154,1.438059],[103.752928,1.437932],[103.752667,1.437767],[103.752614,1.437544],[103.752571,1.437516],[103.752863,1.436545],[103.752947,1.436204],[103.752715,1.435971],[103.752496,1.436627],[103.752472,1.436773],[103.752395,1.437069],[103.752301,1.437341],[103.752229,1.437294],[103.752117,1.437432],[103.751934,1.437491],[103.751659,1.437486],[103.751529,1.43751],[103.751392,1.437464],[103.751167,1.437515],[103.750892,1.437539],[103.750699,1.437495],[103.750584,1.437389],[103.750593,1.437214],[103.75055,1.437107],[103.750371,1.437044],[103.750106,1.437034],[103.749817,1.436908],[103.749707,1.436894],[103.749566,1.436994],[103.749198,1.437279],[103.748815,1.437464],[103.748504,1.43765],[103.748305,1.437792],[103.748093,1.437964],[103.747966,1.438092],[103.747768,1.438177],[103.747527,1.438248],[103.747388,1.438248],[103.747218,1.438292],[103.747158,1.43846],[103.747032,1.438594],[103.746841,1.438566],[103.746804,1.43863],[103.746824,1.43875],[103.746785,1.438832],[103.746614,1.43906],[103.746508,1.439166],[103.746249,1.439201],[103.746128,1.439208],[103.745792,1.439366],[103.745494,1.439589],[103.745313,1.439692],[103.745145,1.439735],[103.744966,1.439735],[103.744782,1.43991],[103.744665,1.439972],[103.744342,1.440058],[103.744265,1.440199],[103.744096,1.44032],[103.74386,1.440369],[103.743715,1.440349],[103.743595,1.440301],[103.743309,1.440087],[103.743156,1.43998],[103.74303,1.439859],[103.74291,1.439709],[103.742852,1.439519],[103.742842,1.439349],[103.742741,1.439306],[103.742587,1.439257],[103.742466,1.439185],[103.742355,1.438947],[103.739898,1.438943],[103.739842,1.420676],[103.739842,1.420676],[103.739842,1.420672],[103.742125,1.413934],[103.742125,1.412923],[103.742125,1.41292],[103.741545,1.410393],[103.741545,1.410393],[103.741576,1.409228],[103.74176,1.408486],[103.742058,1.40787],[103.742694,1.407062],[103.743009,1.406775],[103.743942,1.406201],[103.745941,1.405421],[103.745943,1.40542],[103.745892,1.405356],[103.74517,1.404574],[103.744787,1.40415],[103.744544,1.403841],[103.744362,1.403569],[103.744188,1.403298],[103.744077,1.40306],[103.743928,1.402738],[103.743696,1.402237],[103.743616,1.401994],[103.743553,1.401829],[103.743494,1.401471],[103.743432,1.401214],[103.74339,1.401037],[103.743219,1.399685],[103.742895,1.397209],[103.742834,1.396769],[103.742765,1.3965],[103.742536,1.395713],[103.742326,1.395198],[103.742073,1.394703],[103.741567,1.393873],[103.741468,1.393711],[103.741249,1.393359],[103.741072,1.393064],[103.740719,1.392522],[103.740555,1.392222],[103.740381,1.391804],[103.740297,1.391541],[103.740289,1.391514],[103.740197,1.391069],[103.740156,1.390581],[103.740156,1.39058],[103.740201,1.389932],[103.740336,1.389321],[103.74056,1.388763],[103.740877,1.388083],[103.741355,1.387056],[103.741566,1.386608],[103.742693,1.387552],[103.743103,1.387902],[103.743548,1.388225],[103.744012,1.388529],[103.744163,1.388629],[103.74506,1.389097],[103.745647,1.389293],[103.746049,1.389429],[103.746726,1.389604],[103.747473,1.389717],[103.747764,1.389743],[103.748534,1.389752],[103.74959,1.389681],[103.752965,1.389008],[103.754543,1.388791],[103.754541,1.388794],[103.754331,1.389218],[103.754091,1.389744],[103.753918,1.390109],[103.753812,1.390401],[103.753695,1.390732],[103.753371,1.392178],[103.753295,1.392673],[103.753043,1.394318],[103.752697,1.39657],[103.752629,1.397014],[103.752497,1.397905],[103.752458,1.39876],[103.752482,1.399045],[103.752534,1.399636],[103.7527,1.4005],[103.752824,1.400946],[103.753187,1.402052],[103.753215,1.402137],[103.754768,1.406949],[103.754952,1.407553],[103.754993,1.407684],[103.755211,1.408452],[103.755344,1.409239],[103.755397,1.410035],[103.75538,1.410658],[103.755354,1.410868],[103.755248,1.411392],[103.755847,1.41147],[103.757154,1.411639],[103.757332,1.411659],[103.759146,1.411885],[103.759508,1.411899],[103.759514,1.411899],[103.759849,1.411879],[103.760306,1.4118],[103.760718,1.411673],[103.76101,1.41155],[103.761906,1.411097],[103.762339,1.410879],[103.762659,1.410716],[103.763058,1.410576],[103.76362,1.410454],[103.766621,1.410188],[103.767663,1.41014],[103.767664,1.41014],[103.769431,1.410156],[103.769437,1.410156],[103.770411,1.410113],[103.771124,1.410044],[103.771682,1.40999],[103.772193,1.40992],[103.772558,1.409914],[103.772564,1.409914],[103.772856,1.409933],[103.773464,1.410043],[103.775144,1.410567],[103.775962,1.410747],[103.776885,1.410857],[103.777516,1.410869],[103.777521,1.410869],[103.778186,1.410826],[103.778569,1.410796],[103.77898,1.410765],[103.779651,1.410734],[103.779651,1.410734],[103.779651,1.410734],[103.780239,1.410735],[103.782772,1.410868],[103.783251,1.410931],[103.783816,1.411093],[103.785144,1.411645],[103.785876,1.411851],[103.787634,1.412298],[103.788302,1.412421],[103.788866,1.412524],[103.78955,1.412539],[103.79467,1.414336],[103.797097,1.415055],[103.797958,1.415273],[103.798252,1.415347],[103.799452,1.415658],[103.800629,1.4159],[103.800631,1.415901],[103.800983,1.416311],[103.801645,1.417457],[103.80168,1.417624],[103.801666,1.41778],[103.801595,1.417965],[103.800729,1.418829],[103.799302,1.419926],[103.798092,1.420739],[103.795847,1.421986],[103.79497,1.422445],[103.792707,1.423639],[103.790576,1.424768],[103.790391,1.424858],[103.79136,1.42669],[103.790584,1.427382],[103.791536,1.428535],[103.791924,1.428825],[103.791651,1.42971],[103.791572,1.429968],[103.791886,1.430086],[103.792289,1.430225],[103.792453,1.430308],[103.792933,1.430644],[103.793078,1.430789],[103.79314,1.430851],[103.793326,1.431087],[103.793736,1.431787],[103.794453,1.433016],[103.794698,1.433441],[103.794909,1.433815],[103.795785,1.435354],[103.795793,1.435417],[103.795853,1.43558],[103.795882,1.435739],[103.795899,1.435864],[103.795876,1.43629],[103.795834,1.436882],[103.79571,1.438801],[103.795683,1.439227],[103.795253,1.4392],[103.792051,1.438988],[103.79193,1.438979],[103.791086,1.438919],[103.790675,1.438843],[103.790275,1.43872],[103.789411,1.438333],[103.788895,1.438158],[103.788844,1.438317],[103.78881,1.438423],[103.788675,1.438678],[103.788221,1.439202],[103.788114,1.439304],[103.787821,1.439502],[103.785438,1.440866],[103.785053,1.441141],[103.784698,1.44141],[103.784333,1.441686],[103.784069,1.441921],[103.78348,1.442435],[103.783237,1.442616],[103.782729,1.442926],[103.782189,1.443171],[103.781294,1.443456],[103.780989,1.443585],[103.780564,1.443773],[103.780383,1.443881],[103.78016,1.444047],[103.779836,1.444369],[103.779583,1.444744],[103.779111,1.445769],[103.778869,1.446092],[103.778689,1.446261],[103.77834,1.446493],[103.778044,1.446604],[103.777282,1.44679],[103.777744,1.449004],[103.775989,1.450987],[103.775229,1.450855],[103.77457,1.450668],[103.773879,1.450349],[103.772847,1.449846],[103.772273,1.44947],[103.771908,1.449169],[103.771638,1.44888],[103.77124,1.448396],[103.770625,1.448326],[103.770489,1.448751]]]}},{"type":"Feature","properties":{"id":"NEE SOON","name":"Nee Soon GRC","shortName":"Nee Soon","type":"GRC","code":"NS","seats":5,"parties":["People's Action Party"]},"geometry":{"type":"MultiPolygon","coordinates":[[[[103.857648,1.450124],[103.857508,1.450096],[103.857369,1.45004],[103.857145,1.449899],[103.85692,1.449772],[103.856929,1.449547],[103.857036,1.449466],[103.857453,1.449477],[103.857695,1.449331],[103.857927,1.449172],[103.858094,1.449072],[103.858665,1.447981],[103.858681,1.447802],[103.858821,1.447678],[103.858821,1.447566],[103.858849,1.447369],[103.858905,1.447256],[103.859044,1.447172],[103.859184,1.447031],[103.859212,1.446891],[103.859433,1.446604],[103.859674,1.446118],[103.859826,1.445654],[103.859808,1.445317],[103.859763,1.445029],[103.859674,1.444777],[103.859602,1.444471],[103.859629,1.444102],[103.859687,1.443883],[103.859938,1.443208],[103.860246,1.442814],[103.860553,1.442617],[103.86072,1.442336],[103.861028,1.442055],[103.861195,1.441942],[103.861391,1.441914],[103.86157,1.441726],[103.861722,1.44151],[103.861889,1.441133],[103.862587,1.440043],[103.863309,1.438961],[103.863757,1.43829],[103.864044,1.438006],[103.864323,1.437781],[103.86461,1.437577],[103.864861,1.437352],[103.865013,1.437213],[103.865227,1.437271],[103.865441,1.437343],[103.865568,1.437631],[103.865669,1.437859],[103.865897,1.438161],[103.866054,1.438534],[103.866097,1.438879],[103.866011,1.439702],[103.865862,1.440313],[103.865594,1.440961],[103.865201,1.441663],[103.864807,1.442239],[103.864172,1.44295],[103.863797,1.443328],[103.863376,1.443823],[103.863063,1.44421],[103.862902,1.444606],[103.862786,1.444858],[103.862589,1.445245],[103.86206,1.446019],[103.86148,1.447018],[103.861266,1.447261],[103.86072,1.447762],[103.860264,1.448206],[103.859746,1.448773],[103.859307,1.449304],[103.858851,1.449673],[103.858597,1.449843],[103.858207,1.450012],[103.857868,1.450114],[103.857769,1.450114],[103.857648,1.450124]]],[[[103.851389,1.454468],[103.850913,1.455126],[103.850148,1.455966],[103.849502,1.456318],[103.849042,1.45652],[103.848333,1.456841],[103.848029,1.456871],[103.847729,1.45702],[103.847466,1.457157],[103.847004,1.45739],[103.846583,1.457642],[103.846023,1.458166],[103.845307,1.458349],[103.844989,1.458554],[103.833498,1.45149],[103.833477,1.451475],[103.833457,1.451459],[103.833438,1.451442],[103.833421,1.451423],[103.833404,1.4514],[103.833388,1.451375],[103.833378,1.451357],[103.833374,1.451347],[103.83334,1.451256],[103.83333,1.451272],[103.83318,1.450839],[103.83318,1.450762],[103.833216,1.450654],[103.834256,1.449027],[103.835212,1.447421],[103.835102,1.447356],[103.836293,1.445408],[103.836249,1.445323],[103.836045,1.44518],[103.834887,1.444464],[103.834012,1.443924],[103.832235,1.442844],[103.830709,1.441916],[103.830679,1.441964],[103.830233,1.441539],[103.829968,1.440681],[103.829485,1.43906],[103.829305,1.43841],[103.828982,1.437859],[103.827811,1.436528],[103.827028,1.436184],[103.826587,1.436029],[103.825739,1.435818],[103.825738,1.435818],[103.825741,1.435809],[103.825897,1.435356],[103.825897,1.435356],[103.825849,1.435343],[103.825599,1.435272],[103.825591,1.43527],[103.825434,1.435226],[103.825105,1.435147],[103.824752,1.43509],[103.824483,1.435079],[103.824157,1.435101],[103.823866,1.435169],[103.823529,1.435283],[103.823273,1.435431],[103.823008,1.435605],[103.822799,1.435779],[103.822582,1.436009],[103.821383,1.437583],[103.821037,1.437996],[103.820312,1.438795],[103.819547,1.439555],[103.818722,1.440311],[103.818189,1.440735],[103.817847,1.44101],[103.817341,1.441379],[103.816578,1.441903],[103.815668,1.442461],[103.814156,1.443236],[103.813159,1.443694],[103.812243,1.444062],[103.811693,1.444272],[103.811649,1.443688],[103.811447,1.442346],[103.811397,1.442176],[103.811279,1.441783],[103.810979,1.441115],[103.810602,1.440532],[103.810162,1.439984],[103.809064,1.438725],[103.808872,1.438503],[103.808684,1.438286],[103.803785,1.432633],[103.803489,1.432295],[103.803201,1.431938],[103.799043,1.42715],[103.798791,1.426848],[103.798536,1.426543],[103.796314,1.423989],[103.795693,1.423301],[103.795108,1.422622],[103.79497,1.422445],[103.795847,1.421986],[103.798092,1.420739],[103.799302,1.419926],[103.800729,1.418829],[103.801595,1.417965],[103.801666,1.41778],[103.80168,1.417624],[103.801645,1.417457],[103.800983,1.416311],[103.800631,1.415901],[103.800629,1.4159],[103.80105,1.415992],[103.801139,1.416012],[103.801694,1.416137],[103.801996,1.416184],[103.802288,1.416195],[103.802429,1.416207],[103.802434,1.416207],[103.802902,1.41612],[103.803226,1.416005],[103.803733,1.415735],[103.804289,1.415309],[103.804505,1.415128],[103.804999,1.414189],[103.805297,1.413393],[103.805495,1.412608],[103.80578,1.411482],[103.805901,1.411095],[103.806086,1.410586],[103.806272,1.410178],[103.806514,1.409719],[103.806608,1.409486],[103.807571,1.406454],[103.807761,1.406016],[103.807965,1.405779],[103.808339,1.405532],[103.808725,1.405408],[103.808971,1.4053],[103.808781,1.4049],[103.80852,1.404393],[103.807184,1.401848],[103.806648,1.400825],[103.806691,1.400782],[103.806713,1.400709],[103.808088,1.400412],[103.808688,1.40029],[103.808694,1.400289],[103.808855,1.400427],[103.808855,1.400427],[103.808855,1.400427],[103.808861,1.400432],[103.809937,1.400872],[103.810969,1.401172],[103.811932,1.401638],[103.812033,1.401729],[103.812169,1.402002],[103.81258,1.401233],[103.813,1.400279],[103.813361,1.399383],[103.813982,1.397609],[103.814209,1.397187],[103.814477,1.396747],[103.814771,1.396384],[103.81509,1.396038],[103.815577,1.395632],[103.816089,1.395303],[103.816878,1.394923],[103.818886,1.394338],[103.819621,1.39411],[103.820041,1.393971],[103.820516,1.393822],[103.822715,1.393265],[103.823825,1.393075],[103.825083,1.392941],[103.826229,1.3929],[103.82695,1.3929],[103.827269,1.39292],[103.827691,1.392946],[103.828187,1.393003],[103.828929,1.393127],[103.829742,1.393281],[103.830177,1.393369],[103.830872,1.393549],[103.831476,1.393698],[103.831859,1.393801],[103.832268,1.393904],[103.833918,1.394286],[103.834306,1.394436],[103.83631,1.394931],[103.836957,1.395092],[103.837445,1.395213],[103.838093,1.395382],[103.839939,1.395849],[103.839939,1.395849],[103.838367,1.399327],[103.83823,1.39976],[103.838135,1.400203],[103.838083,1.400654],[103.838073,1.401106],[103.838073,1.401108],[103.838107,1.40156],[103.838183,1.402007],[103.838302,1.402445],[103.838461,1.40287],[103.838661,1.403277],[103.838897,1.403663],[103.83917,1.404025],[103.839475,1.404358],[103.839811,1.404661],[103.840174,1.404931],[103.840561,1.405164],[103.840968,1.405359],[103.841392,1.405513],[103.841828,1.405627],[103.842126,1.405679],[103.842999,1.405907],[103.84386,1.406177],[103.844707,1.406488],[103.845538,1.406839],[103.846352,1.40723],[103.847146,1.40766],[103.847919,1.408127],[103.848669,1.408631],[103.849394,1.40917],[103.849498,1.409253],[103.852444,1.412137],[103.855433,1.415638],[103.859393,1.420736],[103.860997,1.423519],[103.86115,1.423736],[103.858377,1.425023],[103.858296,1.425061],[103.858248,1.425126],[103.85821,1.425223],[103.858162,1.425315],[103.857892,1.425426],[103.857765,1.425189],[103.857374,1.42537],[103.857472,1.425534],[103.85741,1.425597],[103.857687,1.426137],[103.857653,1.4262],[103.857636,1.426339],[103.857669,1.42642],[103.857731,1.426456],[103.857863,1.426474],[103.857911,1.426599],[103.857866,1.426812],[103.857839,1.42692],[103.857955,1.427109],[103.857973,1.427379],[103.858107,1.427469],[103.858166,1.427727],[103.858202,1.427939],[103.858324,1.428062],[103.858539,1.427989],[103.858827,1.427956],[103.858911,1.428041],[103.859083,1.428125],[103.85927,1.428294],[103.859726,1.428749],[103.859905,1.428771],[103.859967,1.428852],[103.859968,1.429138],[103.859995,1.429615],[103.859914,1.430189],[103.859968,1.430352],[103.860066,1.430487],[103.860174,1.430609],[103.860281,1.43069],[103.860442,1.430663],[103.860617,1.43069],[103.860738,1.430771],[103.860832,1.430892],[103.860872,1.431001],[103.8611,1.431271],[103.861208,1.431474],[103.861342,1.431636],[103.861624,1.431676],[103.861812,1.431758],[103.862,1.43192],[103.862054,1.432298],[103.862148,1.432487],[103.862202,1.432677],[103.862282,1.43296],[103.862246,1.433329],[103.862363,1.433366],[103.862511,1.433312],[103.862559,1.433524],[103.86258,1.433782],[103.862602,1.434048],[103.862595,1.434187],[103.862537,1.434356],[103.86253,1.434414],[103.86258,1.434491],[103.862623,1.434557],[103.86263,1.43473],[103.862602,1.434931],[103.86253,1.435183],[103.862449,1.435477],[103.862224,1.435857],[103.861879,1.436072],[103.861706,1.436453],[103.861504,1.436861],[103.861335,1.437006],[103.861324,1.437083],[103.861181,1.437394],[103.860872,1.437732],[103.86055,1.437908],[103.860348,1.438124],[103.86008,1.438259],[103.859878,1.438313],[103.859717,1.438543],[103.859556,1.43861],[103.859126,1.439138],[103.859032,1.439354],[103.859019,1.439773],[103.858374,1.440773],[103.857676,1.441544],[103.857488,1.441679],[103.857192,1.441719],[103.856406,1.441814],[103.85607,1.44176],[103.855667,1.441544],[103.85518,1.441022],[103.854498,1.440191],[103.854216,1.439951],[103.854063,1.439868],[103.854024,1.439834],[103.853965,1.439541],[103.853976,1.439304],[103.854035,1.439126],[103.854142,1.439007],[103.854024,1.438935],[103.853858,1.439244],[103.853787,1.439232],[103.853787,1.439137],[103.853811,1.439007],[103.853835,1.43884],[103.853752,1.438793],[103.853681,1.438674],[103.853658,1.43852],[103.853681,1.438353],[103.853599,1.438448],[103.853492,1.438567],[103.853327,1.438579],[103.853091,1.438484],[103.852914,1.438365],[103.852878,1.438472],[103.853398,1.438876],[103.853599,1.439054],[103.853575,1.439185],[103.853466,1.439165],[103.853469,1.439143],[103.852871,1.438728],[103.852352,1.438447],[103.852285,1.438313],[103.852352,1.438179],[103.852432,1.43809],[103.852584,1.438002],[103.852525,1.437844],[103.852379,1.43775],[103.852166,1.437844],[103.852112,1.437965],[103.851886,1.438005],[103.851514,1.438018],[103.851115,1.438005],[103.850716,1.437871],[103.85037,1.437737],[103.850138,1.437511],[103.85016,1.437489],[103.850369,1.43739],[103.850384,1.437377],[103.850403,1.437332],[103.850405,1.437301],[103.850397,1.437279],[103.850346,1.43722],[103.850283,1.437173],[103.850225,1.437162],[103.850191,1.437162],[103.850163,1.437169],[103.850053,1.437253],[103.849991,1.437281],[103.849962,1.43729],[103.849904,1.437299],[103.849831,1.437298],[103.849782,1.437291],[103.849754,1.437278],[103.849593,1.437134],[103.849571,1.43714],[103.84953,1.437222],[103.849485,1.437252],[103.849455,1.437263],[103.849427,1.437262],[103.849403,1.437254],[103.849374,1.437233],[103.849321,1.437142],[103.84923,1.437158],[103.849146,1.43715],[103.849075,1.437114],[103.848957,1.436964],[103.848962,1.43671],[103.848907,1.436627],[103.848857,1.436363],[103.848865,1.436155],[103.848794,1.435953],[103.848617,1.435787],[103.848428,1.435644],[103.84818,1.435537],[103.847837,1.435407],[103.84766,1.435335],[103.847566,1.435217],[103.847542,1.435038],[103.847519,1.434884],[103.84746,1.43492],[103.847448,1.435145],[103.847483,1.435324],[103.847578,1.435454],[103.847873,1.435573],[103.848203,1.435739],[103.848475,1.43593],[103.848581,1.436096],[103.848611,1.436312],[103.848591,1.436517],[103.848555,1.436669],[103.848509,1.436701],[103.848399,1.436697],[103.848294,1.436646],[103.848261,1.436687],[103.848165,1.436733],[103.848065,1.436706],[103.847973,1.436687],[103.847923,1.436729],[103.847849,1.43678],[103.847794,1.436793],[103.847721,1.436738],[103.847662,1.43666],[103.847437,1.436434],[103.847378,1.436383],[103.847325,1.436338],[103.844658,1.433871],[103.844534,1.434001],[103.847217,1.4365],[103.847515,1.436784],[103.847456,1.436876],[103.84741,1.436991],[103.847355,1.437038],[103.847282,1.437051],[103.84724,1.437125],[103.847245,1.43719],[103.847314,1.437203],[103.847465,1.437199],[103.848028,1.437309],[103.848371,1.437365],[103.848522,1.43742],[103.848779,1.437526],[103.849253,1.437723],[103.849236,1.43779],[103.849379,1.437773],[103.849597,1.437925],[103.849851,1.438165],[103.85025,1.438339],[103.851267,1.438637],[103.851463,1.438736],[103.851659,1.438867],[103.852107,1.43904],[103.852807,1.439564],[103.853284,1.439969],[103.853597,1.440359],[103.854129,1.441045],[103.854649,1.441723],[103.855029,1.442106],[103.855301,1.442345],[103.855455,1.442445],[103.855587,1.442639],[103.855802,1.442869],[103.855976,1.443085],[103.856186,1.443356],[103.856319,1.443395],[103.856362,1.443593],[103.85641,1.443832],[103.85641,1.444129],[103.856307,1.444658],[103.856051,1.445357],[103.855855,1.44601],[103.855792,1.446273],[103.855697,1.446588],[103.855661,1.446872],[103.85544,1.447466],[103.855034,1.448208],[103.855007,1.448258],[103.854897,1.448452],[103.854492,1.448772],[103.853836,1.44902],[103.85315,1.449189],[103.852713,1.449201],[103.852442,1.449272],[103.852194,1.44926],[103.851934,1.449118],[103.851639,1.448868],[103.851533,1.448809],[103.85132,1.448619],[103.851155,1.448393],[103.851025,1.448345],[103.850588,1.448191],[103.850364,1.448191],[103.849892,1.448013],[103.849183,1.447846],[103.848401,1.447717],[103.848,1.447808],[103.847765,1.447937],[103.847601,1.447966],[103.847155,1.448119],[103.846833,1.448233],[103.846714,1.448193],[103.846607,1.448227],[103.846482,1.448284],[103.846347,1.448239],[103.846347,1.448131],[103.846392,1.448034],[103.84655,1.447915],[103.846725,1.447727],[103.846886,1.447468],[103.846918,1.447403],[103.84694,1.44737],[103.847002,1.447323],[103.847092,1.44726],[103.847179,1.447206],[103.847255,1.447129],[103.84731,1.447041],[103.847375,1.446899],[103.847473,1.446713],[103.847625,1.446396],[103.847731,1.44626],[103.847657,1.446164],[103.847488,1.44613],[103.847386,1.446078],[103.847307,1.446067],[103.847234,1.446198],[103.847146,1.446319],[103.847038,1.446462],[103.846962,1.446593],[103.846788,1.446823],[103.846679,1.446943],[103.846548,1.447096],[103.846461,1.447228],[103.846418,1.447282],[103.846374,1.447326],[103.846201,1.447414],[103.846178,1.447434],[103.846016,1.447545],[103.845918,1.447611],[103.845863,1.447654],[103.845766,1.447753],[103.845689,1.44787],[103.845656,1.447936],[103.845624,1.448045],[103.845602,1.4481],[103.845603,1.4483],[103.845581,1.448497],[103.845581,1.448563],[103.845624,1.448771],[103.845645,1.449019],[103.845689,1.449238],[103.845717,1.449506],[103.845732,1.449555],[103.845798,1.449676],[103.845863,1.44984],[103.845939,1.449993],[103.845961,1.450048],[103.845982,1.450212],[103.846073,1.450386],[103.845985,1.451701],[103.84585,1.452212],[103.845878,1.452371],[103.845929,1.452758],[103.845816,1.453287],[103.845652,1.45344],[103.845601,1.453622],[103.845805,1.45348],[103.845951,1.453326],[103.84607,1.45327],[103.846217,1.453292],[103.846341,1.453429],[103.846443,1.453594],[103.846454,1.453696],[103.846432,1.453793],[103.846369,1.453906],[103.846381,1.454037],[103.846437,1.454145],[103.846454,1.454026],[103.846494,1.453952],[103.84659,1.453901],[103.846624,1.453827],[103.846584,1.453707],[103.846607,1.453577],[103.846426,1.453361],[103.846217,1.452968],[103.846302,1.45273],[103.846347,1.452349],[103.846454,1.452116],[103.846618,1.45174],[103.846765,1.451388],[103.846793,1.451053],[103.846748,1.450774],[103.846844,1.450603],[103.846838,1.450325],[103.846872,1.450024],[103.847002,1.449762],[103.847315,1.4495],[103.847493,1.44937],[103.847781,1.449228],[103.847985,1.449143],[103.848157,1.449128],[103.848211,1.449117],[103.848233,1.449117],[103.848287,1.449128],[103.84844,1.449208],[103.849001,1.44939],[103.849248,1.449496],[103.849332,1.449536],[103.849521,1.449661],[103.849572,1.449732],[103.849585,1.449797],[103.849624,1.449745],[103.849682,1.449752],[103.849739,1.449797],[103.849823,1.449933],[103.84999,1.450204],[103.850054,1.450249],[103.850081,1.450321],[103.849983,1.450277],[103.849559,1.450036],[103.849363,1.44985],[103.84932,1.449839],[103.849298,1.44985],[103.849298,1.449883],[103.849347,1.449915],[103.849406,1.449943],[103.849492,1.450049],[103.849494,1.450124],[103.849516,1.450233],[103.849537,1.450255],[103.849548,1.450277],[103.849581,1.450288],[103.849679,1.450277],[103.8497,1.450277],[103.849722,1.450299],[103.849733,1.45031],[103.849747,1.450341],[103.84984,1.450331],[103.849908,1.450344],[103.849956,1.45041],[103.849972,1.450408],[103.850288,1.450485],[103.850364,1.450463],[103.850419,1.450423],[103.850452,1.450412],[103.850473,1.450412],[103.850554,1.450378],[103.850676,1.450391],[103.850747,1.450462],[103.850792,1.450572],[103.85085,1.450662],[103.850933,1.450759],[103.850991,1.450798],[103.851036,1.450798],[103.851037,1.450757],[103.85106,1.450627],[103.851261,1.450555],[103.851509,1.450639],[103.851781,1.450805],[103.852005,1.451138],[103.85219,1.451535],[103.852209,1.451884],[103.852138,1.452135],[103.8519,1.453032],[103.85165,1.45375],[103.851389,1.454468]]]]}},{"type":"Feature","properties":{"id":"SEMBAWANG WEST","name":"Sembawang West SMC","shortName":"Sembawang West","type":"SMC","code":"SE","seats":1,"parties":["People's Action Party"]},"geometry":{"type":"Polygon","coordinates":[[[103.803311,1.444123],[103.803065,1.444209],[103.802874,1.444364],[103.80275,1.444529],[103.802615,1.444829],[103.802328,1.445468],[103.802279,1.44554],[103.802062,1.445759],[103.802054,1.445767],[103.802001,1.4458],[103.801644,1.446021],[103.801498,1.446243],[103.801409,1.446445],[103.80094,1.447512],[103.80026,1.449062],[103.799997,1.448935],[103.798234,1.448086],[103.797377,1.4477],[103.796916,1.447525],[103.796477,1.447373],[103.794854,1.446851],[103.792871,1.446213],[103.792417,1.446054],[103.792481,1.44588],[103.792586,1.445639],[103.792741,1.445257],[103.793225,1.444569],[103.793331,1.444425],[103.794063,1.44341],[103.79441,1.442929],[103.795338,1.441642],[103.795451,1.441468],[103.795483,1.44138],[103.795556,1.441181],[103.795653,1.439675],[103.795665,1.439511],[103.795683,1.439227],[103.796088,1.439254],[103.79666,1.439322],[103.797325,1.439478],[103.797827,1.439653],[103.798342,1.439875],[103.798543,1.439964],[103.798559,1.439971],[103.798858,1.440103],[103.799488,1.440379],[103.799826,1.440527],[103.800074,1.440636],[103.80042,1.440791],[103.800589,1.44087],[103.80091,1.44102],[103.80121,1.441164],[103.801872,1.441442],[103.80188,1.441445],[103.801882,1.441446],[103.802258,1.441607],[103.80328,1.442069],[103.80382,1.442261],[103.804784,1.442708],[103.804225,1.44379],[103.803975,1.444273],[103.803673,1.444139],[103.803407,1.444109],[103.803311,1.444123]]]}},{"type":"Feature","properties":{"id":"TAMPINES CHANGKAT","name":"Tampines Changkat SMC","shortName":"Tampines Changkat","type":"SMC","code":"TC","seats":1,"parties":["People's Action Party"]},"geometry":{"type":"Polygon","coordinates":[[[103.963712,1.354275],[103.962084,1.353776],[103.962066,1.353776],[103.960757,1.353779],[103.960454,1.353779],[103.959398,1.353779],[103.958511,1.353779],[103.957899,1.353779],[103.955653,1.353777],[103.955232,1.353777],[103.955094,1.353378],[103.954902,1.352888],[103.954855,1.352787],[103.954775,1.352631],[103.954585,1.352295],[103.954404,1.35204],[103.954273,1.351876],[103.954103,1.351636],[103.953632,1.351114],[103.953351,1.350866],[103.953204,1.350771],[103.952925,1.350616],[103.951997,1.350285],[103.950818,1.349874],[103.949263,1.349339],[103.948567,1.349099],[103.948339,1.349021],[103.94636,1.348345],[103.945729,1.348129],[103.945433,1.348002],[103.944948,1.347794],[103.944484,1.347523],[103.943968,1.347184],[103.943508,1.346842],[103.942931,1.346338],[103.942643,1.346077],[103.942317,1.345836],[103.94174,1.345463],[103.941301,1.345244],[103.94078,1.345037],[103.94077,1.345033],[103.940242,1.344887],[103.939816,1.344808],[103.939203,1.344758],[103.93837,1.344767],[103.938338,1.344395],[103.938097,1.343569],[103.936717,1.340895],[103.936368,1.340338],[103.935981,1.339883],[103.935589,1.339478],[103.936815,1.338261],[103.937963,1.337121],[103.937979,1.337122],[103.938616,1.3366],[103.939135,1.33637],[103.940446,1.336081],[103.940611,1.336221],[103.941653,1.337107],[103.94527,1.340185],[103.946755,1.341434],[103.946912,1.341566],[103.949151,1.343414],[103.949645,1.343821],[103.950145,1.344233],[103.950272,1.344337],[103.951551,1.34544],[103.953043,1.34675],[103.953439,1.347097],[103.953767,1.347385],[103.953987,1.347579],[103.954244,1.347791],[103.955152,1.348543],[103.955798,1.349088],[103.956116,1.349329],[103.956202,1.349388],[103.956647,1.3496],[103.957241,1.349905],[103.958128,1.350282],[103.958411,1.350367],[103.958468,1.350378],[103.959292,1.350547],[103.960159,1.350626],[103.960639,1.350626],[103.961276,1.350566],[103.961336,1.35056],[103.962138,1.350448],[103.963051,1.350176],[103.963571,1.349964],[103.963917,1.349798],[103.964084,1.350353],[103.964195,1.35095],[103.964226,1.351292],[103.964273,1.351768],[103.964333,1.352275],[103.964214,1.352643],[103.9642,1.352686],[103.964199,1.35269],[103.963712,1.354275]]]}},{"type":"Feature","properties":{"id":"MOUNTBATTEN","name":"Mountbatten SMC","shortName":"Mountbatten","type":"SMC","code":"MB","seats":1,"parties":["People's Action Party"]},"geometry":{"type":"Polygon","coordinates":[[[103.904745,1.296346],[103.903764,1.299442],[103.898274,1.297372],[103.898263,1.297449],[103.897708,1.299457],[103.897503,1.300533],[103.897411,1.300973],[103.897362,1.301196],[103.897265,1.301553],[103.897126,1.301985],[103.897038,1.302267],[103.896985,1.30245],[103.896943,1.302678],[103.896861,1.303152],[103.896565,1.304093],[103.896323,1.304857],[103.896252,1.305067],[103.896128,1.305479],[103.896003,1.305853],[103.895681,1.306747],[103.895562,1.307071],[103.895524,1.30718],[103.895411,1.307462],[103.895335,1.307645],[103.895204,1.307857],[103.895046,1.308141],[103.894824,1.308575],[103.89472,1.308812],[103.894485,1.309379],[103.894416,1.309545],[103.893833,1.309432],[103.893314,1.309327],[103.892745,1.309205],[103.889747,1.3086],[103.888939,1.311855],[103.888709,1.31181],[103.888121,1.311692],[103.887027,1.311474],[103.886363,1.311342],[103.885785,1.311227],[103.885741,1.311218],[103.88564,1.311199],[103.8849,1.311051],[103.884037,1.31087],[103.883374,1.31073],[103.882741,1.310597],[103.882188,1.310479],[103.881402,1.310312],[103.880817,1.310188],[103.880139,1.310044],[103.879496,1.309907],[103.879157,1.309828],[103.878633,1.309617],[103.878211,1.309368],[103.878012,1.309203],[103.877884,1.30903],[103.877566,1.308588],[103.877355,1.308271],[103.877282,1.308173],[103.877007,1.307636],[103.876603,1.307245],[103.876433,1.307131],[103.876069,1.306985],[103.87556,1.306895],[103.8745,1.306822],[103.873379,1.306805],[103.873015,1.306783],[103.872737,1.30674],[103.872426,1.306664],[103.872141,1.306578],[103.871906,1.30648],[103.871681,1.306366],[103.871467,1.306241],[103.870936,1.305893],[103.870809,1.305812],[103.869124,1.30472],[103.869489,1.304198],[103.870828,1.304336],[103.870662,1.303532],[103.870762,1.303508],[103.870936,1.304267],[103.871164,1.304219],[103.871163,1.304214],[103.871175,1.304211],[103.871136,1.30399],[103.871266,1.303959],[103.871425,1.30392],[103.87147,1.304135],[103.871522,1.304154],[103.871883,1.304046],[103.871955,1.304025],[103.871979,1.303838],[103.871928,1.30381],[103.871901,1.303418],[103.87188,1.303234],[103.871949,1.302707],[103.872066,1.30218],[103.872239,1.301883],[103.872337,1.301617],[103.872456,1.301356],[103.87256,1.301163],[103.872617,1.301069],[103.872969,1.300574],[103.873039,1.300491],[103.873233,1.30028],[103.873502,1.300038],[103.873651,1.299919],[103.873705,1.29988],[103.873979,1.299684],[103.87344,1.298789],[103.873438,1.29879],[103.873437,1.298787],[103.872984,1.299086],[103.872959,1.299098],[103.872918,1.299111],[103.872883,1.299116],[103.872846,1.299111],[103.872821,1.299098],[103.872779,1.299005],[103.872824,1.298921],[103.872943,1.298914],[103.872978,1.298975],[103.873305,1.298759],[103.873303,1.298695],[103.873282,1.298558],[103.872491,1.298436],[103.872123,1.29925],[103.871174,1.29925],[103.871317,1.29893],[103.871702,1.298931],[103.871828,1.298648],[103.871617,1.298564],[103.87145,1.298501],[103.87128,1.298443],[103.871109,1.298388],[103.870938,1.298338],[103.870765,1.298292],[103.870466,1.298221],[103.870241,1.298174],[103.870065,1.298143],[103.869888,1.298116],[103.869711,1.298092],[103.869533,1.298074],[103.869287,1.298074],[103.86754,1.298073],[103.86754,1.298322],[103.867473,1.298385],[103.867363,1.298464],[103.867304,1.298495],[103.867242,1.298522],[103.867178,1.298543],[103.867112,1.298559],[103.867045,1.29857],[103.866978,1.298574],[103.866911,1.298573],[103.866844,1.298566],[103.866778,1.298554],[103.866713,1.298536],[103.866649,1.298512],[103.866588,1.298483],[103.86653,1.29845],[103.866474,1.298411],[103.866423,1.298367],[103.86633,1.298269],[103.866256,1.298156],[103.866202,1.298031],[103.866159,1.297897],[103.866122,1.297767],[103.866088,1.297635],[103.866065,1.297519],[103.866035,1.297369],[103.865998,1.297101],[103.865979,1.29683],[103.865981,1.296423],[103.865996,1.296152],[103.866009,1.296017],[103.866042,1.295748],[103.866067,1.295622],[103.866091,1.295484],[103.866113,1.295347],[103.866153,1.295172],[103.866258,1.294693],[103.866308,1.294414],[103.86637,1.294105],[103.866472,1.293678],[103.867042,1.291945],[103.867538,1.29074],[103.868253,1.289227],[103.869202,1.287567],[103.869932,1.28645],[103.87107,1.284981],[103.872253,1.283659],[103.873535,1.282444],[103.873825,1.282169],[103.874233,1.281807],[103.875319,1.280931],[103.876136,1.280551],[103.876729,1.280473],[103.87725,1.2805],[103.877574,1.280605],[103.877812,1.280759],[103.877753,1.280895],[103.877663,1.28093],[103.87751,1.280776],[103.876998,1.280568],[103.876379,1.280623],[103.876157,1.280676],[103.875942,1.280785],[103.876489,1.28117],[103.876736,1.281327],[103.878011,1.28214],[103.878788,1.282647],[103.880298,1.284004],[103.881083,1.284812],[103.881264,1.28489],[103.881626,1.284775],[103.881883,1.284603],[103.882158,1.284756],[103.882234,1.28511],[103.882529,1.285541],[103.882957,1.285991],[103.883252,1.286287],[103.883661,1.286613],[103.88407,1.286881],[103.884479,1.287044],[103.884695,1.28711],[103.884871,1.287137],[103.884936,1.28711],[103.884927,1.287065],[103.88496,1.286994],[103.885034,1.286976],[103.886034,1.287883],[103.886395,1.288342],[103.886738,1.288697],[103.887004,1.288945],[103.887451,1.2893],[103.887736,1.28952],[103.888145,1.289807],[103.888545,1.290094],[103.88882,1.290228],[103.889144,1.290381],[103.889353,1.290429],[103.889472,1.29045],[103.889605,1.290438],[103.889701,1.290405],[103.889691,1.290309],[103.889656,1.29024],[103.88965,1.290183],[103.889684,1.290177],[103.889703,1.290227],[103.890404,1.290976],[103.890951,1.291472],[103.891502,1.291898],[103.891592,1.291978],[103.892719,1.292817],[103.893336,1.293226],[103.893709,1.293442],[103.893929,1.293522],[103.894087,1.293533],[103.894205,1.293535],[103.894244,1.293507],[103.894317,1.293439],[103.894347,1.293317],[103.894334,1.293263],[103.894365,1.29324],[103.8944,1.293236],[103.894437,1.29325],[103.895056,1.293715],[103.895482,1.293812],[103.895822,1.293877],[103.895996,1.293868],[103.896431,1.293155],[103.896513,1.293205],[103.895834,1.294414],[103.895659,1.294557],[103.895407,1.294667],[103.895122,1.294679],[103.893732,1.294557],[103.891827,1.294392],[103.89071,1.294337],[103.88874,1.294293],[103.887284,1.294282],[103.885346,1.294293],[103.885368,1.294425],[103.88724,1.294414],[103.888696,1.294425],[103.890688,1.294458],[103.891794,1.294502],[103.893688,1.294668],[103.8951,1.294789],[103.89544,1.294789],[103.89567,1.294701],[103.8959,1.294524],[103.896749,1.293349],[103.896867,1.293421],[103.896717,1.293616],[103.896723,1.293626],[103.896666,1.293709],[103.896666,1.293775],[103.896764,1.293951],[103.896961,1.294139],[103.897337,1.294452],[103.897666,1.294643],[103.89822,1.29491],[103.898558,1.295001],[103.898636,1.294698],[103.898701,1.294722],[103.898618,1.295089],[103.900126,1.295759],[103.900825,1.296046],[103.90141,1.296275],[103.90192,1.296454],[103.903171,1.296849],[103.903388,1.296797],[103.904459,1.297038],[103.904662,1.296327],[103.904745,1.296346]]]}},{"type":"Feature","properties":{"id":"SEMBAWANG","name":"Sembawang GRC","shortName":"Sembawang","type":"GRC","code":"SB","seats":5,"parties":["People's Action Party"]},"geometry":{"type":"Polygon","coordinates":[[[103.795683,1.439227],[103.79571,1.438801],[103.795834,1.436882],[103.795876,1.43629],[103.795899,1.435864],[103.795882,1.435739],[103.795853,1.43558],[103.795793,1.435417],[103.795785,1.435354],[103.794909,1.433815],[103.794698,1.433441],[103.794453,1.433016],[103.793736,1.431787],[103.793326,1.431087],[103.79314,1.430851],[103.793078,1.430789],[103.792933,1.430644],[103.792453,1.430308],[103.792289,1.430225],[103.791886,1.430086],[103.791572,1.429968],[103.791651,1.42971],[103.791924,1.428825],[103.791536,1.428535],[103.790584,1.427382],[103.79136,1.42669],[103.790391,1.424858],[103.790576,1.424768],[103.792707,1.423639],[103.79497,1.422445],[103.795108,1.422622],[103.795693,1.423301],[103.796314,1.423989],[103.798536,1.426543],[103.798791,1.426848],[103.799043,1.42715],[103.803201,1.431938],[103.803489,1.432295],[103.803785,1.432633],[103.808684,1.438286],[103.808872,1.438503],[103.809064,1.438725],[103.810162,1.439984],[103.810602,1.440532],[103.810979,1.441115],[103.811279,1.441783],[103.811397,1.442176],[103.811447,1.442346],[103.811649,1.443688],[103.811693,1.444272],[103.812243,1.444062],[103.813159,1.443694],[103.814156,1.443236],[103.815668,1.442461],[103.816578,1.441903],[103.817341,1.441379],[103.817847,1.44101],[103.818189,1.440735],[103.818722,1.440311],[103.819547,1.439555],[103.820312,1.438795],[103.821037,1.437996],[103.821383,1.437583],[103.822582,1.436009],[103.822799,1.435779],[103.823008,1.435605],[103.823273,1.435431],[103.823529,1.435283],[103.823866,1.435169],[103.824157,1.435101],[103.824483,1.435079],[103.824752,1.43509],[103.825105,1.435147],[103.825434,1.435226],[103.825591,1.43527],[103.825599,1.435272],[103.825849,1.435343],[103.825897,1.435356],[103.825897,1.435356],[103.825741,1.435809],[103.825739,1.435818],[103.826587,1.436029],[103.827028,1.436184],[103.827811,1.436528],[103.828982,1.437859],[103.829305,1.43841],[103.829485,1.43906],[103.829968,1.440681],[103.830233,1.441539],[103.830679,1.441964],[103.830709,1.441916],[103.832235,1.442844],[103.834012,1.443924],[103.834887,1.444464],[103.836045,1.44518],[103.836249,1.445323],[103.836293,1.445408],[103.835102,1.447356],[103.835021,1.447308],[103.834345,1.448452],[103.834299,1.448424],[103.834211,1.448566],[103.834226,1.448584],[103.834012,1.448955],[103.833715,1.44944],[103.833412,1.449828],[103.833014,1.450516],[103.832942,1.450672],[103.832942,1.450899],[103.833234,1.451623],[103.833323,1.451755],[103.833418,1.451844],[103.833616,1.451984],[103.837877,1.454639],[103.839588,1.455672],[103.844743,1.458782],[103.84482,1.458956],[103.84482,1.459072],[103.844642,1.459188],[103.844389,1.459326],[103.844011,1.459601],[103.843916,1.459664],[103.842909,1.460376],[103.84247,1.460635],[103.842424,1.460627],[103.842329,1.460564],[103.842222,1.460483],[103.842109,1.460363],[103.841972,1.460426],[103.841678,1.460468],[103.841583,1.460585],[103.84135,1.46098],[103.84124,1.461067],[103.841142,1.461177],[103.840963,1.461336],[103.840459,1.461914],[103.840274,1.462038],[103.840012,1.462214],[103.839734,1.46247],[103.839519,1.46259],[103.839408,1.462686],[103.838877,1.463031],[103.838358,1.46334],[103.837649,1.463803],[103.837132,1.464084],[103.836387,1.464155],[103.836153,1.4642],[103.83579,1.464264],[103.835253,1.464135],[103.832887,1.459984],[103.831958,1.460519],[103.834294,1.464664],[103.834297,1.464709],[103.827724,1.468527],[103.827669,1.468431],[103.827492,1.468531],[103.824553,1.46332],[103.824011,1.463607],[103.822585,1.461023],[103.822243,1.461249],[103.823692,1.463786],[103.823337,1.464019],[103.82433,1.465713],[103.824149,1.465849],[103.823923,1.465531],[103.823413,1.465827],[103.823396,1.465929],[103.823375,1.46598],[103.823333,1.466007],[103.823259,1.465984],[103.823205,1.465933],[103.823106,1.46597],[103.822983,1.466045],[103.822843,1.466024],[103.822748,1.46594],[103.822265,1.466425],[103.822198,1.466501],[103.822243,1.46661],[103.822171,1.466672],[103.821993,1.466631],[103.821906,1.466624],[103.8218,1.466572],[103.82172,1.4665],[103.821667,1.4664],[103.82152,1.46629],[103.821453,1.466261],[103.821239,1.46629],[103.821082,1.466213],[103.821044,1.466132],[103.820911,1.466108],[103.820669,1.465969],[103.820635,1.465883],[103.820512,1.465797],[103.820345,1.465782],[103.819622,1.464824],[103.819546,1.46461],[103.819057,1.464112],[103.81889,1.463988],[103.818757,1.463969],[103.818519,1.464093],[103.818258,1.464304],[103.818191,1.464418],[103.81822,1.464552],[103.819073,1.465891],[103.819575,1.466452],[103.819669,1.466583],[103.820035,1.466916],[103.820153,1.466999],[103.820732,1.467427],[103.820933,1.467617],[103.82111,1.467688],[103.821405,1.467783],[103.82183,1.468045],[103.821983,1.468104],[103.822172,1.468294],[103.822336,1.468477],[103.82238,1.46868],[103.82238,1.468835],[103.82229,1.468946],[103.82226,1.468979],[103.821854,1.469129],[103.821576,1.469255],[103.821144,1.469444],[103.820595,1.4697],[103.820127,1.469928],[103.819465,1.470217],[103.818282,1.470568],[103.81763,1.470731],[103.817021,1.470783],[103.815357,1.470697],[103.814116,1.470635],[103.813331,1.470544],[103.813075,1.470458],[103.812243,1.470376],[103.811895,1.470386],[103.811249,1.470185],[103.810825,1.470142],[103.810808,1.470228],[103.810155,1.470161],[103.809812,1.470286],[103.80953,1.470335],[103.809231,1.470349],[103.808786,1.470596],[103.808619,1.470592],[103.808281,1.470515],[103.807963,1.470434],[103.807635,1.470362],[103.806242,1.470051],[103.805447,1.469821],[103.805333,1.469754],[103.805268,1.469616],[103.805364,1.469459],[103.805507,1.469251],[103.805321,1.469123],[103.805134,1.469402],[103.805025,1.469532],[103.804815,1.469641],[103.804175,1.469422],[103.803805,1.469313],[103.803349,1.469192],[103.803183,1.469076],[103.802888,1.468985],[103.802429,1.468798],[103.80228,1.468722],[103.802078,1.468631],[103.801726,1.468541],[103.801583,1.468477],[103.801454,1.468347],[103.801059,1.467847],[103.80079,1.467569],[103.800462,1.46729],[103.800377,1.467195],[103.799794,1.466801],[103.799432,1.466821],[103.799423,1.466951],[103.799038,1.467045],[103.798348,1.466615],[103.79812,1.466667],[103.798015,1.466624],[103.797944,1.466725],[103.797288,1.466308],[103.797468,1.46604],[103.797464,1.46599],[103.797075,1.465861],[103.796945,1.466067],[103.796794,1.465969],[103.796972,1.465685],[103.796798,1.4656],[103.796922,1.465375],[103.794958,1.46415],[103.793793,1.463322],[103.79249,1.462446],[103.792247,1.462279],[103.791884,1.462058],[103.791786,1.462049],[103.791677,1.461987],[103.791616,1.461933],[103.791247,1.461642],[103.790483,1.461285],[103.789172,1.460432],[103.787573,1.459307],[103.786675,1.458666],[103.785903,1.458151],[103.785096,1.457551],[103.783769,1.456383],[103.782794,1.455445],[103.782297,1.455026],[103.781982,1.454888],[103.779855,1.453614],[103.779362,1.453312],[103.778937,1.452997],[103.778826,1.452974],[103.778697,1.45299],[103.778631,1.452978],[103.778615,1.452918],[103.778518,1.452848],[103.778455,1.452787],[103.778504,1.452689],[103.778349,1.452606],[103.778213,1.452515],[103.777968,1.452346],[103.777734,1.452186],[103.777706,1.452129],[103.777635,1.4521],[103.777567,1.452107],[103.777495,1.452029],[103.7773,1.451878],[103.777264,1.451727],[103.777303,1.451622],[103.77725,1.451557],[103.777199,1.451476],[103.777133,1.451321],[103.777111,1.451303],[103.777115,1.451271],[103.776947,1.451241],[103.776726,1.451333],[103.776556,1.451313],[103.776452,1.451313],[103.776282,1.451247],[103.775897,1.451142],[103.775402,1.451018],[103.774525,1.450779],[103.774292,1.450678],[103.774031,1.450568],[103.773756,1.450454],[103.772994,1.450055],[103.772832,1.449964],[103.772614,1.44985],[103.772357,1.449692],[103.772034,1.44942],[103.77181,1.449219],[103.771644,1.449027],[103.771572,1.448955],[103.771439,1.448907],[103.771182,1.448812],[103.771097,1.44875],[103.77094,1.448673],[103.770835,1.448601],[103.770702,1.448572],[103.770626,1.448778],[103.769441,1.452707],[103.769334,1.452638],[103.769255,1.452605],[103.769254,1.452605],[103.770354,1.449172],[103.770358,1.44916],[103.770489,1.448751],[103.770625,1.448326],[103.77124,1.448396],[103.771638,1.44888],[103.771908,1.449169],[103.772273,1.44947],[103.772847,1.449846],[103.773879,1.450349],[103.77457,1.450668],[103.775229,1.450855],[103.775989,1.450987],[103.777744,1.449004],[103.777282,1.44679],[103.778044,1.446604],[103.77834,1.446493],[103.778689,1.446261],[103.778869,1.446092],[103.779111,1.445769],[103.779583,1.444744],[103.779836,1.444369],[103.78016,1.444047],[103.780383,1.443881],[103.780564,1.443773],[103.780989,1.443585],[103.781294,1.443456],[103.782189,1.443171],[103.782729,1.442926],[103.783237,1.442616],[103.78348,1.442435],[103.784069,1.441921],[103.784333,1.441686],[103.784698,1.44141],[103.785053,1.441141],[103.785438,1.440866],[103.787821,1.439502],[103.788114,1.439304],[103.788221,1.439202],[103.788675,1.438678],[103.78881,1.438423],[103.788844,1.438317],[103.788895,1.438158],[103.789411,1.438333],[103.790275,1.43872],[103.790675,1.438843],[103.791086,1.438919],[103.79193,1.438979],[103.792051,1.438988],[103.795253,1.4392],[103.795683,1.439227],[103.795665,1.439511],[103.795653,1.439675],[103.795556,1.441181],[103.795483,1.44138],[103.795451,1.441468],[103.795338,1.441642],[103.79441,1.442929],[103.794063,1.44341],[103.793331,1.444425],[103.793225,1.444569],[103.792741,1.445257],[103.792586,1.445639],[103.792481,1.44588],[103.792417,1.446054],[103.792871,1.446213],[103.794854,1.446851],[103.796477,1.447373],[103.796916,1.447525],[103.797377,1.4477],[103.798234,1.448086],[103.799997,1.448935],[103.80026,1.449062],[103.800934,1.447521],[103.801409,1.446445],[103.801498,1.446243],[103.801644,1.446021],[103.802001,1.4458],[103.802054,1.445767],[103.802062,1.445759],[103.802279,1.44554],[103.802328,1.445468],[103.802615,1.444829],[103.80275,1.444529],[103.802874,1.444364],[103.803065,1.444209],[103.803311,1.444123],[103.803407,1.444109],[103.803673,1.444139],[103.803975,1.444273],[103.804225,1.44379],[103.804784,1.442708],[103.80382,1.442261],[103.80328,1.442069],[103.802258,1.441607],[103.801882,1.441446],[103.80188,1.441445],[103.801434,1.441254],[103.800589,1.44087],[103.800074,1.440636],[103.799826,1.440527],[103.799488,1.440379],[103.798858,1.440103],[103.798559,1.439971],[103.798543,1.439964],[103.798342,1.439875],[103.797827,1.439653],[103.797325,1.439478],[103.79666,1.439322],[103.796088,1.439254],[103.795683,1.439227]]]}},{"type":"Feature","properties":{"id":"EAST COAST","name":"East Coast GRC","shortName":"East Coast","type":"GRC","code":"EC","seats":5,"parties":["People's Action Party"]},"geometry":{"type":"Polygon","coordinates":[[[103.975124,1.338982],[103.972759,1.339992],[103.97208,1.340375],[103.971504,1.340756],[103.97108,1.341054],[103.9708,1.341333],[103.970189,1.341994],[103.968493,1.344596],[103.967609,1.345979],[103.967143,1.34674],[103.966568,1.347628],[103.965634,1.348621],[103.965345,1.348852],[103.964777,1.34929],[103.964307,1.349587],[103.963917,1.349798],[103.963571,1.349964],[103.963051,1.350176],[103.962138,1.350448],[103.961336,1.35056],[103.961276,1.350566],[103.960639,1.350626],[103.960159,1.350626],[103.959292,1.350547],[103.958468,1.350378],[103.958411,1.350367],[103.958128,1.350282],[103.957241,1.349905],[103.956647,1.3496],[103.956202,1.349388],[103.956116,1.349329],[103.955798,1.349088],[103.955152,1.348543],[103.954244,1.347791],[103.953987,1.347579],[103.953767,1.347385],[103.953439,1.347097],[103.953043,1.34675],[103.951551,1.34544],[103.950272,1.344337],[103.950145,1.344233],[103.949645,1.343821],[103.949151,1.343414],[103.946912,1.341566],[103.946755,1.341434],[103.945459,1.340345],[103.94527,1.340185],[103.941653,1.337107],[103.940611,1.336221],[103.940446,1.336081],[103.939135,1.33637],[103.938616,1.3366],[103.937979,1.337122],[103.936815,1.338261],[103.935579,1.339468],[103.935166,1.339042],[103.93508,1.338953],[103.934759,1.338667],[103.934537,1.338506],[103.934288,1.338357],[103.93401,1.338224],[103.933703,1.338115],[103.933474,1.338056],[103.933263,1.338014],[103.933043,1.33797],[103.932999,1.337962],[103.933069,1.337604],[103.933211,1.336825],[103.933408,1.336084],[103.93356,1.335295],[103.934094,1.332537],[103.9341,1.332508],[103.93429,1.331517],[103.930538,1.330646],[103.928844,1.330252],[103.928302,1.330107],[103.926497,1.32963],[103.926061,1.329498],[103.925497,1.329359],[103.924919,1.32929],[103.924442,1.329288],[103.923848,1.329361],[103.923341,1.329481],[103.922728,1.32972],[103.922273,1.329961],[103.921825,1.330266],[103.920887,1.330943],[103.920099,1.331484],[103.919871,1.33175],[103.9196,1.332286],[103.919532,1.332433],[103.918917,1.332136],[103.917008,1.331227],[103.918109,1.331524],[103.918402,1.331595],[103.918718,1.331621],[103.918928,1.331622],[103.91906,1.331604],[103.918851,1.329392],[103.918819,1.328715],[103.9188,1.328312],[103.918849,1.328061],[103.919003,1.32757],[103.918816,1.327433],[103.918622,1.327248],[103.918354,1.326906],[103.918803,1.326538],[103.91904,1.326302],[103.919212,1.326089],[103.919434,1.325761],[103.919588,1.325463],[103.919683,1.325214],[103.919713,1.32492],[103.919678,1.324726],[103.9195,1.324065],[103.919466,1.323859],[103.919444,1.323526],[103.919455,1.323364],[103.919478,1.323052],[103.919556,1.322413],[103.919635,1.321864],[103.9197,1.321562],[103.919732,1.321456],[103.919263,1.321256],[103.917826,1.320779],[103.916126,1.320219],[103.915499,1.32001],[103.914732,1.319733],[103.914102,1.319521],[103.913958,1.319809],[103.913804,1.320955],[103.912249,1.320631],[103.911441,1.320463],[103.910955,1.320348],[103.910497,1.32026],[103.909363,1.320026],[103.90773,1.319688],[103.906451,1.319477],[103.904965,1.31927],[103.905074,1.317609],[103.905179,1.317101],[103.905214,1.316938],[103.905516,1.316146],[103.905607,1.315927],[103.90587,1.315285],[103.906082,1.314717],[103.906237,1.314412],[103.906314,1.31425],[103.906703,1.313328],[103.907212,1.312129],[103.90766,1.311077],[103.907857,1.310597],[103.907938,1.310325],[103.907963,1.310203],[103.907996,1.31004],[103.908033,1.309812],[103.908097,1.309469],[103.908188,1.309099],[103.908347,1.308673],[103.908553,1.308203],[103.908795,1.3078],[103.909016,1.307326],[103.909979,1.305571],[103.910407,1.305658],[103.91174,1.305988],[103.912097,1.30608],[103.913395,1.306345],[103.916416,1.307111],[103.916594,1.307158],[103.916794,1.307211],[103.918279,1.307517],[103.918565,1.306871],[103.919198,1.30394],[103.919514,1.301783],[103.919537,1.301786],[103.919749,1.300899],[103.919762,1.300907],[103.919617,1.301538],[103.919866,1.301592],[103.920012,1.300961],[103.92003,1.300964],[103.919777,1.302061],[103.920576,1.302258],[103.92098,1.302386],[103.921519,1.302488],[103.921701,1.302575],[103.921708,1.302707],[103.921802,1.302792],[103.921909,1.302834],[103.922081,1.302871],[103.923106,1.30313],[103.923384,1.303159],[103.923563,1.303173],[103.923655,1.303152],[103.923741,1.303101],[103.923781,1.30304],[103.923784,1.30302],[103.923733,1.303012],[103.923695,1.30299],[103.923688,1.302956],[103.923699,1.302925],[103.923726,1.302899],[103.923884,1.302929],[103.92405,1.302961],[103.924067,1.303001],[103.924067,1.303037],[103.924046,1.303067],[103.924014,1.303069],[103.923963,1.303069],[103.923959,1.303101],[103.923983,1.303161],[103.924065,1.303254],[103.924181,1.303322],[103.92429,1.303355],[103.924454,1.303383],[103.925068,1.303516],[103.925317,1.303569],[103.925502,1.303585],[103.92567,1.303589],[103.925746,1.303581],[103.925811,1.303557],[103.925879,1.303524],[103.925931,1.303488],[103.925951,1.303448],[103.925959,1.303403],[103.925955,1.303363],[103.925888,1.303342],[103.925868,1.303328],[103.925862,1.303308],[103.925862,1.303296],[103.925865,1.303286],[103.925867,1.303278],[103.925882,1.303261],[103.925902,1.30325],[103.92592,1.303243],[103.925931,1.303239],[103.926159,1.303284],[103.926179,1.303298],[103.926191,1.30332],[103.926193,1.303341],[103.926189,1.30336],[103.92618,1.303373],[103.926164,1.303385],[103.926148,1.303394],[103.926124,1.303396],[103.926072,1.303392],[103.926072,1.303394],[103.926043,1.303395],[103.926059,1.3035],[103.926115,1.303585],[103.926212,1.303662],[103.926324,1.303714],[103.926457,1.303759],[103.926581,1.303775],[103.926717,1.303779],[103.926826,1.303771],[103.926914,1.30373],[103.926974,1.303686],[103.92701,1.303621],[103.92701,1.303593],[103.926962,1.30358],[103.926962,1.30358],[103.926935,1.303566],[103.926924,1.303548],[103.926927,1.303529],[103.926933,1.303509],[103.926955,1.303486],[103.926987,1.303466],[103.927044,1.303463],[103.927152,1.303476],[103.927202,1.30349],[103.927228,1.303521],[103.927246,1.303554],[103.927235,1.303582],[103.927211,1.303598],[103.927189,1.303614],[103.927163,1.303619],[103.927122,1.303619],[103.927113,1.303687],[103.927147,1.303783],[103.927243,1.303868],[103.927343,1.303908],[103.927448,1.303928],[103.9276,1.30396],[103.927713,1.30396],[103.927841,1.30396],[103.927933,1.30394],[103.927997,1.303912],[103.928046,1.303859],[103.928062,1.303807],[103.928001,1.303787],[103.927985,1.303754],[103.927991,1.303705],[103.928014,1.303698],[103.928038,1.303687],[103.928272,1.303722],[103.928291,1.303782],[103.928306,1.303815],[103.92829,1.303839],[103.928222,1.303839],[103.928191,1.303851],[103.92821,1.303934],[103.928226,1.303947],[103.928306,1.304049],[103.928415,1.304122],[103.928848,1.304271],[103.929105,1.304348],[103.929257,1.304376],[103.929357,1.304389],[103.929315,1.304715],[103.929422,1.304725],[103.929472,1.304416],[103.929586,1.304433],[103.929689,1.30444],[103.929753,1.30444],[103.92981,1.304458],[103.92991,1.304504],[103.929971,1.304558],[103.930416,1.304749],[103.930745,1.304817],[103.931181,1.304908],[103.93155,1.305026],[103.931726,1.305134],[103.931876,1.305253],[103.931994,1.305403],[103.932062,1.305515],[103.932219,1.305491],[103.93236,1.305458],[103.932421,1.305484],[103.932624,1.305258],[103.932758,1.30522],[103.932886,1.305247],[103.932988,1.30529],[103.932999,1.305288],[103.933138,1.305358],[103.933266,1.305305],[103.933439,1.305208],[103.933547,1.305136],[103.933627,1.305063],[103.933627,1.305022],[103.933527,1.304942],[103.933519,1.304901],[103.933523,1.304857],[103.933534,1.304852],[103.933555,1.304843],[103.933731,1.304973],[103.933768,1.305014],[103.933756,1.305055],[103.933724,1.305079],[103.933731,1.30514],[103.933744,1.305249],[103.93388,1.305313],[103.934089,1.305378],[103.934263,1.305386],[103.934287,1.305398],[103.934644,1.305558],[103.934919,1.305628],[103.934988,1.305651],[103.935088,1.305685],[103.935277,1.305798],[103.935329,1.305862],[103.935437,1.305891],[103.935545,1.305935],[103.935723,1.305917],[103.935791,1.305949],[103.936038,1.306008],[103.936561,1.306214],[103.936583,1.306187],[103.93663,1.306175],[103.936818,1.306256],[103.936951,1.306365],[103.9373,1.306542],[103.937561,1.306607],[103.937785,1.306759],[103.938049,1.306795],[103.938092,1.306795],[103.939015,1.307114],[103.939186,1.30721],[103.939405,1.30731],[103.939614,1.307387],[103.939675,1.307405],[103.939679,1.307381],[103.939733,1.307355],[103.939955,1.307453],[103.939968,1.307517],[103.939978,1.307523],[103.939935,1.307542],[103.939927,1.307571],[103.939976,1.307619],[103.94008,1.307684],[103.9402,1.307724],[103.940405,1.307772],[103.940497,1.307805],[103.940634,1.307833],[103.940698,1.307869],[103.940846,1.307922],[103.940991,1.30797],[103.941313,1.308055],[103.941813,1.308275],[103.941911,1.308292],[103.942034,1.308366],[103.942018,1.308423],[103.942271,1.308528],[103.942403,1.308576],[103.942455,1.308612],[103.942524,1.308637],[103.942628,1.308653],[103.942692,1.308661],[103.942728,1.308653],[103.942756,1.308625],[103.942756,1.308584],[103.94278,1.308564],[103.942844,1.308544],[103.943052,1.308622],[103.943056,1.308698],[103.943063,1.308701],[103.942952,1.308706],[103.942938,1.308727],[103.942995,1.308849],[103.943102,1.308914],[103.943266,1.308978],[103.943544,1.309043],[103.94395,1.309179],[103.944172,1.309237],[103.944428,1.30933],[103.944514,1.309344],[103.944564,1.30933],[103.944578,1.309294],[103.944507,1.309251],[103.944534,1.3092],[103.944539,1.309201],[103.944582,1.309238],[103.944626,1.309267],[103.944695,1.309295],[103.944779,1.309303],[103.944785,1.309373],[103.944785,1.309423],[103.944863,1.309481],[103.945299,1.309624],[103.946468,1.309997],[103.948159,1.310557],[103.948529,1.310651],[103.948701,1.310679],[103.948886,1.310658],[103.949036,1.310615],[103.949178,1.31045],[103.9491,1.310386],[103.94903,1.310334],[103.94903,1.310333],[103.948993,1.31031],[103.948998,1.310256],[103.949019,1.310225],[103.94927,1.310418],[103.949385,1.310502],[103.949429,1.310516],[103.949494,1.310627],[103.949606,1.310715],[103.949913,1.310801],[103.950334,1.310923],[103.950584,1.311031],[103.950805,1.311053],[103.951011,1.311038],[103.951161,1.310988],[103.951283,1.310909],[103.951347,1.31078],[103.95125,1.310738],[103.951225,1.310703],[103.951192,1.31068],[103.951157,1.310626],[103.951151,1.310596],[103.951209,1.310593],[103.951551,1.310832],[103.951575,1.310861],[103.951651,1.310914],[103.951936,1.310928],[103.952131,1.310962],[103.952488,1.311081],[103.952516,1.311119],[103.952512,1.311186],[103.952611,1.311234],[103.95273,1.311292],[103.952916,1.311344],[103.953087,1.31134],[103.953244,1.311296],[103.953368,1.311234],[103.953472,1.311119],[103.953386,1.311061],[103.953351,1.311025],[103.953279,1.310978],[103.953315,1.310938],[103.953586,1.311115],[103.953678,1.311144],[103.953727,1.311196],[103.953724,1.311225],[103.953776,1.311339],[103.953862,1.311411],[103.953981,1.311469],[103.954176,1.311512],[103.954285,1.311555],[103.954442,1.311598],[103.955003,1.31177],[103.95516,1.311804],[103.955269,1.311804],[103.955365,1.311784],[103.955438,1.311779],[103.955534,1.31175],[103.955662,1.311698],[103.955762,1.31164],[103.955833,1.311559],[103.955866,1.311449],[103.955751,1.311375],[103.955657,1.311312],[103.955645,1.311247],[103.955669,1.311193],[103.955681,1.311188],[103.955806,1.31123],[103.956206,1.311597],[103.956211,1.311678],[103.956175,1.311709],[103.956207,1.311758],[103.956275,1.311794],[103.956476,1.311855],[103.956723,1.311881],[103.956733,1.311883],[103.956849,1.311956],[103.957034,1.312037],[103.957319,1.312129],[103.95769,1.312254],[103.957953,1.312379],[103.958129,1.31242],[103.958224,1.312386],[103.958217,1.312317],[103.958258,1.312269],[103.958326,1.312256],[103.958707,1.312652],[103.958699,1.312723],[103.95868,1.312768],[103.958683,1.312771],[103.958707,1.312836],[103.958731,1.312872],[103.958808,1.312896],[103.959082,1.312999],[103.95923,1.313027],[103.959686,1.313196],[103.960176,1.313377],[103.960589,1.313527],[103.960838,1.313603],[103.960942,1.313636],[103.961026,1.313636],[103.961059,1.31362],[103.961051,1.313583],[103.961059,1.313555],[103.961087,1.313543],[103.961142,1.31353],[103.961432,1.313792],[103.96161,1.31387],[103.961857,1.314219],[103.962017,1.314444],[103.962189,1.314591],[103.962368,1.314675],[103.962371,1.314675],[103.962483,1.314762],[103.962628,1.314649],[103.962816,1.314528],[103.962864,1.314532],[103.963038,1.314576],[103.963075,1.314554],[103.96313,1.314538],[103.963522,1.313676],[103.963654,1.313734],[103.963749,1.313775],[103.964278,1.314006],[103.964193,1.314223],[103.964117,1.314241],[103.963594,1.315389],[103.962795,1.315686],[103.962714,1.315691],[103.962462,1.316217],[103.962852,1.316361],[103.962904,1.316232],[103.963066,1.316275],[103.963109,1.316179],[103.963161,1.316164],[103.963266,1.315968],[103.963327,1.315949],[103.963389,1.315935],[103.963465,1.315896],[103.963575,1.315877],[103.963746,1.315815],[103.963831,1.315767],[103.964426,1.314446],[103.964478,1.314408],[103.964516,1.314413],[103.964592,1.314255],[103.965729,1.314791],[103.966072,1.314925],[103.9663,1.314906],[103.966471,1.314705],[103.96698,1.314966],[103.967233,1.31507],[103.9676,1.315216],[103.967801,1.315294],[103.968155,1.315398],[103.968171,1.315409],[103.968323,1.315439],[103.968467,1.31546],[103.968581,1.315444],[103.968653,1.315398],[103.968653,1.315371],[103.968634,1.315333],[103.968622,1.315295],[103.968674,1.315221],[103.968736,1.315195],[103.968818,1.31519],[103.968911,1.315231],[103.969216,1.315413],[103.969269,1.315481],[103.969291,1.315579],[103.969333,1.315601],[103.969675,1.315741],[103.970032,1.315884],[103.970065,1.3159],[103.970229,1.315937],[103.970351,1.315975],[103.970478,1.315999],[103.970581,1.316003],[103.97061,1.316005],[103.97076,1.315943],[103.970831,1.315878],[103.970839,1.315819],[103.970816,1.315781],[103.97079,1.315761],[103.970827,1.315668],[103.970894,1.3156],[103.971003,1.315559],[103.971127,1.315559],[103.971199,1.3156],[103.971628,1.315791],[103.97171,1.315866],[103.971718,1.315873],[103.971767,1.315995],[103.971814,1.316044],[103.971975,1.316074],[103.97218,1.316135],[103.972604,1.316141],[103.972656,1.316104],[103.972723,1.316089],[103.972811,1.316109],[103.972903,1.316151],[103.973012,1.316203],[103.973167,1.316193],[103.973482,1.316141],[103.973812,1.316089],[103.973962,1.316089],[103.974117,1.31612],[103.974339,1.316213],[103.974484,1.316255],[103.974627,1.316257],[103.974914,1.31626],[103.974916,1.316259],[103.974934,1.316199],[103.974939,1.316174],[103.975016,1.316109],[103.975093,1.316073],[103.975191,1.316062],[103.975331,1.316099],[103.975537,1.316172],[103.975599,1.316244],[103.975635,1.316312],[103.975682,1.316333],[103.975796,1.316338],[103.975873,1.316333],[103.975952,1.316286],[103.976028,1.316265],[103.976085,1.316395],[103.976142,1.316629],[103.976133,1.316917],[103.976283,1.316915],[103.976275,1.317044],[103.976174,1.318737],[103.975939,1.322303],[103.975686,1.326889],[103.975563,1.330019],[103.975506,1.331451],[103.975436,1.333454],[103.975283,1.335923],[103.975124,1.338982]]]}},{"type":"Feature","properties":{"id":"MARINE PARADE-BRADDELL HEIGHTS","name":"Marine Parade-Braddell Heights GRC","shortName":"Marine Parade-Braddell Heights","type":"GRC","code":"MH","seats":4,"parties":["People's Action Party"]},"geometry":{"type":"Polygon","coordinates":[[[103.878927,1.351341],[103.878668,1.351522],[103.878376,1.351676],[103.877901,1.351826],[103.877365,1.352014],[103.877002,1.352159],[103.876627,1.352372],[103.876579,1.352411],[103.876497,1.352479],[103.876376,1.352578],[103.876046,1.352984],[103.874495,1.354764],[103.873969,1.35528],[103.873809,1.355389],[103.873482,1.355562],[103.873216,1.355686],[103.873054,1.355721],[103.872732,1.355741],[103.87134,1.355664],[103.870694,1.355624],[103.870385,1.355604],[103.87003,1.35558],[103.868829,1.355507],[103.868489,1.355461],[103.867766,1.355366],[103.867012,1.355069],[103.865439,1.354356],[103.86511,1.354204],[103.863822,1.35313],[103.862731,1.351854],[103.862542,1.351635],[103.86156,1.350496],[103.861018,1.349871],[103.860621,1.34941],[103.860578,1.349347],[103.860359,1.349024],[103.86023,1.34879],[103.860175,1.348623],[103.860084,1.348321],[103.860012,1.347634],[103.860017,1.347399],[103.860461,1.345108],[103.860557,1.34445],[103.860549,1.344366],[103.860485,1.344277],[103.860341,1.344209],[103.860143,1.344196],[103.860422,1.343423],[103.861063,1.343456],[103.861453,1.343474],[103.862711,1.343688],[103.863587,1.343976],[103.86426,1.344192],[103.864742,1.344293],[103.865134,1.344285],[103.865482,1.34424],[103.865847,1.344171],[103.866342,1.343938],[103.867579,1.34347],[103.868444,1.343034],[103.869329,1.342702],[103.869612,1.342687],[103.869902,1.342746],[103.870671,1.343029],[103.87155,1.343429],[103.872018,1.343543],[103.87215,1.34354],[103.873663,1.343503],[103.874096,1.343511],[103.874612,1.343587],[103.876401,1.34432],[103.876614,1.344358],[103.876931,1.344352],[103.877269,1.344271],[103.87672,1.342656],[103.876553,1.342411],[103.876408,1.342259],[103.876255,1.342148],[103.877427,1.340589],[103.877741,1.34008],[103.877915,1.33994],[103.877791,1.339835],[103.87767,1.339702],[103.877562,1.33952],[103.877462,1.339148],[103.877936,1.339145],[103.878197,1.339116],[103.878654,1.339025],[103.878997,1.338898],[103.879305,1.338746],[103.879466,1.338624],[103.880431,1.337752],[103.881039,1.337272],[103.881991,1.336583],[103.881964,1.336464],[103.88189,1.336291],[103.881783,1.336138],[103.881541,1.335942],[103.880758,1.335472],[103.881057,1.33513],[103.881374,1.334764],[103.882092,1.33422],[103.882274,1.334131],[103.882727,1.333496],[103.882584,1.333042],[103.882529,1.332708],[103.882529,1.332114],[103.882367,1.332075],[103.881513,1.331904],[103.880689,1.331723],[103.879804,1.331529],[103.879024,1.331263],[103.879224,1.330519],[103.879399,1.329847],[103.879766,1.328583],[103.879879,1.328254],[103.879952,1.328047],[103.880055,1.327773],[103.880182,1.327408],[103.880569,1.326156],[103.880707,1.325706],[103.880786,1.32542],[103.880884,1.325032],[103.881087,1.324231],[103.881187,1.323802],[103.881212,1.323672],[103.881333,1.323029],[103.88144,1.322549],[103.881486,1.322243],[103.881554,1.321845],[103.881615,1.321193],[103.881678,1.320902],[103.881756,1.32013],[103.881866,1.319156],[103.881909,1.318538],[103.881922,1.317886],[103.881843,1.316179],[103.881839,1.316076],[103.881812,1.315491],[103.881822,1.314936],[103.882107,1.31309],[103.882188,1.310479],[103.882741,1.310597],[103.883374,1.31073],[103.884037,1.31087],[103.8849,1.311051],[103.88564,1.311199],[103.885741,1.311218],[103.885785,1.311227],[103.886363,1.311342],[103.887027,1.311474],[103.888121,1.311692],[103.888709,1.31181],[103.888939,1.311855],[103.889747,1.3086],[103.892745,1.309205],[103.893314,1.309327],[103.893833,1.309432],[103.894416,1.309545],[103.894485,1.309379],[103.89472,1.308812],[103.894824,1.308575],[103.895046,1.308141],[103.895204,1.307857],[103.895335,1.307645],[103.895411,1.307462],[103.895524,1.30718],[103.895562,1.307071],[103.895681,1.306747],[103.896003,1.305853],[103.896128,1.305479],[103.896252,1.305067],[103.896323,1.304857],[103.896565,1.304093],[103.896861,1.303152],[103.896943,1.302678],[103.896985,1.30245],[103.897038,1.302267],[103.897126,1.301985],[103.897265,1.301553],[103.897362,1.301196],[103.897411,1.300973],[103.897503,1.300533],[103.897708,1.299457],[103.898263,1.297449],[103.898274,1.297372],[103.903764,1.299442],[103.904745,1.296346],[103.904774,1.296352],[103.904652,1.296856],[103.904663,1.296861],[103.904625,1.296959],[103.905216,1.297246],[103.905768,1.297438],[103.906103,1.297574],[103.907151,1.297883],[103.907486,1.297984],[103.907672,1.298037],[103.90794,1.298076],[103.908135,1.298153],[103.90885,1.298392],[103.909508,1.298513],[103.909858,1.298645],[103.910449,1.298755],[103.910876,1.298876],[103.911456,1.299063],[103.911982,1.299306],[103.912212,1.299383],[103.912343,1.29935],[103.912382,1.299308],[103.912443,1.299274],[103.912871,1.299523],[103.912866,1.29956],[103.912835,1.299586],[103.912795,1.299626],[103.912857,1.299779],[103.912858,1.29978],[103.913055,1.299912],[103.913502,1.300118],[103.913821,1.300264],[103.914204,1.300375],[103.914544,1.300518],[103.914741,1.300529],[103.914839,1.300496],[103.914854,1.300465],[103.914894,1.300386],[103.915376,1.30065],[103.915389,1.300711],[103.915332,1.300747],[103.915368,1.30084],[103.915489,1.300941],[103.915674,1.301034],[103.915817,1.30107],[103.916569,1.301311],[103.917291,1.301509],[103.917424,1.301509],[103.917631,1.301509],[103.917857,1.301587],[103.919224,1.301748],[103.919399,1.301768],[103.919514,1.301783],[103.919198,1.30394],[103.918565,1.306871],[103.918279,1.307517],[103.916794,1.307211],[103.916594,1.307158],[103.916416,1.307111],[103.913395,1.306345],[103.912097,1.30608],[103.91174,1.305988],[103.910407,1.305658],[103.909979,1.305571],[103.909016,1.307326],[103.908795,1.3078],[103.908553,1.308203],[103.908347,1.308673],[103.908188,1.309099],[103.908097,1.309469],[103.908033,1.309812],[103.907996,1.31004],[103.907963,1.310203],[103.907938,1.310325],[103.907857,1.310597],[103.90766,1.311077],[103.907212,1.312129],[103.906703,1.313328],[103.906314,1.31425],[103.906237,1.314412],[103.906082,1.314717],[103.90587,1.315285],[103.905607,1.315927],[103.905516,1.316146],[103.905214,1.316938],[103.905179,1.317101],[103.905074,1.317609],[103.904965,1.31927],[103.906451,1.319477],[103.90773,1.319688],[103.909363,1.320026],[103.910497,1.32026],[103.910955,1.320348],[103.911441,1.320463],[103.912249,1.320631],[103.913804,1.320955],[103.913958,1.319809],[103.914102,1.319521],[103.914732,1.319733],[103.915499,1.32001],[103.916126,1.320219],[103.917826,1.320779],[103.919263,1.321256],[103.919732,1.321456],[103.9197,1.321562],[103.919635,1.321864],[103.919556,1.322413],[103.919478,1.323052],[103.919455,1.323364],[103.919444,1.323526],[103.919466,1.323859],[103.9195,1.324065],[103.919678,1.324726],[103.919713,1.32492],[103.919683,1.325214],[103.919588,1.325463],[103.919434,1.325761],[103.919212,1.326089],[103.91904,1.326302],[103.918803,1.326538],[103.918354,1.326906],[103.918622,1.327248],[103.918816,1.327433],[103.919003,1.32757],[103.918849,1.328061],[103.9188,1.328312],[103.918819,1.328715],[103.918851,1.329392],[103.91906,1.331604],[103.918928,1.331622],[103.918718,1.331621],[103.918402,1.331595],[103.918109,1.331524],[103.917008,1.331227],[103.914917,1.330242],[103.913263,1.329465],[103.91323,1.329449],[103.911985,1.32884],[103.911017,1.328338],[103.910365,1.327962],[103.909916,1.327687],[103.909455,1.327404],[103.908933,1.327163],[103.908461,1.327003],[103.908187,1.326924],[103.907487,1.326717],[103.905796,1.326215],[103.905846,1.326604],[103.905836,1.327208],[103.905733,1.327741],[103.905657,1.328],[103.90554,1.328313],[103.905397,1.328615],[103.905103,1.329072],[103.905059,1.32914],[103.904749,1.329527],[103.904334,1.329924],[103.902703,1.331501],[103.902313,1.331876],[103.901854,1.332318],[103.899639,1.334454],[103.899385,1.334699],[103.899126,1.334948],[103.896966,1.337017],[103.896687,1.337286],[103.896228,1.337758],[103.895805,1.338121],[103.895527,1.338428],[103.894694,1.339061],[103.894354,1.339241],[103.894211,1.339303],[103.893333,1.339681],[103.892968,1.339874],[103.892744,1.340027],[103.892494,1.340244],[103.892308,1.340471],[103.892144,1.340672],[103.891783,1.341301],[103.891576,1.34194],[103.891496,1.342515],[103.891436,1.34304],[103.891385,1.343322],[103.891255,1.3439],[103.890807,1.345932],[103.890644,1.346622],[103.890512,1.347002],[103.890387,1.347272],[103.889861,1.348237],[103.889768,1.348514],[103.889694,1.348993],[103.888063,1.348945],[103.88781,1.348976],[103.886917,1.348923],[103.886223,1.348869],[103.886104,1.348856],[103.885344,1.349246],[103.884792,1.349298],[103.884573,1.349348],[103.88436,1.351257],[103.884286,1.351233],[103.884037,1.351196],[103.883136,1.351072],[103.882017,1.350928],[103.881716,1.350889],[103.8817,1.350891],[103.881035,1.35098],[103.8808,1.351034],[103.87973,1.351162],[103.879527,1.351129],[103.879215,1.351031],[103.878927,1.351341]]]}},{"type":"Feature","properties":{"id":"TAMPINES","name":"Tampines GRC","shortName":"Tampines","type":"GRC","code":"TM","seats":5,"parties":["People's Action Party"]},"geometry":{"type":"Polygon","coordinates":[[[103.919276,1.380639],[103.917509,1.382355],[103.916759,1.381581],[103.915734,1.380088],[103.915285,1.379507],[103.914983,1.379101],[103.914641,1.378552],[103.914909,1.378796],[103.915138,1.378975],[103.915428,1.379147],[103.916696,1.379818],[103.917252,1.380008],[103.91771,1.38007],[103.91786,1.380089],[103.918526,1.379868],[103.918696,1.379772],[103.918984,1.379553],[103.919146,1.379387],[103.919263,1.379267],[103.919449,1.37897],[103.919535,1.378759],[103.919613,1.37854],[103.919704,1.378159],[103.920111,1.374365],[103.92021,1.373687],[103.920263,1.373463],[103.920506,1.372921],[103.920707,1.37257],[103.92083,1.372384],[103.92112,1.372028],[103.923244,1.369827],[103.923883,1.369166],[103.924387,1.368642],[103.924781,1.368231],[103.925062,1.367964],[103.925486,1.36758],[103.926209,1.367074],[103.927409,1.366517],[103.928069,1.366344],[103.930893,1.366118],[103.930883,1.36551],[103.930915,1.363556],[103.930936,1.36072],[103.930914,1.360355],[103.930913,1.360336],[103.930891,1.360016],[103.930824,1.359428],[103.930678,1.359014],[103.930567,1.358575],[103.930449,1.358294],[103.930256,1.357918],[103.930089,1.357604],[103.927571,1.352967],[103.926359,1.350726],[103.926113,1.350282],[103.925923,1.349939],[103.9256,1.349362],[103.925343,1.348999],[103.925079,1.348703],[103.924961,1.348594],[103.926096,1.347533],[103.929996,1.345088],[103.934064,1.340994],[103.935579,1.339468],[103.935589,1.339478],[103.935981,1.339883],[103.936368,1.340338],[103.936717,1.340895],[103.938097,1.343569],[103.938266,1.343996],[103.938338,1.344395],[103.93837,1.344767],[103.939203,1.344758],[103.939816,1.344808],[103.940242,1.344887],[103.94077,1.345033],[103.94078,1.345037],[103.941301,1.345244],[103.94174,1.345463],[103.942317,1.345836],[103.942643,1.346077],[103.942931,1.346338],[103.943508,1.346842],[103.943968,1.347184],[103.944484,1.347523],[103.944948,1.347794],[103.945433,1.348002],[103.945729,1.348129],[103.94636,1.348345],[103.948339,1.349021],[103.948567,1.349099],[103.949263,1.349339],[103.950818,1.349874],[103.951997,1.350285],[103.952925,1.350616],[103.953204,1.350771],[103.953351,1.350866],[103.953632,1.351114],[103.954103,1.351636],[103.954273,1.351876],[103.954404,1.35204],[103.954585,1.352295],[103.954775,1.352631],[103.954855,1.352787],[103.954902,1.352888],[103.955094,1.353378],[103.955232,1.353777],[103.955653,1.353777],[103.957899,1.353779],[103.958511,1.353779],[103.959398,1.353779],[103.960454,1.353779],[103.960757,1.353779],[103.962066,1.353776],[103.962084,1.353776],[103.963712,1.354275],[103.963423,1.355193],[103.963164,1.356015],[103.962672,1.357533],[103.961905,1.359067],[103.961144,1.360249],[103.960504,1.361112],[103.959369,1.362286],[103.958724,1.362813],[103.957854,1.363507],[103.95744,1.363788],[103.957157,1.36396],[103.956638,1.364288],[103.955584,1.364769],[103.955169,1.364933],[103.954726,1.365104],[103.954215,1.365276],[103.953875,1.36538],[103.953401,1.365507],[103.953219,1.365547],[103.952394,1.365734],[103.951832,1.365868],[103.947591,1.36691],[103.946342,1.367212],[103.945828,1.367404],[103.944559,1.368023],[103.944032,1.368395],[103.943834,1.368533],[103.943189,1.369108],[103.941374,1.370727],[103.941329,1.370766],[103.940954,1.371041],[103.940716,1.371214],[103.940211,1.37154],[103.938608,1.372409],[103.935029,1.374301],[103.934509,1.374537],[103.9337,1.37495],[103.931883,1.375816],[103.928971,1.377068],[103.927741,1.37744],[103.925967,1.377859],[103.92406,1.378317],[103.922652,1.378775],[103.921948,1.379093],[103.920407,1.379863],[103.919276,1.380639]]]}},{"type":"Feature","properties":{"id":"PASIR RIS-CHANGI","name":"Pasir Ris-Changi GRC","shortName":"Pasir Ris-Changi","type":"GRC","code":"PC","seats":4,"parties":["People's Action Party"]},"geometry":{"type":"MultiPolygon","coordinates":[[[[103.93319,1.397883],[103.932943,1.398036],[103.932458,1.398419],[103.931733,1.398919],[103.931602,1.399041],[103.931298,1.399252],[103.931102,1.399349],[103.930916,1.39943],[103.930299,1.399544],[103.930004,1.401409],[103.929505,1.401203],[103.929754,1.399491],[103.929664,1.399482],[103.928878,1.399207],[103.928678,1.399166],[103.928469,1.399087],[103.927851,1.398853],[103.927536,1.398724],[103.92722,1.398594],[103.926162,1.398205],[103.926161,1.398205],[103.925903,1.39811],[103.924828,1.397583],[103.924827,1.397583],[103.924822,1.397587],[103.924658,1.397488],[103.924053,1.397121],[103.923147,1.396403],[103.922556,1.395918],[103.92222,1.396329],[103.921852,1.396027],[103.921232,1.395521],[103.919232,1.39363],[103.918375,1.392821],[103.916716,1.390732],[103.916669,1.390642],[103.91603,1.389422],[103.915029,1.386769],[103.914274,1.385937],[103.914735,1.385402],[103.915067,1.384981],[103.915635,1.384371],[103.917509,1.382355],[103.919276,1.380639],[103.920407,1.379863],[103.921948,1.379093],[103.922652,1.378775],[103.92406,1.378317],[103.925967,1.377859],[103.927741,1.37744],[103.928971,1.377068],[103.931883,1.375816],[103.9337,1.37495],[103.934509,1.374537],[103.935029,1.374301],[103.938608,1.372409],[103.940211,1.37154],[103.940716,1.371214],[103.940954,1.371041],[103.941329,1.370766],[103.941374,1.370727],[103.943189,1.369108],[103.943834,1.368533],[103.944032,1.368395],[103.944559,1.368023],[103.945828,1.367404],[103.946342,1.367212],[103.947591,1.36691],[103.951832,1.365868],[103.952394,1.365734],[103.953219,1.365547],[103.953401,1.365507],[103.953875,1.36538],[103.954215,1.365276],[103.954726,1.365104],[103.955169,1.364933],[103.955584,1.364769],[103.956638,1.364288],[103.957157,1.36396],[103.95744,1.363788],[103.957854,1.363507],[103.958724,1.362813],[103.959369,1.362286],[103.960504,1.361112],[103.961144,1.360249],[103.961905,1.359067],[103.962672,1.357533],[103.963164,1.356015],[103.963423,1.355193],[103.963712,1.354275],[103.964199,1.35269],[103.9642,1.352686],[103.964214,1.352643],[103.964333,1.352275],[103.964273,1.351768],[103.964226,1.351292],[103.964195,1.35095],[103.964084,1.350353],[103.963917,1.349798],[103.964307,1.349587],[103.964777,1.34929],[103.965345,1.348852],[103.965634,1.348621],[103.966568,1.347628],[103.967143,1.34674],[103.967609,1.345979],[103.968493,1.344596],[103.970189,1.341994],[103.9708,1.341333],[103.97108,1.341054],[103.971504,1.340756],[103.97208,1.340375],[103.972759,1.339992],[103.975124,1.338982],[103.975283,1.335923],[103.975436,1.333454],[103.975506,1.331451],[103.975563,1.330019],[103.975686,1.326889],[103.975939,1.322303],[103.976174,1.318737],[103.976275,1.317044],[103.976283,1.316915],[103.976508,1.316914],[103.976517,1.3166],[103.976575,1.316477],[103.976628,1.316324],[103.976651,1.316236],[103.976668,1.316089],[103.976672,1.315826],[103.976677,1.315753],[103.976721,1.315207],[103.976791,1.315213],[103.976779,1.31563],[103.977489,1.315936],[103.97845,1.316247],[103.978404,1.316406],[103.978433,1.316412],[103.978515,1.316283],[103.978649,1.316359],[103.978544,1.316594],[103.9789,1.316618],[103.97907,1.316641],[103.979239,1.3167],[103.979817,1.316747],[103.980659,1.316729],[103.981275,1.316669],[103.981862,1.316653],[103.982802,1.316425],[103.983689,1.31678],[103.984277,1.318194],[103.984684,1.318037],[103.984104,1.316716],[103.984514,1.316116],[103.985155,1.313548],[103.985185,1.313278],[103.985125,1.313007],[103.985006,1.312797],[103.984812,1.312587],[103.984618,1.312452],[103.984409,1.312362],[103.98414,1.312271],[103.983917,1.312211],[103.983827,1.312091],[103.983935,1.312014],[103.984134,1.31202],[103.988191,1.313328],[103.98989,1.313783],[103.990436,1.313943],[103.990623,1.313858],[103.990915,1.313803],[103.991527,1.313638],[103.991868,1.313538],[103.992124,1.313423],[103.992223,1.313414],[103.992413,1.313405],[103.992594,1.313397],[103.992779,1.313371],[103.992956,1.313319],[103.993163,1.313262],[103.993353,1.313236],[103.994052,1.313075],[103.994328,1.312997],[103.994526,1.312932],[103.994629,1.312884],[103.994788,1.31279],[103.99486,1.312764],[103.995739,1.312522],[103.99577,1.312507],[103.995747,1.312437],[103.995781,1.312372],[103.995824,1.312329],[103.995923,1.31232],[103.996018,1.312316],[103.996152,1.312259],[103.99645,1.312116],[103.99681,1.312013],[103.996924,1.311981],[103.997066,1.311942],[103.997161,1.311894],[103.9972,1.311851],[103.997166,1.311803],[103.997157,1.311763],[103.997148,1.311721],[103.997191,1.311673],[103.99726,1.311634],[103.997339,1.31163],[103.997407,1.311669],[103.997506,1.311586],[103.99761,1.311499],[103.997674,1.311443],[103.997705,1.311408],[103.997719,1.311337],[103.997739,1.311322],[103.997854,1.311272],[103.998164,1.311984],[103.998437,1.311867],[103.997965,1.310771],[103.997865,1.310552],[103.998379,1.310361],[103.998551,1.310551],[103.998683,1.310657],[103.998911,1.310629],[103.99912,1.310542],[103.99927,1.310422],[103.999349,1.310313],[103.999862,1.310332],[103.999929,1.310447],[104.000071,1.310475],[104.000224,1.310475],[104.000385,1.310437],[104.000594,1.310295],[104.001067,1.310328],[104.001244,1.310422],[104.00197,1.310411],[104.00254,1.310469],[104.003125,1.310612],[104.003639,1.310756],[104.004423,1.311086],[104.00508,1.311416],[104.005217,1.311505],[104.00575,1.311516],[104.006321,1.311387],[104.006877,1.311172],[104.006947,1.31111],[104.006972,1.311126],[104.006979,1.311142],[104.007856,1.31076],[104.010196,1.309726],[104.010638,1.309568],[104.011151,1.309482],[104.011822,1.309453],[104.012378,1.309554],[104.013048,1.309784],[104.013348,1.309913],[104.01389,1.3103],[104.014361,1.310803],[104.014718,1.311348],[104.015031,1.312138],[104.015146,1.31287],[104.015419,1.315729],[104.016212,1.315739],[104.016389,1.315757],[104.018852,1.315821],[104.021289,1.315882],[104.021295,1.315798],[104.02131,1.315408],[104.021818,1.315438],[104.021818,1.315618],[104.022773,1.315663],[104.022877,1.310752],[104.027294,1.310857],[104.027249,1.311217],[104.023474,1.311157],[104.02313,1.311488],[104.022907,1.319988],[104.028951,1.320168],[104.02898,1.318741],[104.028622,1.318711],[104.028661,1.315524],[104.032248,1.315497],[104.032322,1.311142],[104.032606,1.311127],[104.032472,1.315947],[104.03274,1.316008],[104.034412,1.318576],[104.034471,1.318741],[104.034412,1.318861],[104.034307,1.318891],[104.034188,1.318861],[104.034128,1.318756],[104.034128,1.318576],[104.033427,1.317569],[104.03274,1.318035],[104.032473,1.33068],[104.032324,1.330725],[104.032219,1.330605],[104.032308,1.325424],[104.031876,1.325079],[104.030669,1.325083],[104.024617,1.324867],[104.02379,1.324928],[104.023043,1.325114],[104.022968,1.325114],[104.022351,1.325481],[104.021656,1.326181],[104.021058,1.327268],[104.021058,1.327347],[104.020998,1.327648],[104.021049,1.327985],[104.021203,1.328695],[104.021246,1.329144],[104.021349,1.329321],[104.021435,1.329522],[104.021874,1.330146],[104.022046,1.330554],[104.022076,1.331526],[104.022096,1.331831],[104.022217,1.332298],[104.022257,1.332663],[104.023046,1.334174],[104.023146,1.334159],[104.023354,1.334141],[104.023531,1.334217],[104.023759,1.334389],[104.023781,1.334909],[104.023881,1.335468],[104.024124,1.335813],[104.024495,1.336272],[104.024637,1.336574],[104.024837,1.336971],[104.025012,1.337528],[104.025066,1.337813],[104.025336,1.338627],[104.025403,1.338899],[104.025788,1.340094],[104.02605,1.340744],[104.026615,1.342246],[104.02716,1.343505],[104.027422,1.344195],[104.02829,1.346225],[104.028633,1.346773],[104.029056,1.347547],[104.029299,1.347877],[104.029584,1.348165],[104.029812,1.348322],[104.029965,1.348479],[104.03014,1.348768],[104.030369,1.349055],[104.030611,1.349299],[104.03069,1.349858],[104.030738,1.35024],[104.03097,1.350746],[104.031303,1.351512],[104.031558,1.351879],[104.03182,1.352454],[104.032016,1.352941],[104.032177,1.353411],[104.032272,1.353722],[104.032159,1.354168],[104.031924,1.354625],[104.031894,1.355104],[104.032309,1.356061],[104.03238,1.356362],[104.03251,1.357048],[104.032581,1.357526],[104.032304,1.357891],[104.03229,1.358141],[104.032438,1.358444],[104.032623,1.358544],[104.032923,1.358717],[104.033165,1.358831],[104.033536,1.358853],[104.034424,1.358285],[104.034787,1.358427],[104.036683,1.357188],[104.037006,1.357026],[104.037369,1.357066],[104.037812,1.357005],[104.040899,1.354569],[104.041153,1.354251],[104.041567,1.35382],[104.041895,1.353404],[104.042137,1.353059],[104.042266,1.352758],[104.042513,1.35196],[104.042631,1.351092],[104.042512,1.350554],[104.042215,1.350105],[104.041859,1.349836],[104.041732,1.349651],[104.041709,1.349356],[104.041751,1.34896],[104.042126,1.34867],[104.04272,1.34861],[104.043107,1.348699],[104.043493,1.349088],[104.043671,1.349597],[104.04367,1.349605],[104.043553,1.350464],[104.043137,1.352259],[104.042936,1.352987],[104.042779,1.353217],[104.042451,1.353705],[104.042094,1.354222],[104.041795,1.354595],[104.041367,1.354954],[104.037631,1.357831],[104.03467,1.359838],[104.03288,1.360991],[104.032152,1.360979],[104.028463,1.363467],[104.028021,1.363743],[104.027568,1.363935],[104.021611,1.366471],[104.021444,1.366066],[104.021084,1.366221],[104.021265,1.366651],[104.021134,1.366879],[104.020955,1.367108],[104.019928,1.367588],[104.019833,1.367588],[104.019773,1.367464],[104.019797,1.367357],[104.01988,1.367283],[104.019811,1.367091],[104.019681,1.366998],[104.019534,1.366928],[104.019116,1.36694],[104.018591,1.367072],[104.017875,1.367408],[104.016998,1.367803],[104.017212,1.368543],[104.017148,1.368612],[104.01683,1.367874],[104.016583,1.367977],[104.016877,1.368729],[104.016767,1.368715],[104.016515,1.36815],[104.016372,1.368064],[104.016156,1.368153],[104.015332,1.368514],[104.014759,1.368802],[104.014473,1.369067],[104.014365,1.369211],[104.014353,1.369427],[104.014389,1.369595],[104.014509,1.369583],[104.014604,1.369583],[104.014688,1.369655],[104.014712,1.369799],[104.013757,1.370244],[104.013207,1.370292],[104.012778,1.370184],[104.01236,1.369968],[104.012037,1.369644],[104.011715,1.369259],[104.011476,1.369091],[104.010868,1.368899],[104.010283,1.368779],[104.009626,1.368803],[104.009113,1.368923],[104.007953,1.369402],[104.006988,1.369776],[104.006605,1.369928],[104.006319,1.369258],[104.006304,1.369223],[104.005985,1.369364],[104.006274,1.370027],[104.006179,1.370247],[104.006018,1.370426],[104.006006,1.370741],[104.006014,1.370776],[104.005991,1.370782],[104.005201,1.370983],[104.005238,1.371106],[104.00603,1.370944],[104.006053,1.370939],[104.006064,1.370986],[104.006121,1.371179],[104.006249,1.371615],[104.006365,1.371918],[104.006409,1.37215],[104.006419,1.372204],[104.006508,1.372391],[104.006622,1.372546],[104.00684,1.372521],[104.007342,1.372488],[104.007355,1.372534],[104.007363,1.372563],[104.007374,1.372602],[104.008693,1.372602],[104.008806,1.372643],[104.008863,1.372716],[104.008871,1.372839],[104.008863,1.373645],[104.007827,1.373645],[104.007584,1.373661],[104.007434,1.373705],[104.007277,1.373751],[104.007237,1.373774],[104.006992,1.373918],[104.006862,1.374007],[104.006592,1.374206],[104.006304,1.374531],[104.005927,1.37501],[104.005451,1.375788],[104.005237,1.37618],[104.004706,1.377345],[104.004221,1.378379],[104.003653,1.379694],[104.003572,1.379902],[104.003411,1.380254],[104.00342,1.380263],[104.003078,1.381176],[104.003006,1.381448],[104.002618,1.382734],[104.002506,1.38298],[104.002499,1.383048],[104.002487,1.383118],[104.002277,1.383526],[104.002186,1.383768],[104.002301,1.383829],[104.002283,1.38386],[104.002083,1.383796],[104.002041,1.38383],[104.002059,1.383886],[104.002236,1.383961],[104.002225,1.383996],[104.002112,1.383962],[104.001923,1.384242],[104.001601,1.384684],[104.001523,1.384745],[104.001282,1.384951],[104.000975,1.385233],[104.000946,1.385351],[104.000817,1.385724],[104.000805,1.385734],[104.000671,1.386177],[104.000645,1.38625],[104.000514,1.386609],[104.000247,1.387285],[103.999926,1.38779],[103.999615,1.388251],[103.999516,1.388415],[103.999356,1.388637],[103.999243,1.388781],[103.999191,1.38893],[103.999091,1.389045],[103.998936,1.389126],[103.998623,1.38916],[103.998321,1.389371],[103.997933,1.389564],[103.99752,1.389728],[103.997115,1.3898],[103.997032,1.389821],[103.99666,1.389843],[103.995913,1.390126],[103.995688,1.390187],[103.995631,1.390203],[103.995614,1.390208],[103.995488,1.390095],[103.995488,1.390095],[103.995488,1.390095],[103.994719,1.390403],[103.994371,1.390599],[103.994208,1.390673],[103.994004,1.390765],[103.993852,1.39071],[103.993703,1.390706],[103.993561,1.390759],[103.993296,1.390905],[103.992822,1.391145],[103.992755,1.39118],[103.992575,1.391221],[103.992515,1.391229],[103.992422,1.39124],[103.992366,1.391266],[103.99219,1.391349],[103.991925,1.391458],[103.991387,1.391706],[103.990991,1.391868],[103.990476,1.392064],[103.989919,1.392274],[103.989448,1.392462],[103.98897,1.392699],[103.988671,1.392853],[103.988402,1.392974],[103.988036,1.393094],[103.987248,1.393372],[103.987117,1.39341],[103.987001,1.393421],[103.986878,1.393421],[103.986723,1.393402],[103.986615,1.393323],[103.98654,1.393211],[103.986473,1.393045],[103.986432,1.392929],[103.986421,1.392839],[103.98642,1.392836],[103.986421,1.392835],[103.986478,1.392703],[103.986534,1.392643],[103.986658,1.39259],[103.986863,1.392566],[103.986958,1.392567],[103.987151,1.392556],[103.987278,1.392522],[103.987397,1.392466],[103.987488,1.392419],[103.987578,1.392345],[103.987634,1.392293],[103.987688,1.392253],[103.987722,1.392173],[103.987778,1.39212],[103.987808,1.392034],[103.987865,1.391952],[103.987926,1.39187],[103.988023,1.391638],[103.988087,1.3915],[103.988156,1.391391],[103.98817,1.391366],[103.988379,1.391132],[103.988401,1.391108],[103.988388,1.391073],[103.988287,1.390798],[103.988282,1.390784],[103.988266,1.390792],[103.988201,1.390808],[103.988112,1.390831],[103.988017,1.390823],[103.987651,1.391116],[103.987526,1.391241],[103.987469,1.391297],[103.987379,1.391387],[103.987155,1.391594],[103.987009,1.39176],[103.986879,1.391816],[103.986598,1.391823],[103.986407,1.391842],[103.986385,1.391845],[103.986374,1.391846],[103.98631,1.391883],[103.986217,1.391936],[103.986157,1.391962],[103.986112,1.391959],[103.986052,1.391966],[103.985903,1.391992],[103.985854,1.392022],[103.985784,1.392068],[103.985731,1.392075],[103.985694,1.392128],[103.985646,1.39221],[103.985438,1.392298],[103.985338,1.392476],[103.9853,1.392569],[103.985262,1.392613],[103.985252,1.392617],[103.985198,1.392635],[103.985185,1.39264],[103.985139,1.392635],[103.98509,1.392592],[103.985065,1.392569],[103.984973,1.392456],[103.984969,1.392451],[103.984665,1.392473],[103.984365,1.392359],[103.984122,1.392359],[103.983928,1.392392],[103.983547,1.392465],[103.983102,1.392506],[103.982957,1.39253],[103.982763,1.392644],[103.982583,1.392817],[103.982357,1.392931],[103.982128,1.392968],[103.981857,1.393003],[103.981793,1.392976],[103.981768,1.392935],[103.981688,1.392809],[103.981613,1.392692],[103.981441,1.392578],[103.981076,1.392504],[103.980855,1.39248],[103.980532,1.392486],[103.98009,1.392505],[103.979837,1.392527],[103.979685,1.392553],[103.979549,1.392594],[103.979419,1.39261],[103.979289,1.39261],[103.979163,1.392582],[103.979027,1.392527],[103.978682,1.392507],[103.97828,1.392448],[103.978104,1.392447],[103.977848,1.392378],[103.976792,1.392404],[103.976536,1.392347],[103.976323,1.392159],[103.976158,1.392041],[103.975839,1.391975],[103.975575,1.391853],[103.975475,1.391681],[103.975415,1.391531],[103.9753,1.39138],[103.975106,1.391225],[103.97498,1.391223],[103.974934,1.391144],[103.974984,1.391035],[103.974789,1.390873],[103.974676,1.390843],[103.974559,1.39076],[103.974329,1.390693],[103.97429,1.390671],[103.974127,1.390483],[103.973988,1.390441],[103.973894,1.390446],[103.97385,1.390399],[103.973819,1.389925],[103.973734,1.389713],[103.973637,1.38947],[103.973533,1.389317],[103.973507,1.389251],[103.973481,1.389186],[103.97342,1.389221],[103.973372,1.389273],[103.973212,1.389251],[103.973112,1.3892],[103.97308,1.389109],[103.972721,1.388998],[103.972788,1.388748],[103.973263,1.388896],[103.973397,1.388874],[103.973531,1.388832],[103.973608,1.388752],[103.973946,1.388635],[103.974066,1.388537],[103.974126,1.388424],[103.974185,1.388009],[103.97428,1.387942],[103.974357,1.387663],[103.974452,1.387577],[103.974499,1.38747],[103.974584,1.387389],[103.974748,1.387327],[103.975476,1.387223],[103.975587,1.387283],[103.975848,1.387252],[103.976283,1.387205],[103.976447,1.387121],[103.976623,1.386981],[103.976663,1.386812],[103.976575,1.386444],[103.976491,1.386308],[103.976389,1.386246],[103.97602,1.38572],[103.975897,1.385592],[103.975826,1.385518],[103.975705,1.385301],[103.975622,1.385334],[103.975549,1.385455],[103.975534,1.385632],[103.975676,1.385911],[103.975906,1.386135],[103.976144,1.386591],[103.976083,1.386753],[103.975948,1.386804],[103.975693,1.386755],[103.974914,1.386715],[103.974466,1.386674],[103.974228,1.386677],[103.974232,1.386501],[103.974381,1.38635],[103.974586,1.386154],[103.97464,1.386078],[103.974726,1.385966],[103.974846,1.385749],[103.975199,1.38513],[103.975271,1.384987],[103.975499,1.384551],[103.975597,1.384392],[103.975749,1.384163],[103.975803,1.384053],[103.975879,1.383911],[103.975923,1.383823],[103.976124,1.383438],[103.976389,1.383037],[103.978224,1.379761],[103.978078,1.379691],[103.977374,1.380931],[103.975936,1.383465],[103.975365,1.384473],[103.974765,1.38551],[103.974502,1.38592],[103.974368,1.386073],[103.974303,1.386133],[103.97394,1.386487],[103.973859,1.386608],[103.973757,1.386696],[103.973778,1.386755],[103.973845,1.386855],[103.973842,1.38694],[103.973804,1.387043],[103.973728,1.387114],[103.973722,1.387164],[103.973741,1.38722],[103.973568,1.387288],[103.973372,1.387314],[103.973158,1.38737],[103.972953,1.387406],[103.972813,1.387391],[103.972625,1.387299],[103.972465,1.38722],[103.972152,1.387032],[103.972047,1.386952],[103.971839,1.386823],[103.971781,1.386896],[103.971317,1.386562],[103.970733,1.38607],[103.970319,1.385757],[103.969976,1.385386],[103.969742,1.385114],[103.969735,1.38511],[103.969386,1.384593],[103.968668,1.384094],[103.968657,1.38408],[103.968249,1.383817],[103.968122,1.383754],[103.967282,1.3832],[103.967362,1.382967],[103.967582,1.382349],[103.967638,1.382204],[103.967656,1.382155],[103.967674,1.382084],[103.967677,1.38201],[103.967654,1.381961],[103.967575,1.381929],[103.967551,1.381825],[103.967541,1.381782],[103.967541,1.381652],[103.967557,1.38149],[103.967558,1.381364],[103.967525,1.38123],[103.967466,1.381104],[103.967375,1.38105],[103.967204,1.380995],[103.967015,1.380936],[103.966879,1.380941],[103.966925,1.381417],[103.966938,1.381531],[103.966911,1.381701],[103.966863,1.381759],[103.966798,1.381798],[103.96662,1.381817],[103.96655,1.381887],[103.966519,1.381815],[103.966505,1.381803],[103.966495,1.38179],[103.966487,1.381776],[103.966478,1.381754],[103.966473,1.381738],[103.966471,1.381719],[103.966471,1.381704],[103.966475,1.381679],[103.966604,1.3812],[103.966618,1.381114],[103.966691,1.380844],[103.96671,1.380757],[103.966884,1.380112],[103.966896,1.380047],[103.966911,1.379972],[103.966923,1.379897],[103.966928,1.379852],[103.966927,1.379828],[103.966926,1.379584],[103.966916,1.37943],[103.966896,1.379297],[103.966845,1.379066],[103.966801,1.378919],[103.966681,1.37867],[103.9666,1.378485],[103.966541,1.378349],[103.966246,1.377671],[103.965877,1.376779],[103.965524,1.375926],[103.964889,1.374405],[103.964502,1.373486],[103.964288,1.372988],[103.964277,1.372993],[103.964215,1.37284],[103.964114,1.371487],[103.964005,1.371605],[103.964089,1.372891],[103.96417,1.373042],[103.964496,1.373808],[103.964747,1.374405],[103.965392,1.375982],[103.965657,1.376625],[103.966074,1.377633],[103.966332,1.378229],[103.966537,1.378702],[103.966667,1.378973],[103.966734,1.37921],[103.966753,1.37931],[103.966754,1.37944],[103.966764,1.37958],[103.966767,1.379831],[103.966756,1.379917],[103.966735,1.380025],[103.966714,1.380123],[103.966652,1.380352],[103.966584,1.380605],[103.966554,1.380716],[103.966526,1.380801],[103.966453,1.381069],[103.966422,1.381149],[103.966292,1.381628],[103.966286,1.381644],[103.966275,1.381665],[103.966259,1.381684],[103.966251,1.381692],[103.966228,1.381709],[103.966211,1.381717],[103.966185,1.381725],[103.966122,1.381769],[103.965941,1.381574],[103.965807,1.381531],[103.965546,1.381758],[103.965215,1.3819],[103.964814,1.381992],[103.9648,1.382105],[103.964546,1.382176],[103.96432,1.382098],[103.963919,1.381957],[103.963433,1.381843],[103.962806,1.381815],[103.962559,1.381801],[103.962503,1.381751],[103.962524,1.38168],[103.9622,1.381581],[103.961742,1.381545],[103.96079,1.381503],[103.960579,1.381439],[103.960601,1.381376],[103.96056,1.381294],[103.960455,1.381262],[103.960086,1.381255],[103.959776,1.381248],[103.958437,1.381375],[103.958215,1.381344],[103.957993,1.381386],[103.957757,1.381435],[103.957581,1.381509],[103.957155,1.381602],[103.956619,1.381602],[103.956225,1.381532],[103.956079,1.38154],[103.955927,1.381588],[103.955677,1.381602],[103.955422,1.38161],[103.95514,1.381666],[103.954957,1.381787],[103.954901,1.381902],[103.954825,1.381993],[103.954686,1.382035],[103.954534,1.382],[103.954423,1.381888],[103.954374,1.381805],[103.954374,1.381721],[103.954339,1.381623],[103.95427,1.38154],[103.954177,1.38148],[103.954009,1.380797],[103.954002,1.380799],[103.953837,1.380847],[103.953856,1.380922],[103.953838,1.380976],[103.953881,1.381179],[103.953937,1.381383],[103.95398,1.381654],[103.953989,1.381794],[103.953833,1.38193],[103.953674,1.381986],[103.953504,1.382072],[103.953421,1.382063],[103.953371,1.382127],[103.953259,1.382149],[103.953076,1.382042],[103.952766,1.382099],[103.952209,1.382283],[103.951814,1.382418],[103.951497,1.382447],[103.951223,1.382482],[103.950948,1.382539],[103.950534,1.382712],[103.950328,1.382759],[103.950208,1.382943],[103.950159,1.382991],[103.950032,1.382942],[103.949896,1.382907],[103.949854,1.382858],[103.949842,1.382828],[103.949764,1.382649],[103.949681,1.382468],[103.949605,1.382265],[103.949556,1.382175],[103.949489,1.38208],[103.949309,1.382176],[103.949358,1.382284],[103.949392,1.382392],[103.949418,1.382491],[103.949435,1.382578],[103.949431,1.382713],[103.949366,1.382875],[103.94929,1.383018],[103.949119,1.383143],[103.949043,1.383095],[103.948757,1.383219],[103.948253,1.383507],[103.94793,1.383698],[103.947683,1.383813],[103.947426,1.383928],[103.94716,1.384062],[103.947037,1.384312],[103.946952,1.38435],[103.946881,1.384324],[103.946874,1.384253],[103.94676,1.384253],[103.94637,1.384454],[103.945686,1.384837],[103.945448,1.385019],[103.945163,1.385163],[103.944944,1.385354],[103.944706,1.385584],[103.944478,1.385794],[103.944307,1.386034],[103.944354,1.386101],[103.944431,1.386106],[103.944431,1.386184],[103.94417,1.38629],[103.944128,1.386248],[103.94404,1.386244],[103.943689,1.386484],[103.943042,1.386886],[103.9425,1.387268],[103.941939,1.387613],[103.941406,1.387958],[103.941273,1.388005],[103.940655,1.388532],[103.940531,1.388675],[103.940329,1.388739],[103.939875,1.388953],[103.93959,1.38901],[103.939324,1.389221],[103.938544,1.389681],[103.937888,1.389949],[103.937523,1.390553],[103.93724,1.391148],[103.936731,1.392303],[103.936636,1.392329],[103.936405,1.392715],[103.936353,1.392688],[103.936118,1.392557],[103.935853,1.392404],[103.935604,1.392249],[103.935284,1.392023],[103.934941,1.391752],[103.934725,1.391562],[103.934312,1.391168],[103.932614,1.389551],[103.930908,1.387926],[103.931505,1.387456],[103.931592,1.387388],[103.93173,1.387273],[103.931859,1.387149],[103.931884,1.387123],[103.931981,1.387018],[103.932082,1.386894],[103.932198,1.386734],[103.932292,1.386582],[103.932327,1.386516],[103.932449,1.386255],[103.932525,1.386143],[103.932645,1.385988],[103.932774,1.385864],[103.932833,1.385825],[103.932945,1.385751],[103.933821,1.38517],[103.934407,1.384814],[103.934894,1.384518],[103.935357,1.384236],[103.935933,1.383887],[103.936126,1.383826],[103.936214,1.383758],[103.936197,1.383722],[103.936149,1.383706],[103.936069,1.383705],[103.935868,1.383787],[103.934617,1.384545],[103.93453,1.384597],[103.933512,1.385214],[103.933347,1.385314],[103.933065,1.38549],[103.932868,1.38561],[103.932784,1.385675],[103.932679,1.385755],[103.932598,1.385833],[103.93254,1.385889],[103.932431,1.386025],[103.932324,1.386183],[103.932199,1.386436],[103.932121,1.386576],[103.932062,1.386667],[103.931952,1.386822],[103.931879,1.386925],[103.931711,1.387096],[103.931313,1.387424],[103.930803,1.387826],[103.930763,1.387788],[103.930522,1.387978],[103.931932,1.389321],[103.933113,1.390446],[103.933933,1.391227],[103.934561,1.391825],[103.934876,1.392094],[103.935204,1.392343],[103.935541,1.392572],[103.935898,1.392781],[103.93622,1.392961],[103.936254,1.392987],[103.935415,1.394639],[103.935216,1.39506],[103.934978,1.395481],[103.934751,1.395894],[103.934265,1.39661],[103.934236,1.396754],[103.933628,1.397472],[103.93319,1.397883]]],[[[103.988028,1.404878],[103.987826,1.404938],[103.987666,1.405003],[103.987576,1.405081],[103.987446,1.405231],[103.98741,1.405314],[103.987333,1.405338],[103.987279,1.405315],[103.987244,1.405255],[103.987244,1.405183],[103.987273,1.405099],[103.987398,1.404991],[103.987588,1.404872],[103.987897,1.404734],[103.987844,1.404615],[103.987737,1.404477],[103.987656,1.404336],[103.98766,1.404232],[103.987737,1.404154],[103.98785,1.404148],[103.988058,1.404393],[103.988189,1.404537],[103.988284,1.404507],[103.988379,1.404495],[103.988551,1.404489],[103.988741,1.404573],[103.988831,1.404716],[103.988997,1.404932],[103.989074,1.405051],[103.989021,1.405111],[103.988926,1.405099],[103.988801,1.405057],[103.9887,1.404997],[103.988563,1.404848],[103.988462,1.404866],[103.988272,1.40483],[103.988028,1.404878]]],[[[103.949264,1.404515],[103.949085,1.404681],[103.949033,1.404782],[103.948598,1.405178],[103.948288,1.405684],[103.948023,1.406094],[103.947666,1.406771],[103.947498,1.406903],[103.947403,1.406962],[103.947367,1.407042],[103.947352,1.407248],[103.947199,1.407431],[103.946937,1.4076],[103.946608,1.407784],[103.946317,1.407865],[103.946076,1.40787],[103.945556,1.407727],[103.945636,1.407446],[103.945835,1.407258],[103.946048,1.407138],[103.946314,1.406857],[103.946567,1.406575],[103.946766,1.406468],[103.946886,1.406187],[103.947139,1.405986],[103.947392,1.405839],[103.947578,1.405478],[103.947937,1.405183],[103.948349,1.404728],[103.948562,1.404661],[103.948722,1.404581],[103.948695,1.40434],[103.94885,1.403798],[103.948928,1.403577],[103.949052,1.403239],[103.949413,1.402749],[103.949597,1.402532],[103.949682,1.402342],[103.949818,1.402189],[103.950136,1.401952],[103.950231,1.401889],[103.950646,1.40166],[103.951073,1.401284],[103.9514,1.400927],[103.951656,1.400637],[103.951932,1.40038],[103.952233,1.400195],[103.952568,1.40003],[103.95285,1.399924],[103.952922,1.399964],[103.952955,1.399878],[103.953165,1.399825],[103.953506,1.399825],[103.953729,1.399838],[103.953925,1.399917],[103.954011,1.400003],[103.95407,1.400102],[103.954089,1.400261],[103.954103,1.400439],[103.954136,1.400743],[103.954194,1.400904],[103.954231,1.401022],[103.95418,1.40125],[103.954007,1.401427],[103.953906,1.401604],[103.953746,1.402048],[103.953706,1.402292],[103.953571,1.40263],[103.953427,1.402822],[103.953316,1.402947],[103.953185,1.403053],[103.953047,1.403106],[103.952883,1.403152],[103.952633,1.403151],[103.952334,1.403349],[103.95205,1.403518],[103.951882,1.403555],[103.951769,1.403533],[103.951715,1.403436],[103.951637,1.403423],[103.951519,1.403462],[103.951379,1.40354],[103.951276,1.403654],[103.950909,1.403805],[103.950793,1.403799],[103.949905,1.404164],[103.949783,1.404294],[103.949664,1.404357],[103.949607,1.404402],[103.949551,1.404464],[103.949449,1.404517],[103.94941,1.404537],[103.949319,1.4045],[103.949264,1.404515]]],[[[103.939555,1.41516],[103.939595,1.415181],[103.93961,1.415208],[103.939612,1.415251],[103.939607,1.415282],[103.939591,1.415321],[103.939555,1.41535],[103.939495,1.415345],[103.939478,1.415309],[103.939457,1.415234],[103.939461,1.4152],[103.939497,1.415162],[103.93954,1.41515],[103.939555,1.41516]]],[[[103.939327,1.415444],[103.939325,1.415477],[103.939308,1.415502],[103.939277,1.415526],[103.939244,1.415521],[103.939236,1.415482],[103.939229,1.415463],[103.93927,1.415441],[103.939313,1.41542],[103.939327,1.415444]]],[[[103.974269,1.416079],[103.97417,1.416109],[103.974096,1.416133],[103.97401,1.416145],[103.973888,1.416148],[103.973775,1.416145],[103.973718,1.416109],[103.973668,1.416071],[103.973656,1.416017],[103.973674,1.415957],[103.973704,1.415909],[103.973759,1.415893],[103.973801,1.415861],[103.973909,1.415636],[103.973909,1.415546],[103.97388,1.415458],[103.973788,1.41527],[103.973759,1.41518],[103.973778,1.41508],[103.973836,1.415056],[103.973923,1.415077],[103.973988,1.415111],[103.974183,1.415273],[103.974332,1.415354],[103.974319,1.415397],[103.974316,1.415418],[103.974343,1.415421],[103.974373,1.415415],[103.974394,1.415388],[103.974435,1.415373],[103.974474,1.415382],[103.97454,1.415449],[103.974631,1.415482],[103.974682,1.415487],[103.974726,1.415535],[103.974783,1.415607],[103.974828,1.415672],[103.974827,1.415717],[103.974857,1.41572],[103.974893,1.415738],[103.974914,1.415819],[103.974917,1.415882],[103.974905,1.415936],[103.974869,1.415987],[103.974807,1.416017],[103.974703,1.416038],[103.97459,1.416047],[103.974495,1.416055],[103.974399,1.416058],[103.974331,1.416059],[103.974269,1.416079]]],[[[103.939428,1.415653],[103.939454,1.415714],[103.939492,1.415766],[103.939509,1.415841],[103.939543,1.415904],[103.939576,1.415954],[103.939586,1.416005],[103.939598,1.416031],[103.939615,1.416068],[103.939631,1.416104],[103.939638,1.416164],[103.939658,1.416202],[103.939682,1.416243],[103.939679,1.416316],[103.939686,1.416373],[103.939689,1.416424],[103.939662,1.416487],[103.939622,1.416511],[103.939583,1.416484],[103.939557,1.416467],[103.9395,1.416436],[103.939414,1.416376],[103.939323,1.416306],[103.939224,1.416234],[103.939148,1.416164],[103.939098,1.416104],[103.938983,1.416065],[103.938885,1.416031],[103.938789,1.415954],[103.938751,1.415918],[103.93871,1.415839],[103.938712,1.415757],[103.938681,1.415685],[103.938686,1.415636],[103.938669,1.415583],[103.938581,1.415562],[103.938507,1.41555],[103.938459,1.415509],[103.938406,1.415453],[103.938396,1.415388],[103.938444,1.415343],[103.938506,1.415333],[103.938578,1.415357],[103.938631,1.415393],[103.938688,1.415434],[103.938715,1.415417],[103.938724,1.415362],[103.938777,1.415333],[103.93882,1.415328],[103.938846,1.415359],[103.938861,1.415398],[103.938909,1.415386],[103.938949,1.41542],[103.938964,1.415449],[103.938944,1.415485],[103.938923,1.415526],[103.938923,1.415567],[103.938947,1.415617],[103.939019,1.415651],[103.939095,1.415634],[103.93915,1.415593],[103.939215,1.415562],[103.93927,1.415576],[103.939327,1.415588],[103.939416,1.415608],[103.939428,1.415653]]],[[[103.935024,1.42765],[103.934502,1.427676],[103.934199,1.427714],[103.933834,1.427742],[103.933593,1.427657],[103.933413,1.427527],[103.933234,1.427392],[103.933066,1.427246],[103.933016,1.42713],[103.933022,1.426886],[103.932984,1.426698],[103.932873,1.426519],[103.932816,1.426484],[103.932734,1.426435],[103.932564,1.426347],[103.932476,1.426354],[103.932039,1.426409],[103.931865,1.426355],[103.931737,1.426291],[103.931505,1.42622],[103.930492,1.426159],[103.930395,1.426129],[103.930338,1.425941],[103.930256,1.425916],[103.930256,1.425868],[103.930264,1.425845],[103.930293,1.425826],[103.930319,1.425809],[103.930339,1.425797],[103.930343,1.425753],[103.930323,1.425701],[103.930002,1.425286],[103.929788,1.42503],[103.929728,1.424944],[103.929267,1.424431],[103.929189,1.424356],[103.929162,1.424316],[103.929043,1.424252],[103.928888,1.424232],[103.928793,1.424204],[103.928741,1.424224],[103.928678,1.424228],[103.928626,1.424204],[103.928571,1.424164],[103.928543,1.424129],[103.92846,1.424069],[103.928269,1.423969],[103.928138,1.423905],[103.928011,1.423894],[103.927871,1.423876],[103.927077,1.423735],[103.92681,1.423784],[103.92664,1.423827],[103.92667,1.423925],[103.926567,1.423967],[103.9265,1.423919],[103.926415,1.423961],[103.926336,1.423943],[103.926324,1.424041],[103.926221,1.424071],[103.926252,1.423912],[103.92627,1.423833],[103.926318,1.423772],[103.926409,1.423711],[103.926533,1.423636],[103.926499,1.4228],[103.926432,1.422738],[103.926342,1.422636],[103.926264,1.422523],[103.926252,1.422382],[103.926269,1.422309],[103.926353,1.422298],[103.926454,1.422286],[103.926482,1.422275],[103.926623,1.422207],[103.926791,1.42206],[103.926915,1.421851],[103.927032,1.421682],[103.927145,1.421518],[103.927265,1.42133],[103.927337,1.421104],[103.927422,1.420707],[103.927507,1.420444],[103.927732,1.420243],[103.927787,1.420188],[103.927841,1.42019],[103.927892,1.420186],[103.927936,1.420146],[103.92798,1.420046],[103.928011,1.41995],[103.928046,1.419784],[103.928135,1.41953],[103.928186,1.419444],[103.928253,1.419475],[103.928301,1.419491],[103.928329,1.419487],[103.928356,1.419475],[103.928372,1.419432],[103.928368,1.419384],[103.928309,1.419344],[103.928289,1.4193],[103.928305,1.419264],[103.928321,1.419228],[103.928289,1.419214],[103.928381,1.41901],[103.92832,1.418898],[103.928361,1.418843],[103.928497,1.418841],[103.92866,1.418858],[103.928789,1.418903],[103.928828,1.418818],[103.928952,1.418694],[103.929025,1.418604],[103.929103,1.418592],[103.92912,1.4187],[103.929266,1.418767],[103.929507,1.418858],[103.929524,1.41883],[103.929462,1.418739],[103.929473,1.41866],[103.929552,1.418615],[103.929608,1.418575],[103.929636,1.418513],[103.929709,1.418496],[103.929748,1.418451],[103.929765,1.418366],[103.929833,1.418321],[103.929889,1.418265],[103.929889,1.418191],[103.929945,1.418135],[103.930063,1.417999],[103.930046,1.41792],[103.930074,1.417858],[103.930192,1.417785],[103.930338,1.417649],[103.930338,1.417576],[103.930366,1.417531],[103.930433,1.417514],[103.930484,1.417468],[103.93054,1.417423],[103.930618,1.417389],[103.93068,1.417389],[103.93068,1.417333],[103.930708,1.417282],[103.930792,1.417265],[103.930865,1.417282],[103.931022,1.417254],[103.931106,1.417248],[103.931196,1.417265],[103.931258,1.41722],[103.931393,1.417203],[103.93155,1.417226],[103.93164,1.417276],[103.931718,1.41735],[103.931842,1.417406],[103.931969,1.417469],[103.932285,1.41761],[103.93261,1.41766],[103.933071,1.417672],[103.933374,1.4177],[103.933497,1.417739],[103.933615,1.417802],[103.933733,1.417796],[103.933862,1.417773],[103.934013,1.417796],[103.934092,1.417841],[103.934098,1.417847],[103.934176,1.417909],[103.934232,1.417999],[103.934249,1.418061],[103.934316,1.418044],[103.934294,1.417954],[103.934221,1.417898],[103.934227,1.417835],[103.934266,1.417728],[103.934361,1.417621],[103.934412,1.417502],[103.934434,1.417372],[103.934378,1.417276],[103.934305,1.41718],[103.934243,1.417045],[103.934187,1.416926],[103.934193,1.416791],[103.934176,1.416678],[103.934114,1.416548],[103.934069,1.416463],[103.934069,1.416378],[103.934005,1.416255],[103.933997,1.416063],[103.934046,1.416007],[103.934094,1.415939],[103.934145,1.415911],[103.934209,1.415888],[103.934256,1.41586],[103.934284,1.41582],[103.93428,1.415772],[103.934293,1.415729],[103.934434,1.415672],[103.934563,1.415655],[103.934653,1.415667],[103.934737,1.415616],[103.93481,1.415616],[103.934962,1.415616],[103.935063,1.415616],[103.935192,1.415576],[103.93527,1.415497],[103.935366,1.415458],[103.935512,1.415452],[103.935618,1.415412],[103.935915,1.415345],[103.935984,1.415343],[103.936146,1.415352],[103.936285,1.415219],[103.936358,1.415277],[103.936441,1.415241],[103.93658,1.415345],[103.936655,1.415321],[103.936687,1.415281],[103.936735,1.415289],[103.936794,1.415297],[103.93687,1.415293],[103.936929,1.415281],[103.937032,1.415257],[103.937167,1.415245],[103.937333,1.415217],[103.93748,1.415167],[103.937647,1.415156],[103.937893,1.415014],[103.938113,1.414956],[103.938183,1.414989],[103.938239,1.415068],[103.93825,1.415124],[103.938239,1.415215],[103.938198,1.415354],[103.93814,1.415388],[103.938097,1.415453],[103.938033,1.415506],[103.938033,1.415682],[103.937954,1.415767],[103.937877,1.415757],[103.937971,1.415882],[103.938107,1.415956],[103.938317,1.415908],[103.938463,1.41594],[103.938573,1.415976],[103.93867,1.415975],[103.938789,1.416003],[103.938876,1.416071],[103.938967,1.416127],[103.93907,1.416179],[103.93913,1.416223],[103.939146,1.416262],[103.939144,1.416298],[103.939198,1.416341],[103.939253,1.416342],[103.939336,1.41639],[103.939419,1.416466],[103.939479,1.41651],[103.939546,1.416546],[103.939614,1.416582],[103.939613,1.416625],[103.939723,1.416687],[103.940052,1.416987],[103.940214,1.417129],[103.940329,1.417176],[103.940413,1.417255],[103.940607,1.417545],[103.940847,1.417818],[103.941135,1.418087],[103.941318,1.41825],[103.941511,1.41835],[103.94172,1.418381],[103.941888,1.418355],[103.941976,1.418308],[103.942201,1.418018],[103.942583,1.417645],[103.942755,1.417487],[103.94286,1.417434],[103.942855,1.417361],[103.942782,1.417303],[103.942651,1.417297],[103.942614,1.417382],[103.942651,1.417434],[103.942489,1.417571],[103.942348,1.417713],[103.942191,1.417887],[103.942034,1.418097],[103.941919,1.41825],[103.941815,1.418309],[103.941738,1.41831],[103.941642,1.418281],[103.94149,1.418213],[103.941229,1.418029],[103.94079,1.417571],[103.940722,1.417397],[103.940596,1.417313],[103.940523,1.417098],[103.940392,1.416992],[103.940382,1.41695],[103.940476,1.416756],[103.940476,1.416593],[103.94039,1.416609],[103.940353,1.416654],[103.940345,1.416789],[103.94033,1.416917],[103.940248,1.417008],[103.940106,1.416917],[103.939941,1.416729],[103.939867,1.416601],[103.939807,1.416466],[103.939792,1.416383],[103.939807,1.416307],[103.939792,1.416202],[103.939837,1.416142],[103.939901,1.416156],[103.939933,1.416121],[103.939909,1.416075],[103.939883,1.416041],[103.939813,1.416041],[103.939772,1.416024],[103.93972,1.415971],[103.939698,1.415911],[103.93965,1.415805],[103.939665,1.415721],[103.93971,1.415622],[103.939751,1.41553],[103.939732,1.415396],[103.939722,1.415273],[103.93967,1.415186],[103.939667,1.415066],[103.939634,1.415022],[103.939555,1.415027],[103.939528,1.414979],[103.939521,1.414936],[103.939552,1.414916],[103.939459,1.414842],[103.939291,1.414873],[103.939212,1.414895],[103.939138,1.414914],[103.939048,1.41494],[103.938965,1.414919],[103.938954,1.414872],[103.939268,1.41474],[103.939302,1.414704],[103.939502,1.41455],[103.939653,1.414403],[103.939744,1.414315],[103.939764,1.414227],[103.940163,1.41387],[103.940595,1.413453],[103.940736,1.413208],[103.940789,1.413093],[103.940797,1.412979],[103.940801,1.412876],[103.940744,1.41272],[103.940759,1.412651],[103.94082,1.412582],[103.940963,1.412552],[103.941115,1.412521],[103.941132,1.412584],[103.941309,1.412601],[103.941339,1.412603],[103.941418,1.412575],[103.94156,1.412511],[103.941691,1.412435],[103.941762,1.412383],[103.94189,1.412344],[103.942478,1.412083],[103.942949,1.411902],[103.943361,1.411699],[103.943435,1.411638],[103.943503,1.411492],[103.94376,1.411335],[103.943797,1.41135],[103.943844,1.411342],[103.9439,1.41131],[103.943943,1.411318],[103.943987,1.411298],[103.944023,1.411294],[103.94409,1.411298],[103.944138,1.411318],[103.944193,1.411326],[103.944253,1.411326],[103.944304,1.41131],[103.944348,1.411278],[103.944391,1.41127],[103.944459,1.411246],[103.944534,1.411226],[103.944707,1.411145],[103.944882,1.411261],[103.944949,1.411306],[103.94505,1.411306],[103.945161,1.411262],[103.945252,1.411226],[103.945334,1.41115],[103.945545,1.410998],[103.945678,1.410873],[103.945803,1.410759],[103.945894,1.410643],[103.945966,1.410535],[103.946041,1.410452],[103.946104,1.4104],[103.946215,1.410332],[103.946362,1.410252],[103.946481,1.410171],[103.946858,1.410009],[103.946955,1.409954],[103.947331,1.409776],[103.947435,1.409758],[103.947663,1.409757],[103.947758,1.409741],[103.947821,1.409725],[103.947862,1.409695],[103.948202,1.409733],[103.948351,1.409786],[103.948486,1.409838],[103.948577,1.409887],[103.948649,1.409882],[103.948761,1.409797],[103.948779,1.40973],[103.948657,1.409584],[103.948541,1.409522],[103.948502,1.409473],[103.94855,1.409387],[103.948724,1.409165],[103.948873,1.408924],[103.948905,1.408635],[103.948867,1.408242],[103.948905,1.408069],[103.949025,1.407888],[103.949179,1.407707],[103.949265,1.40763],[103.949429,1.407542],[103.949427,1.407478],[103.949463,1.407434],[103.949524,1.407409],[103.949535,1.407385],[103.949644,1.407252],[103.949739,1.407227],[103.949846,1.407158],[103.949884,1.407087],[103.950035,1.407029],[103.950132,1.406939],[103.950199,1.406803],[103.950267,1.406592],[103.950349,1.406442],[103.950401,1.406321],[103.950484,1.406208],[103.950581,1.406095],[103.950638,1.406008],[103.950686,1.406059],[103.950684,1.406146],[103.950619,1.406224],[103.950585,1.406276],[103.950511,1.406352],[103.950419,1.406636],[103.95052,1.406816],[103.950838,1.407145],[103.951093,1.407136],[103.951137,1.40726],[103.951217,1.407331],[103.951446,1.407331],[103.951666,1.407535],[103.951684,1.40765],[103.951816,1.407748],[103.951675,1.408014],[103.951516,1.408245],[103.951437,1.408289],[103.951226,1.40828],[103.951111,1.408404],[103.951058,1.408812],[103.951058,1.409221],[103.951331,1.409318],[103.951358,1.409442],[103.951578,1.409602],[103.951631,1.409496],[103.951896,1.409398],[103.952037,1.40946],[103.952107,1.409549],[103.952301,1.409691],[103.952292,1.409815],[103.952328,1.409895],[103.952425,1.409966],[103.952477,1.410037],[103.952469,1.410117],[103.952284,1.410241],[103.952134,1.410338],[103.952063,1.410418],[103.952207,1.410388],[103.952494,1.410239],[103.95276,1.410122],[103.95293,1.409936],[103.953078,1.409947],[103.953241,1.409771],[103.953011,1.409708],[103.952319,1.409602],[103.95216,1.409487],[103.951772,1.40899],[103.951771,1.408784],[103.951811,1.408618],[103.951878,1.40844],[103.951887,1.407943],[103.95231,1.407499],[103.952486,1.407419],[103.952689,1.407242],[103.952733,1.407127],[103.952742,1.406967],[103.952627,1.406523],[103.952565,1.40639],[103.952442,1.406239],[103.952266,1.406071],[103.951939,1.405991],[103.95182,1.406017],[103.951704,1.406176],[103.951636,1.406273],[103.95156,1.406325],[103.951485,1.406365],[103.951417,1.406385],[103.95135,1.406381],[103.95127,1.406328],[103.950935,1.406],[103.950862,1.405986],[103.950791,1.405918],[103.950791,1.405854],[103.950831,1.405802],[103.950914,1.405802],[103.950942,1.405822],[103.950973,1.405826],[103.951045,1.405806],[103.951124,1.405814],[103.951219,1.405814],[103.951326,1.405866],[103.95137,1.405894],[103.951402,1.405934],[103.951417,1.405978],[103.951429,1.406022],[103.951445,1.40603],[103.951461,1.40603],[103.951465,1.405994],[103.951501,1.405942],[103.951551,1.405892],[103.951653,1.405884],[103.951723,1.40583],[103.951806,1.405818],[103.951897,1.405806],[103.951959,1.405822],[103.952036,1.405842],[103.952099,1.405882],[103.952135,1.405894],[103.952203,1.405914],[103.95227,1.40593],[103.952322,1.40595],[103.952341,1.405986],[103.952369,1.406018],[103.952397,1.406062],[103.9525,1.406113],[103.952544,1.406173],[103.952631,1.406241],[103.952759,1.406373],[103.952819,1.406541],[103.952865,1.406544],[103.952916,1.406572],[103.952948,1.406612],[103.952936,1.406644],[103.952908,1.406664],[103.952908,1.4067],[103.95292,1.406816],[103.952924,1.406872],[103.952924,1.406975],[103.952904,1.407067],[103.952848,1.407198],[103.952751,1.407348],[103.952396,1.407653],[103.952151,1.407845],[103.952019,1.407961],[103.952028,1.408236],[103.951931,1.408599],[103.951922,1.408875],[103.951957,1.40899],[103.952054,1.40907],[103.952163,1.409043],[103.952271,1.409022],[103.952416,1.409079],[103.952698,1.409274],[103.952788,1.409416],[103.952879,1.409429],[103.95298,1.409495],[103.953261,1.40952],[103.953433,1.40951],[103.953667,1.409354],[103.9538,1.409087],[103.953879,1.409007],[103.953994,1.408937],[103.954042,1.409068],[103.954119,1.409152],[103.954311,1.409132],[103.954451,1.409036],[103.954487,1.408954],[103.954413,1.408701],[103.954221,1.408579],[103.954062,1.408631],[103.95386,1.408761],[103.953694,1.408848],[103.95357,1.408963],[103.953447,1.409176],[103.953288,1.409318],[103.953156,1.409354],[103.953006,1.409327],[103.952839,1.409114],[103.952486,1.40883],[103.952416,1.408653],[103.952407,1.408422],[103.952636,1.407916],[103.952936,1.407553],[103.953158,1.407197],[103.953244,1.407029],[103.953243,1.406855],[103.953201,1.406619],[103.953072,1.406327],[103.953055,1.406197],[103.953063,1.406105],[103.953095,1.406038],[103.953138,1.405994],[103.953186,1.405974],[103.953218,1.405954],[103.953261,1.405922],[103.953273,1.405854],[103.953279,1.405805],[103.953306,1.40561],[103.953412,1.405521],[103.953567,1.405523],[103.953654,1.405519],[103.953717,1.405507],[103.953749,1.405487],[103.953785,1.40545],[103.953923,1.405423],[103.954094,1.405343],[103.954205,1.405267],[103.95428,1.405211],[103.954348,1.40514],[103.954377,1.405062],[103.954399,1.40498],[103.954423,1.404944],[103.954435,1.404912],[103.954419,1.404868],[103.954431,1.404832],[103.954471,1.404808],[103.954502,1.404808],[103.954562,1.404788],[103.954605,1.404772],[103.954633,1.40476],[103.954645,1.404736],[103.954613,1.404652],[103.954637,1.404591],[103.954669,1.404494],[103.954778,1.404314],[103.954963,1.404163],[103.955035,1.404025],[103.95501,1.403958],[103.955026,1.403894],[103.955073,1.403874],[103.955113,1.403791],[103.955168,1.403773],[103.955227,1.403659],[103.955236,1.403575],[103.95526,1.403491],[103.955295,1.403455],[103.955303,1.403416],[103.955335,1.40338],[103.955339,1.403336],[103.955371,1.403308],[103.955386,1.403252],[103.955414,1.403236],[103.955422,1.403196],[103.955422,1.403156],[103.955426,1.403112],[103.955462,1.403084],[103.955497,1.40306],[103.955509,1.40302],[103.955589,1.402974],[103.955739,1.402841],[103.955772,1.402815],[103.955775,1.402765],[103.955827,1.402733],[103.955858,1.402729],[103.95587,1.402776],[103.956066,1.402774],[103.956278,1.40272],[103.956407,1.402667],[103.956566,1.402568],[103.95671,1.402461],[103.956801,1.402331],[103.956854,1.402187],[103.956937,1.402141],[103.957013,1.402148],[103.957089,1.402209],[103.957134,1.402232],[103.957089,1.402126],[103.95702,1.402003],[103.957043,1.401935],[103.957096,1.40192],[103.957179,1.401881],[103.957301,1.401782],[103.957392,1.401698],[103.957437,1.401615],[103.957513,1.401584],[103.957627,1.401581],[103.957678,1.401688],[103.957481,1.401935],[103.957458,1.401998],[103.957353,1.40222],[103.957354,1.402293],[103.95737,1.402469],[103.957449,1.402593],[103.957581,1.402682],[103.957757,1.402699],[103.957919,1.402639],[103.957979,1.402664],[103.958052,1.40265],[103.958189,1.402569],[103.958382,1.402413],[103.95853,1.402332],[103.9586,1.402318],[103.958641,1.402325],[103.958684,1.402381],[103.958677,1.402445],[103.958646,1.402502],[103.958576,1.402548],[103.958523,1.402586],[103.958471,1.402587],[103.958427,1.402619],[103.958269,1.402744],[103.958163,1.402903],[103.958145,1.403152],[103.958198,1.40332],[103.958295,1.4034],[103.95841,1.403462],[103.958604,1.403489],[103.958676,1.403494],[103.958723,1.403553],[103.958765,1.403572],[103.958837,1.403551],[103.958915,1.403555],[103.95894,1.403581],[103.958938,1.403614],[103.95895,1.403656],[103.958971,1.403703],[103.958968,1.403732],[103.958938,1.403753],[103.958901,1.403762],[103.958863,1.403774],[103.95884,1.403818],[103.958814,1.403833],[103.958756,1.403849],[103.95873,1.403854],[103.958688,1.403833],[103.958679,1.403802],[103.958661,1.403765],[103.958656,1.403765],[103.958532,1.403753],[103.958436,1.403739],[103.958356,1.403713],[103.958291,1.403676],[103.95824,1.403608],[103.958194,1.403572],[103.95816,1.403563],[103.958135,1.403582],[103.958147,1.403654],[103.958141,1.403676],[103.958119,1.403694],[103.958122,1.403804],[103.958113,1.403835],[103.958094,1.403879],[103.958085,1.403933],[103.958045,1.40403],[103.957992,1.404124],[103.957989,1.404183],[103.957995,1.404265],[103.958017,1.404384],[103.958045,1.404478],[103.958101,1.404609],[103.958135,1.40465],[103.95815,1.404697],[103.958154,1.404744],[103.958172,1.404763],[103.958203,1.404782],[103.958213,1.40481],[103.958235,1.404807],[103.958303,1.40476],[103.958331,1.40475],[103.958359,1.404735],[103.9584,1.404684],[103.958434,1.404678],[103.958459,1.404656],[103.958506,1.404668],[103.958528,1.40465],[103.95853,1.404606],[103.958564,1.404572],[103.958625,1.404574],[103.958642,1.404569],[103.958639,1.404531],[103.958611,1.404496],[103.958571,1.404481],[103.958536,1.40449],[103.958378,1.404637],[103.958325,1.404688],[103.958294,1.404697],[103.958248,1.404694],[103.958214,1.404677],[103.958183,1.404588],[103.958124,1.404431],[103.958104,1.404363],[103.958107,1.404283],[103.958121,1.404244],[103.958126,1.404105],[103.958144,1.404089],[103.958166,1.404017],[103.958182,1.403917],[103.958209,1.403884],[103.958231,1.403853],[103.958262,1.403867],[103.958285,1.403921],[103.958512,1.403907],[103.958533,1.403823],[103.958564,1.40381],[103.958611,1.403804],[103.958649,1.403813],[103.958686,1.403845],[103.958711,1.403898],[103.958705,1.404036],[103.958705,1.404111],[103.958723,1.404183],[103.958776,1.404271],[103.95882,1.404337],[103.958866,1.404383],[103.959287,1.4043],[103.959386,1.404255],[103.959517,1.404209],[103.959664,1.404198],[103.959699,1.404212],[103.959785,1.404208],[103.959844,1.404233],[103.959875,1.404277],[103.959922,1.404305],[103.960029,1.404374],[103.960157,1.404403],[103.960179,1.4045],[103.960212,1.404519],[103.960274,1.404503],[103.960317,1.404543],[103.96033,1.404597],[103.960355,1.404615],[103.960345,1.404653],[103.96031,1.404682],[103.960328,1.404717],[103.960417,1.404688],[103.960485,1.4047],[103.96056,1.404756],[103.960717,1.404978],[103.960784,1.405032],[103.960809,1.405092],[103.960819,1.405173],[103.960822,1.405211],[103.960847,1.405248],[103.960837,1.405292],[103.960822,1.405311],[103.960809,1.40548],[103.960791,1.405627],[103.960778,1.405768],[103.960747,1.405812],[103.960754,1.405877],[103.960817,1.40589],[103.960881,1.405834],[103.960906,1.405797],[103.960938,1.405728],[103.960995,1.405622],[103.961006,1.405557],[103.960995,1.405298],[103.961032,1.404742],[103.961036,1.4046],[103.961064,1.404562],[103.961074,1.404503],[103.961058,1.404471],[103.961052,1.404387],[103.96103,1.404315],[103.96098,1.404277],[103.960884,1.404246],[103.960871,1.404261],[103.960868,1.404286],[103.960859,1.404311],[103.960822,1.404311],[103.960753,1.404352],[103.960688,1.404405],[103.960588,1.404456],[103.960476,1.404456],[103.960373,1.404437],[103.960289,1.404409],[103.960246,1.40433],[103.960165,1.404252],[103.960126,1.404136],[103.959981,1.40395],[103.95992,1.403905],[103.95986,1.403904],[103.959816,1.403889],[103.959763,1.403851],[103.959654,1.403832],[103.959595,1.403826],[103.959508,1.403757],[103.959389,1.40371],[103.959318,1.403676],[103.959203,1.403663],[103.959001,1.403545],[103.958857,1.403451],[103.958837,1.403394],[103.958871,1.403311],[103.958982,1.403277],[103.959016,1.403246],[103.959075,1.403232],[103.959214,1.40334],[103.959335,1.403408],[103.959471,1.403525],[103.959545,1.403559],[103.959808,1.403556],[103.960052,1.403576],[103.960114,1.403605],[103.960176,1.403688],[103.960219,1.403804],[103.960259,1.404001],[103.960304,1.404095],[103.960366,1.404163],[103.96044,1.404209],[103.960491,1.404229],[103.960547,1.40423],[103.960619,1.404167],[103.960663,1.404152],[103.960688,1.404161],[103.960709,1.404209],[103.96072,1.404206],[103.960759,1.404172],[103.960728,1.40413],[103.960738,1.404064],[103.960753,1.404011],[103.960775,1.403998],[103.9608,1.403998],[103.960815,1.403973],[103.960822,1.403895],[103.960822,1.403816],[103.960843,1.403751],[103.960893,1.40371],[103.960989,1.403699],[103.961046,1.403736],[103.961092,1.403788],[103.961102,1.403841],[103.961102,1.403879],[103.961127,1.403907],[103.96112,1.403932],[103.961108,1.403951],[103.961111,1.403982],[103.96113,1.404001],[103.96114,1.404116],[103.961165,1.404158],[103.961229,1.404247],[103.961289,1.404261],[103.96132,1.404371],[103.961326,1.404418],[103.961345,1.404459],[103.961323,1.404481],[103.961288,1.404486],[103.961282,1.404656],[103.961267,1.404738],[103.961267,1.404794],[103.961245,1.404822],[103.961203,1.404835],[103.961198,1.404893],[103.961179,1.404968],[103.961211,1.405045],[103.96119,1.405111],[103.961177,1.405173],[103.961143,1.405212],[103.961143,1.405265],[103.96122,1.405302],[103.961233,1.405422],[103.961254,1.405535],[103.961279,1.405604],[103.96135,1.405655],[103.961394,1.405777],[103.961358,1.405888],[103.961303,1.405952],[103.961218,1.405965],[103.961156,1.405918],[103.961162,1.405995],[103.961105,1.406004],[103.961116,1.406047],[103.961222,1.406072],[103.961262,1.406066],[103.961409,1.40616],[103.961447,1.406166],[103.961541,1.406079],[103.961626,1.406072],[103.961628,1.40597],[103.961575,1.405882],[103.961515,1.405779],[103.961409,1.405708],[103.961405,1.405668],[103.961571,1.405572],[103.96163,1.405482],[103.961615,1.40546],[103.961469,1.405462],[103.961347,1.405392],[103.961254,1.40531],[103.961224,1.405233],[103.961245,1.405137],[103.961247,1.404951],[103.961262,1.404912],[103.961313,1.404867],[103.961354,1.404659],[103.961405,1.404525],[103.961425,1.4044],[103.961411,1.404306],[103.961303,1.404166],[103.961264,1.404029],[103.961251,1.403801],[103.96127,1.403773],[103.961295,1.403757],[103.961295,1.403733],[103.961261,1.403735],[103.961233,1.403704],[103.961158,1.403638],[103.961048,1.40358],[103.96091,1.403588],[103.960734,1.403702],[103.960664,1.403762],[103.960624,1.40389],[103.960593,1.404049],[103.96053,1.404106],[103.960395,1.404047],[103.960366,1.403863],[103.960323,1.403769],[103.960308,1.403735],[103.960261,1.403701],[103.96023,1.403622],[103.960208,1.403591],[103.960158,1.403569],[103.960137,1.403547],[103.960099,1.4035],[103.960021,1.403478],[103.959965,1.403484],[103.959879,1.403445],[103.95976,1.4034],[103.959491,1.40326],[103.959528,1.403175],[103.95952,1.403112],[103.95948,1.403026],[103.959327,1.403009],[103.959276,1.403032],[103.959236,1.403021],[103.959214,1.402984],[103.959162,1.402963],[103.959118,1.402963],[103.959083,1.402982],[103.959031,1.403041],[103.958914,1.403052],[103.958861,1.403065],[103.95881,1.403111],[103.958726,1.403172],[103.95863,1.403233],[103.958543,1.403283],[103.95848,1.403306],[103.95845,1.403299],[103.95841,1.403278],[103.958373,1.403283],[103.958338,1.403276],[103.95831,1.40324],[103.958345,1.403193],[103.958329,1.403165],[103.958312,1.403123],[103.958315,1.403067],[103.958336,1.403022],[103.958428,1.402954],[103.958444,1.402921],[103.958531,1.402847],[103.958645,1.402756],[103.958724,1.40273],[103.958783,1.402761],[103.95882,1.40281],[103.958851,1.402858],[103.958877,1.402875],[103.958919,1.402875],[103.959049,1.402776],[103.95895,1.402659],[103.958894,1.402707],[103.958831,1.402713],[103.958783,1.40269],[103.958763,1.402653],[103.95878,1.402593],[103.95888,1.402505],[103.958899,1.402445],[103.95888,1.402342],[103.958775,1.4022],[103.958712,1.402137],[103.958639,1.402117],[103.958633,1.402069],[103.958681,1.402032],[103.958721,1.402001],[103.958738,1.401944],[103.95865,1.401929],[103.958656,1.401969],[103.958574,1.402055],[103.958514,1.402058],[103.958407,1.401961],[103.958373,1.402001],[103.958412,1.402092],[103.958027,1.402345],[103.95788,1.402434],[103.95775,1.402465],[103.957668,1.402482],[103.957617,1.402454],[103.957586,1.402402],[103.957583,1.402345],[103.957611,1.402197],[103.957707,1.402038],[103.957852,1.401898],[103.957976,1.401701],[103.957996,1.401622],[103.95792,1.401379],[103.9579,1.401225],[103.957857,1.401161],[103.957837,1.401109],[103.957823,1.401032],[103.957795,1.400997],[103.957761,1.400881],[103.957752,1.400761],[103.957795,1.400607],[103.957801,1.400453],[103.957804,1.400351],[103.95782,1.400316],[103.9579,1.400243],[103.957976,1.400207],[103.95798,1.400159],[103.958007,1.400131],[103.957987,1.400067],[103.957995,1.400011],[103.958023,1.399971],[103.958079,1.399943],[103.958091,1.399904],[103.958106,1.399844],[103.958106,1.399788],[103.958118,1.399744],[103.958166,1.399728],[103.958202,1.39974],[103.958221,1.3997],[103.958202,1.399616],[103.958186,1.399584],[103.95816,1.399524],[103.958163,1.399421],[103.958203,1.399362],[103.958307,1.399353],[103.95835,1.399379],[103.958398,1.399447],[103.958449,1.399501],[103.958424,1.39959],[103.958432,1.399612],[103.958477,1.399601],[103.958565,1.399726],[103.95867,1.399812],[103.958769,1.399852],[103.958896,1.399877],[103.959117,1.399832],[103.959349,1.399761],[103.959539,1.399598],[103.959664,1.399587],[103.959718,1.399561],[103.959757,1.399584],[103.959825,1.399766],[103.960196,1.39976],[103.960451,1.399778],[103.96053,1.399832],[103.960542,1.399883],[103.961085,1.399954],[103.961518,1.399994],[103.961901,1.400031],[103.962051,1.400048],[103.96226,1.400091],[103.962351,1.400119],[103.962348,1.400222],[103.962385,1.400262],[103.96241,1.400262],[103.962439,1.400226],[103.962599,1.400243],[103.962674,1.400231],[103.962754,1.400258],[103.962841,1.40031],[103.962948,1.400338],[103.96324,1.400426],[103.963724,1.400615],[103.963951,1.400718],[103.964478,1.400934],[103.964676,1.401011],[103.964795,1.401037],[103.964933,1.401034],[103.965074,1.40104],[103.965089,1.400875],[103.965259,1.400889],[103.96532,1.400942],[103.965351,1.400954],[103.965451,1.400984],[103.965642,1.400987],[103.965697,1.400965],[103.965794,1.400877],[103.96591,1.400829],[103.966066,1.400852],[103.966298,1.40092],[103.966678,1.40096],[103.967029,1.400909],[103.967374,1.400866],[103.96751,1.400974],[103.967706,1.40108],[103.96787,1.401125],[103.968071,1.401097],[103.968178,1.401154],[103.968343,1.401193],[103.968467,1.401356],[103.968695,1.40164],[103.968745,1.401648],[103.968786,1.401667],[103.968834,1.401722],[103.96886,1.401757],[103.968857,1.40179],[103.968841,1.401844],[103.968866,1.401968],[103.968908,1.401948],[103.968959,1.40197],[103.968995,1.402012],[103.969017,1.402064],[103.969004,1.402103],[103.968979,1.402125],[103.968969,1.402148],[103.968959,1.402189],[103.969036,1.402276],[103.969133,1.402333],[103.969308,1.402405],[103.969478,1.402439],[103.969691,1.402464],[103.969917,1.402467],[103.970033,1.402462],[103.970197,1.402439],[103.970291,1.402416],[103.970404,1.402336],[103.970478,1.402268],[103.970472,1.402182],[103.970577,1.402034],[103.970673,1.401983],[103.970809,1.401994],[103.970967,1.402097],[103.9711,1.402202],[103.971369,1.402358],[103.971584,1.402431],[103.971726,1.402434],[103.971846,1.402456],[103.971947,1.40245],[103.972042,1.402574],[103.972191,1.402749],[103.972324,1.402867],[103.972532,1.403026],[103.972713,1.403188],[103.972924,1.40329],[103.973091,1.403282],[103.973137,1.403219],[103.973156,1.40312],[103.973225,1.403067],[103.97332,1.403124],[103.97346,1.403236],[103.973541,1.403254],[103.97355,1.403436],[103.973632,1.403557],[103.973768,1.403641],[103.973849,1.403769],[103.973906,1.403815],[103.974006,1.40397],[103.97412,1.404045],[103.974224,1.404248],[103.974235,1.404322],[103.974329,1.404408],[103.974336,1.404532],[103.974339,1.404583],[103.974267,1.404689],[103.974244,1.404827],[103.9742,1.404942],[103.974111,1.405039],[103.974107,1.405171],[103.974137,1.40529],[103.974137,1.405374],[103.974045,1.405491],[103.973965,1.405503],[103.973912,1.40553],[103.973842,1.405588],[103.973743,1.405653],[103.973666,1.405684],[103.973562,1.405642],[103.973479,1.405568],[103.973341,1.405522],[103.973162,1.405357],[103.97299,1.405251],[103.972905,1.40518],[103.97285,1.405204],[103.97285,1.405246],[103.972894,1.405269],[103.972921,1.405317],[103.97293,1.405406],[103.973003,1.40548],[103.973115,1.405583],[103.973203,1.405666],[103.973262,1.405719],[103.973346,1.405733],[103.973567,1.405727],[103.973632,1.40575],[103.973644,1.405787],[103.973601,1.405835],[103.973372,1.405881],[103.973318,1.405918],[103.973293,1.405967],[103.973264,1.406069],[103.97325,1.406132],[103.973205,1.406215],[103.973094,1.406317],[103.973015,1.40634],[103.972953,1.406341],[103.972915,1.406321],[103.972827,1.406321],[103.972803,1.406386],[103.972774,1.406424],[103.972706,1.406477],[103.972647,1.406537],[103.972533,1.406569],[103.972469,1.406631],[103.972704,1.406557],[103.97289,1.406559],[103.972902,1.406599],[103.972897,1.406646],[103.972847,1.406714],[103.973015,1.406774],[103.973089,1.406653],[103.973185,1.40642],[103.973366,1.406126],[103.973366,1.406083],[103.973358,1.406052],[103.973386,1.406001],[103.973426,1.405967],[103.973477,1.405952],[103.973692,1.406001],[103.973924,1.405961],[103.974037,1.405895],[103.974114,1.405872],[103.974269,1.405892],[103.974405,1.405969],[103.974564,1.406015],[103.974782,1.406066],[103.974989,1.406137],[103.975306,1.406351],[103.975456,1.406388],[103.975719,1.40649],[103.976028,1.406661],[103.976206,1.406803],[103.976339,1.406929],[103.976368,1.406994],[103.976356,1.407071],[103.976348,1.407139],[103.976376,1.407171],[103.976402,1.407165],[103.976441,1.407088],[103.976461,1.407023],[103.976523,1.407005],[103.976606,1.407014],[103.976597,1.407062],[103.976674,1.40708],[103.976781,1.407051],[103.976826,1.407017],[103.976838,1.406957],[103.976863,1.406931],[103.976909,1.406926],[103.976974,1.406971],[103.977033,1.407114],[103.977098,1.407125],[103.977268,1.407239],[103.977498,1.407384],[103.977546,1.407461],[103.97762,1.407498],[103.97766,1.407441],[103.977841,1.407595],[103.978469,1.407888],[103.978509,1.407965],[103.978585,1.40802],[103.978685,1.40802],[103.978764,1.407991],[103.979058,1.407837],[103.979214,1.407829],[103.979378,1.407871],[103.979509,1.407925],[103.979596,1.407988],[103.979636,1.408042],[103.979693,1.407944],[103.979769,1.407862],[103.979837,1.407837],[103.979953,1.407749],[103.980171,1.407658],[103.980485,1.407595],[103.98057,1.407578],[103.980636,1.407504],[103.980672,1.407441],[103.980752,1.407398],[103.980803,1.40739],[103.980944,1.407278],[103.980916,1.407187],[103.980947,1.407107],[103.980995,1.40707],[103.981106,1.407045],[103.981168,1.407068],[103.981247,1.407031],[103.981627,1.407107],[103.981697,1.407164],[103.981907,1.407287],[103.982182,1.407403],[103.982416,1.407502],[103.982544,1.407571],[103.982587,1.407601],[103.982638,1.407605],[103.982702,1.407596],[103.982906,1.407592],[103.982997,1.40758],[103.983127,1.407595],[103.983192,1.407578],[103.983224,1.407523],[103.983212,1.407355],[103.983255,1.407287],[103.983575,1.407159],[103.983602,1.407127],[103.983759,1.407008],[103.983776,1.406948],[103.983806,1.406884],[103.983891,1.406815],[103.983993,1.406777],[103.984091,1.406781],[103.984202,1.406811],[103.984232,1.40685],[103.98427,1.406888],[103.984326,1.406923],[103.984392,1.406929],[103.984475,1.406999],[103.984668,1.40713],[103.984718,1.407119],[103.98479,1.40715],[103.984846,1.40721],[103.98497,1.407236],[103.985149,1.407313],[103.985231,1.407321],[103.985554,1.407429],[103.985786,1.407455],[103.986177,1.407532],[103.986342,1.407575],[103.986444,1.407583],[103.986615,1.407596],[103.986802,1.407592],[103.986896,1.407545],[103.986973,1.40748],[103.987058,1.407454],[103.987139,1.407472],[103.987173,1.407506],[103.987305,1.407532],[103.987361,1.407566],[103.987403,1.407605],[103.987681,1.407544],[103.987855,1.40748],[103.987992,1.40748],[103.988089,1.407493],[103.988145,1.407489],[103.988196,1.407459],[103.988239,1.407424],[103.988243,1.40736],[103.988252,1.407313],[103.988252,1.407272],[103.988408,1.407249],[103.98851,1.407261],[103.98857,1.407312],[103.988592,1.407369],[103.988437,1.407606],[103.988451,1.407717],[103.988587,1.407856],[103.98868,1.407951],[103.988714,1.40803],[103.988802,1.40809],[103.988864,1.408136],[103.988926,1.408164],[103.989014,1.408153],[103.989091,1.408082],[103.989314,1.407948],[103.98943,1.408016],[103.98962,1.408101],[103.989756,1.408141],[103.989885,1.408155],[103.990036,1.408132],[103.990125,1.408108],[103.990172,1.408075],[103.990181,1.408027],[103.990161,1.407973],[103.990182,1.407916],[103.99022,1.407869],[103.990253,1.40786],[103.990291,1.407878],[103.990324,1.407881],[103.990348,1.407878],[103.990372,1.407854],[103.990407,1.407842],[103.990431,1.407842],[103.990454,1.407803],[103.990509,1.407779],[103.99058,1.407788],[103.990627,1.407824],[103.990636,1.407868],[103.99073,1.407948],[103.990812,1.408007],[103.990971,1.408047],[103.991199,1.408054],[103.991264,1.40803],[103.991311,1.407988],[103.991329,1.407964],[103.991353,1.407967],[103.991383,1.40797],[103.991413,1.407961],[103.99143,1.407937],[103.99146,1.407922],[103.99152,1.407916],[103.991579,1.407889],[103.991615,1.407855],[103.991642,1.407815],[103.991642,1.407764],[103.991639,1.407742],[103.991659,1.407698],[103.991671,1.407659],[103.991705,1.407629],[103.991755,1.407634],[103.991922,1.407788],[103.992084,1.407876],[103.992231,1.407842],[103.992372,1.40797],[103.992406,1.408033],[103.992418,1.408147],[103.992421,1.408225],[103.992442,1.408254],[103.992468,1.40829],[103.992483,1.408323],[103.992471,1.408368],[103.992439,1.408401],[103.992388,1.408437],[103.99235,1.408446],[103.99222,1.40846],[103.992156,1.408512],[103.992103,1.408608],[103.992091,1.408653],[103.992085,1.408692],[103.992135,1.408686],[103.992186,1.408737],[103.992239,1.408748],[103.992259,1.408791],[103.992211,1.408848],[103.992155,1.408839],[103.992092,1.408814],[103.992036,1.408777],[103.991894,1.408911],[103.991724,1.409033],[103.991701,1.409187],[103.991566,1.409281],[103.991439,1.409287],[103.99135,1.409287],[103.991303,1.409317],[103.991237,1.409344],[103.991166,1.409344],[103.99108,1.409323],[103.990812,1.409353],[103.990657,1.409362],[103.990657,1.409464],[103.990702,1.409503],[103.990705,1.409533],[103.990619,1.40959],[103.990565,1.409622],[103.990529,1.409712],[103.990521,1.409799],[103.9905,1.40991],[103.990503,1.409976],[103.990521,1.410035],[103.990565,1.410086],[103.990613,1.410062],[103.990648,1.410032],[103.990702,1.410006],[103.990767,1.41],[103.990839,1.409988],[103.990958,1.409967],[103.991035,1.409979],[103.991064,1.410002],[103.990954,1.410119],[103.990844,1.410179],[103.990797,1.410227],[103.990776,1.410305],[103.990785,1.410425],[103.990833,1.410451],[103.990884,1.410467],[103.990913,1.410499],[103.990913,1.410559],[103.990892,1.410601],[103.990863,1.410619],[103.990827,1.410618],[103.990784,1.410655],[103.990771,1.410732],[103.99072,1.410802],[103.990675,1.410915],[103.990672,1.410999],[103.990711,1.411038],[103.99075,1.41104],[103.990779,1.411041],[103.990812,1.411077],[103.990822,1.411135],[103.990806,1.411232],[103.990806,1.411361],[103.990854,1.411539],[103.990869,1.411704],[103.99094,1.41186],[103.991024,1.412127],[103.991035,1.412322],[103.991047,1.412466],[103.991071,1.412544],[103.991086,1.412618],[103.991092,1.412696],[103.991095,1.412762],[103.991089,1.412804],[103.991136,1.412804],[103.991191,1.412807],[103.991294,1.412861],[103.991362,1.412966],[103.991379,1.413126],[103.991362,1.413265],[103.991339,1.413422],[103.991334,1.413676],[103.991318,1.41378],[103.991342,1.413858],[103.991404,1.413914],[103.991481,1.413968],[103.991569,1.41399],[103.991623,1.41404],[103.991728,1.414199],[103.99177,1.414303],[103.991785,1.414402],[103.991782,1.414462],[103.991788,1.414507],[103.99182,1.41454],[103.991856,1.414576],[103.991957,1.41489],[103.991978,1.414998],[103.991969,1.415052],[103.991936,1.415136],[103.991904,1.415222],[103.991859,1.415279],[103.991782,1.415387],[103.991666,1.415489],[103.991608,1.41552],[103.991526,1.415659],[103.991532,1.415796],[103.991507,1.415921],[103.991407,1.416101],[103.991379,1.416719],[103.991294,1.41681],[103.991209,1.416847],[103.991039,1.416953],[103.990884,1.417101],[103.990065,1.417834],[103.989802,1.41811],[103.989728,1.41815],[103.989315,1.418281],[103.988783,1.418406],[103.988611,1.418488],[103.988379,1.418555],[103.988035,1.418549],[103.987945,1.418541],[103.98783,1.41847],[103.98769,1.418431],[103.987577,1.418401],[103.987443,1.418365],[103.987354,1.418317],[103.987294,1.418249],[103.987277,1.418213],[103.987157,1.418191],[103.987046,1.418159],[103.986897,1.418129],[103.98672,1.418147],[103.986546,1.418234],[103.986426,1.418374],[103.986315,1.418446],[103.98618,1.418558],[103.985943,1.418754],[103.98599,1.41899],[103.985962,1.419056],[103.98571,1.419136],[103.985623,1.418979],[103.985561,1.418898],[103.985528,1.418799],[103.985465,1.418775],[103.985394,1.418769],[103.985391,1.418746],[103.98541,1.418712],[103.985394,1.41868],[103.985344,1.418605],[103.985281,1.418542],[103.985145,1.418483],[103.98503,1.418458],[103.984888,1.418339],[103.984683,1.418297],[103.98461,1.418322],[103.98454,1.418325],[103.984474,1.418343],[103.98437,1.418339],[103.984227,1.418276],[103.984081,1.418154],[103.984008,1.418094],[103.9839,1.418014],[103.983814,1.417982],[103.983688,1.417933],[103.983542,1.417895],[103.983431,1.4178],[103.983278,1.417751],[103.983205,1.417744],[103.983125,1.417748],[103.983028,1.417755],[103.982941,1.417759],[103.982854,1.417741],[103.982732,1.417741],[103.982458,1.417734],[103.982228,1.417752],[103.982075,1.41778],[103.981895,1.417829],[103.98178,1.417871],[103.98171,1.417951],[103.981655,1.417979],[103.98162,1.41801],[103.981509,1.417948],[103.981397,1.417909],[103.981331,1.417853],[103.981249,1.41786],[103.981148,1.417854],[103.981092,1.417818],[103.980949,1.417748],[103.980806,1.417657],[103.980647,1.417657],[103.980483,1.417643],[103.98041,1.417615],[103.980257,1.41757],[103.980167,1.417528],[103.980017,1.417459],[103.979861,1.417339],[103.979784,1.417276],[103.97968,1.417195],[103.979618,1.417174],[103.979541,1.417178],[103.979434,1.417178],[103.979294,1.417185],[103.979148,1.417202],[103.979068,1.417213],[103.978932,1.417252],[103.978835,1.417283],[103.978728,1.417332],[103.978634,1.417363],[103.978443,1.417419],[103.978067,1.417524],[103.977925,1.417664],[103.977695,1.417748],[103.9774,1.417766],[103.977165,1.417914],[103.977037,1.417998],[103.976865,1.418082],[103.976689,1.418136],[103.97655,1.418183],[103.97641,1.41818],[103.976309,1.418192],[103.976287,1.418222],[103.97627,1.418288],[103.975627,1.418527],[103.975522,1.418527],[103.97548,1.418498],[103.975381,1.418347],[103.975146,1.418018],[103.975066,1.417824],[103.975018,1.417597],[103.974973,1.41741],[103.974967,1.417259],[103.974862,1.416923],[103.974792,1.416874],[103.97463,1.416877],[103.974595,1.416904],[103.974506,1.416903],[103.974465,1.416923],[103.974429,1.416968],[103.974417,1.417025],[103.974406,1.417125],[103.974411,1.417226],[103.974388,1.417316],[103.974337,1.417402],[103.974286,1.417447],[103.974218,1.417474],[103.974135,1.417474],[103.974049,1.417438],[103.973977,1.417378],[103.973888,1.417235],[103.97379,1.417052],[103.973707,1.416941],[103.973686,1.416858],[103.973653,1.416741],[103.97365,1.416657],[103.973684,1.416513],[103.973747,1.416379],[103.973914,1.416274],[103.974087,1.416211],[103.974271,1.416151],[103.974418,1.416137],[103.974882,1.416103],[103.975018,1.416066],[103.975044,1.416034],[103.975039,1.415879],[103.975006,1.415843],[103.975,1.415798],[103.974997,1.415723],[103.974985,1.415666],[103.974955,1.415642],[103.974929,1.415624],[103.974896,1.415577],[103.974851,1.41555],[103.974822,1.41552],[103.974801,1.415463],[103.974759,1.415415],[103.974738,1.415355],[103.974715,1.415316],[103.974688,1.415295],[103.974637,1.415286],[103.974576,1.415256],[103.974543,1.415193],[103.974489,1.415199],[103.974376,1.415199],[103.974274,1.415173],[103.974191,1.415097],[103.973965,1.414931],[103.973832,1.414926],[103.973706,1.415004],[103.973674,1.415065],[103.973659,1.41511],[103.973653,1.415155],[103.973671,1.415203],[103.973692,1.415244],[103.9737,1.41528],[103.973692,1.41531],[103.973692,1.415331],[103.973712,1.415361],[103.973736,1.415394],[103.973793,1.415469],[103.973816,1.415523],[103.973816,1.415592],[103.973811,1.41566],[103.973757,1.415747],[103.9737,1.415816],[103.973638,1.415873],[103.973608,1.415885],[103.973558,1.415906],[103.973498,1.415912],[103.97345,1.415906],[103.97339,1.415946],[103.973299,1.415975],[103.972979,1.416137],[103.972818,1.416237],[103.972597,1.416348],[103.972422,1.416402],[103.972291,1.416413],[103.972209,1.416382],[103.972096,1.416314],[103.972011,1.416234],[103.971838,1.415943],[103.971821,1.415841],[103.971787,1.415687],[103.971793,1.415607],[103.971852,1.415479],[103.971997,1.415427],[103.972116,1.415425],[103.972334,1.415479],[103.972473,1.415521],[103.972637,1.415533],[103.972804,1.41551],[103.972957,1.415473],[103.973027,1.415393],[103.973107,1.415251],[103.973161,1.415122],[103.973277,1.414644],[103.97339,1.414359],[103.973427,1.414205],[103.9735,1.413991],[103.973523,1.41386],[103.973517,1.413763],[103.973469,1.413692],[103.973415,1.413663],[103.973308,1.413618],[103.973257,1.413672],[103.973214,1.413851],[103.973206,1.413928],[103.97322,1.414052],[103.97324,1.414211],[103.973152,1.414444],[103.973129,1.41459],[103.97309,1.414681],[103.973033,1.414769],[103.97292,1.414792],[103.9729,1.414855],[103.972946,1.414975],[103.972948,1.415171],[103.972926,1.415259],[103.972886,1.415322],[103.97271,1.415413],[103.972555,1.415422],[103.972334,1.415399],[103.972246,1.415342],[103.97215,1.415308],[103.972042,1.415305],[103.971864,1.41537],[103.971714,1.415459],[103.971666,1.415533],[103.971666,1.415721],[103.971683,1.415789],[103.971694,1.415912],[103.971728,1.415977],[103.971821,1.416124],[103.971861,1.416223],[103.971906,1.416305],[103.972008,1.416394],[103.972121,1.416488],[103.972277,1.416559],[103.972413,1.416542],[103.972538,1.416527],[103.972742,1.416462],[103.972994,1.416339],[103.973161,1.416237],[103.973432,1.416111],[103.973512,1.41612],[103.97356,1.416165],[103.973594,1.416251],[103.973588,1.416319],[103.97354,1.416519],[103.973543,1.416829],[103.973506,1.416872],[103.973483,1.416926],[103.973498,1.416969],[103.973563,1.416978],[103.973676,1.417083],[103.973747,1.417189],[103.973886,1.417465],[103.974047,1.417622],[103.974118,1.417644],[103.974336,1.417596],[103.974452,1.417533],[103.974514,1.417476],[103.974574,1.417317],[103.974588,1.41724],[103.974625,1.417143],[103.974704,1.417131],[103.974738,1.417186],[103.974763,1.417565],[103.97479,1.417735],[103.974768,1.417782],[103.974768,1.417839],[103.97478,1.417887],[103.974777,1.417926],[103.974753,1.417986],[103.974727,1.418037],[103.974685,1.418079],[103.974646,1.418085],[103.974617,1.418073],[103.974596,1.418049],[103.974602,1.418013],[103.974628,1.417977],[103.974646,1.417938],[103.974658,1.417881],[103.974655,1.417824],[103.97464,1.41777],[103.974611,1.417723],[103.974581,1.417699],[103.974542,1.417675],[103.974489,1.417672],[103.974432,1.417699],[103.974379,1.417771],[103.974307,1.417824],[103.974227,1.417872],[103.974144,1.417899],[103.974096,1.41792],[103.974055,1.417935],[103.97398,1.417935],[103.97395,1.417917],[103.973915,1.417884],[103.973918,1.417848],[103.973906,1.417797],[103.973879,1.417771],[103.973811,1.417726],[103.97373,1.41763],[103.973644,1.417543],[103.973597,1.417462],[103.973534,1.417358],[103.973483,1.417259],[103.973469,1.417184],[103.973448,1.417148],[103.973412,1.417142],[103.973391,1.417169],[103.973365,1.41719],[103.973329,1.417196],[103.973293,1.41719],[103.973237,1.417196],[103.973207,1.417223],[103.973213,1.41725],[103.973272,1.417262],[103.973284,1.417301],[103.97329,1.417328],[103.973311,1.417361],[103.973311,1.417387],[103.973311,1.417423],[103.973329,1.417453],[103.973359,1.417465],[103.973385,1.41748],[103.973391,1.417516],[103.973379,1.417555],[103.973368,1.417606],[103.973376,1.417636],[103.973418,1.417654],[103.973433,1.417687],[103.973451,1.417723],[103.973454,1.417777],[103.973466,1.41783],[103.973472,1.417893],[103.973492,1.417932],[103.973516,1.417947],[103.973537,1.417947],[103.973561,1.417929],[103.973555,1.417887],[103.973531,1.417833],[103.973534,1.417797],[103.973564,1.417789],[103.973626,1.417792],[103.973695,1.417803],[103.973757,1.41783],[103.973811,1.417866],[103.973903,1.417926],[103.97401,1.418025],[103.974078,1.418007],[103.974147,1.41798],[103.974197,1.417962],[103.974239,1.417956],[103.974275,1.417974],[103.974295,1.418025],[103.97431,1.418061],[103.974292,1.418088],[103.974272,1.418127],[103.974242,1.418161],[103.974146,1.418163],[103.973942,1.418209],[103.97389,1.41823],[103.973879,1.418372],[103.973781,1.41839],[103.973727,1.418423],[103.973669,1.418489],[103.973653,1.418542],[103.973668,1.41867],[103.973708,1.41878],[103.973716,1.418881],[103.973618,1.418932],[103.973471,1.418924],[103.97338,1.418935],[103.973296,1.418953],[103.973198,1.418981],[103.973153,1.41901],[103.973055,1.41917],[103.972966,1.419241],[103.972846,1.419276],[103.972745,1.419249],[103.97259,1.419178],[103.972455,1.419186],[103.972294,1.41921],[103.972213,1.419229],[103.97211,1.419252],[103.972045,1.419273],[103.97203,1.419319],[103.971984,1.419323],[103.971963,1.419289],[103.971812,1.419306],[103.971729,1.419318],[103.971668,1.419329],[103.971638,1.419346],[103.971592,1.419409],[103.971514,1.419397],[103.971231,1.419429],[103.971106,1.419471],[103.970939,1.419546],[103.970625,1.419616],[103.9704,1.419659],[103.970326,1.419651],[103.970252,1.419597],[103.970159,1.419573],[103.970052,1.41954],[103.969971,1.419525],[103.969897,1.419507],[103.969835,1.419507],[103.969739,1.419516],[103.969677,1.419519],[103.969603,1.419507],[103.969534,1.419462],[103.969463,1.419405],[103.969409,1.419363],[103.969356,1.419342],[103.969136,1.419291],[103.968892,1.419231],[103.968731,1.419216],[103.968568,1.419208],[103.968511,1.419202],[103.968461,1.419217],[103.968389,1.419296],[103.968319,1.419351],[103.968225,1.41937],[103.968055,1.419347],[103.967934,1.419259],[103.967833,1.419128],[103.967756,1.419097],[103.967294,1.419069],[103.966657,1.419104],[103.96623,1.419073],[103.965838,1.419019],[103.96566,1.418987],[103.963887,1.41847],[103.962583,1.417965],[103.961925,1.417672],[103.961466,1.417546],[103.960657,1.417454],[103.960437,1.417439],[103.960264,1.417421],[103.960184,1.417382],[103.960104,1.417361],[103.960015,1.417328],[103.959911,1.417295],[103.959836,1.417292],[103.959777,1.417298],[103.959741,1.417319],[103.959702,1.41734],[103.959636,1.417323],[103.959498,1.416961],[103.959399,1.416481],[103.959379,1.416102],[103.9595,1.41577],[103.95971,1.415491],[103.959976,1.415275],[103.96015,1.415134],[103.960292,1.415123],[103.960649,1.415243],[103.960967,1.415442],[103.961245,1.415702],[103.961582,1.416062],[103.96188,1.416481],[103.962098,1.416781],[103.962236,1.416898],[103.962629,1.417135],[103.962659,1.417204],[103.962613,1.4173],[103.962541,1.41735],[103.962381,1.417346],[103.962271,1.41725],[103.962202,1.417112],[103.961928,1.416978],[103.961665,1.41674],[103.961371,1.416391],[103.960876,1.415705],[103.960693,1.415548],[103.960377,1.415452],[103.960217,1.415498],[103.960102,1.415586],[103.959935,1.41577],[103.959737,1.41602],[103.959649,1.416177],[103.95963,1.416257],[103.959668,1.416284],[103.959718,1.416299],[103.959786,1.41628],[103.95984,1.416211],[103.95995,1.415981],[103.960076,1.415797],[103.960201,1.415671],[103.960346,1.415617],[103.960586,1.415678],[103.960743,1.415801],[103.96083,1.415947],[103.96064,1.416019],[103.960575,1.416085],[103.960487,1.416092],[103.96043,1.416069],[103.960426,1.416027],[103.960438,1.415973],[103.960335,1.415931],[103.960251,1.415981],[103.960255,1.416085],[103.960251,1.416184],[103.960335,1.416142],[103.960457,1.416138],[103.960518,1.416173],[103.960548,1.416307],[103.960495,1.416426],[103.960369,1.41653],[103.960262,1.416572],[103.960156,1.416583],[103.960247,1.416633],[103.960263,1.416675],[103.960209,1.416687],[103.960045,1.416622],[103.960011,1.416756],[103.960011,1.416813],[103.960125,1.416844],[103.960122,1.416917],[103.960084,1.417004],[103.960074,1.417067],[103.960102,1.417087],[103.960181,1.417067],[103.960241,1.417036],[103.96032,1.417036],[103.960371,1.417059],[103.960407,1.417091],[103.960444,1.417143],[103.960647,1.417105],[103.961204,1.417132],[103.96197,1.417296],[103.961985,1.417381],[103.962236,1.417442],[103.962495,1.417411],[103.962648,1.417469],[103.96293,1.417488],[103.963254,1.41748],[103.963612,1.417741],[103.963677,1.417871],[103.963753,1.417929],[103.963974,1.418002],[103.964069,1.417871],[103.964122,1.417822],[103.964221,1.417607],[103.964275,1.41763],[103.964538,1.417361],[103.964564,1.417273],[103.964557,1.417204],[103.964496,1.4172],[103.96448,1.417281],[103.964419,1.417369],[103.964244,1.417526],[103.96421,1.417565],[103.964122,1.417584],[103.964065,1.417664],[103.964065,1.41781],[103.964046,1.41786],[103.963992,1.417879],[103.96392,1.417894],[103.963798,1.417875],[103.96373,1.417764],[103.963635,1.417641],[103.963452,1.417496],[103.963151,1.417381],[103.963132,1.417066],[103.963238,1.416943],[103.963314,1.416809],[103.963913,1.416832],[103.964019,1.416928],[103.964461,1.416943],[103.964579,1.417058],[103.964717,1.417081],[103.964743,1.417154],[103.964804,1.417143],[103.964846,1.417055],[103.96498,1.417001],[103.965223,1.416844],[103.965311,1.41641],[103.965345,1.41613],[103.965292,1.415943],[103.965265,1.415916],[103.965155,1.415958],[103.96493,1.416157],[103.964717,1.416253],[103.964576,1.416288],[103.964522,1.416349],[103.96445,1.416506],[103.964301,1.416752],[103.964221,1.416779],[103.964077,1.416756],[103.963768,1.416687],[103.963383,1.416629],[103.963193,1.416706],[103.963033,1.416897],[103.962972,1.416974],[103.962869,1.417005],[103.962773,1.417105],[103.962716,1.417112],[103.962701,1.41707],[103.962697,1.417024],[103.962799,1.416842],[103.963229,1.416321],[103.963428,1.416102],[103.963587,1.415922],[103.963646,1.415682],[103.963587,1.415382],[103.963468,1.415123],[103.963269,1.414843],[103.963011,1.414384],[103.963246,1.414332],[103.963405,1.414387],[103.963487,1.414543],[103.963646,1.414843],[103.963825,1.415003],[103.964004,1.415123],[103.964123,1.415422],[103.964301,1.415562],[103.96446,1.415622],[103.964718,1.415542],[103.965075,1.415402],[103.965274,1.415282],[103.965234,1.415163],[103.965115,1.415083],[103.964897,1.415103],[103.964579,1.415282],[103.96444,1.415402],[103.964301,1.415382],[103.964202,1.415223],[103.964162,1.415043],[103.964202,1.414943],[103.96442,1.414883],[103.964738,1.414863],[103.964936,1.414823],[103.965036,1.414723],[103.965036,1.414583],[103.964936,1.414503],[103.964758,1.414563],[103.964559,1.414643],[103.964301,1.414663],[103.964123,1.414723],[103.963944,1.414743],[103.963785,1.414703],[103.963626,1.414424],[103.963631,1.41442],[103.963639,1.414319],[103.963744,1.414243],[103.963879,1.41422],[103.963962,1.414228],[103.964024,1.414191],[103.963865,1.413924],[103.963925,1.413622],[103.963943,1.413446],[103.963944,1.413445],[103.963805,1.413345],[103.963527,1.413305],[103.96319,1.413365],[103.962872,1.413485],[103.962702,1.413556],[103.962457,1.413766],[103.962291,1.41388],[103.962126,1.413986],[103.962005,1.414054],[103.961885,1.414183],[103.961825,1.414342],[103.961841,1.414494],[103.961899,1.414543],[103.962058,1.414543],[103.962257,1.414523],[103.962674,1.414484],[103.962945,1.414478],[103.963025,1.414577],[103.96309,1.414723],[103.963086,1.414823],[103.96285,1.414823],[103.962043,1.41494],[103.961817,1.415008],[103.961602,1.415003],[103.961364,1.414903],[103.961244,1.414803],[103.961145,1.414623],[103.961125,1.414364],[103.961205,1.414064],[103.961363,1.413884],[103.961502,1.413685],[103.9618,1.413485],[103.962197,1.413285],[103.962634,1.413145],[103.963031,1.413005],[103.963487,1.412925],[103.963944,1.412905],[103.96416,1.412898],[103.964419,1.413055],[103.964675,1.413185],[103.964743,1.413258],[103.96485,1.413304],[103.964983,1.413312],[103.965033,1.413354],[103.965086,1.413343],[103.965094,1.413293],[103.9652,1.413293],[103.965193,1.413362],[103.965223,1.413381],[103.965284,1.413266],[103.96533,1.413258],[103.965421,1.413086],[103.965505,1.412879],[103.965673,1.41271],[103.965627,1.412633],[103.965635,1.412576],[103.965684,1.412533],[103.965932,1.412461],[103.966107,1.412296],[103.966225,1.412119],[103.966214,1.412039],[103.966107,1.411901],[103.965917,1.411893],[103.965711,1.411989],[103.965212,1.412277],[103.965048,1.412292],[103.964937,1.41225],[103.964259,1.411816],[103.963985,1.411724],[103.963543,1.411736],[103.963375,1.411824],[103.963291,1.411836],[103.963112,1.411793],[103.961752,1.412185],[103.961337,1.411598],[103.960948,1.411157],[103.9607,1.411023],[103.96062,1.410935],[103.96059,1.410835],[103.960719,1.410655],[103.960906,1.410513],[103.961097,1.410425],[103.961215,1.410421],[103.961478,1.410647],[103.961581,1.410758],[103.961657,1.410896],[103.961733,1.410919],[103.961653,1.410724],[103.961645,1.41062],[103.961805,1.410543],[103.961878,1.410432],[103.961802,1.410426],[103.961744,1.410482],[103.96171,1.410497],[103.96155,1.410451],[103.961386,1.410352],[103.961268,1.410237],[103.961074,1.410229],[103.960666,1.410517],[103.960498,1.41057],[103.960369,1.410724],[103.960357,1.410812],[103.960411,1.410954],[103.960563,1.411123],[103.960693,1.411215],[103.960895,1.41131],[103.961238,1.411698],[103.96144,1.411974],[103.961752,1.412296],[103.963101,1.411909],[103.963249,1.411939],[103.963684,1.411816],[103.964031,1.411824],[103.964248,1.411893],[103.964854,1.412307],[103.964995,1.41238],[103.9652,1.412353],[103.965791,1.412012],[103.965939,1.411954],[103.96608,1.41197],[103.966149,1.412081],[103.966122,1.412158],[103.965886,1.412407],[103.965623,1.412518],[103.965585,1.412576],[103.965604,1.41271],[103.965456,1.412859],[103.965337,1.413109],[103.965235,1.413235],[103.965017,1.413281],[103.964918,1.413243],[103.964808,1.413235],[103.96445,1.413028],[103.964183,1.412848],[103.964189,1.412799],[103.964281,1.412666],[103.964301,1.412426],[103.964202,1.412146],[103.963964,1.412006],[103.963567,1.412026],[103.963229,1.412106],[103.962793,1.412246],[103.962415,1.412386],[103.962138,1.412466],[103.96182,1.412506],[103.961542,1.412406],[103.961284,1.412186],[103.960907,1.411667],[103.960748,1.411507],[103.960259,1.4116],[103.960139,1.411623],[103.960041,1.411615],[103.959958,1.41157],[103.959933,1.411457],[103.959891,1.411267],[103.959891,1.411183],[103.959853,1.411115],[103.959732,1.411153],[103.959755,1.411229],[103.959808,1.411312],[103.959841,1.411431],[103.959875,1.411555],[103.959875,1.411638],[103.959891,1.41167],[103.959974,1.411707],[103.960113,1.411707],[103.960311,1.411687],[103.960569,1.411627],[103.960728,1.411687],[103.960907,1.411827],[103.961185,1.412226],[103.961383,1.412406],[103.961582,1.412526],[103.961741,1.412586],[103.961979,1.412586],[103.962157,1.412566],[103.962435,1.412466],[103.963051,1.412266],[103.963388,1.412186],[103.963745,1.412126],[103.963864,1.412126],[103.964023,1.412186],[103.964162,1.412266],[103.964182,1.412466],[103.964122,1.412646],[103.964023,1.412745],[103.963785,1.412785],[103.963567,1.412805],[103.963229,1.412845],[103.962872,1.412925],[103.962257,1.413105],[103.96188,1.413285],[103.961443,1.413565],[103.961185,1.413784],[103.961075,1.413981],[103.961051,1.414194],[103.961043,1.414378],[103.961097,1.414746],[103.961173,1.414904],[103.961344,1.415083],[103.961582,1.415143],[103.96184,1.415143],[103.962118,1.415043],[103.962455,1.414983],[103.962693,1.414943],[103.963011,1.414983],[103.96328,1.415153],[103.963368,1.415322],[103.963468,1.415542],[103.963468,1.415782],[103.963368,1.415942],[103.963249,1.416042],[103.962958,1.416347],[103.962811,1.416584],[103.962668,1.41672],[103.96254,1.416781],[103.962442,1.416766],[103.962297,1.416661],[103.962177,1.416541],[103.962039,1.416281],[103.961741,1.415882],[103.961364,1.415522],[103.960947,1.415163],[103.96045,1.414943],[103.960173,1.414883],[103.959954,1.414969],[103.959705,1.415167],[103.95949,1.4154],[103.959253,1.415689],[103.959061,1.416022],[103.959041,1.416421],[103.959041,1.416881],[103.959034,1.417081],[103.958943,1.417195],[103.95892,1.417274],[103.958898,1.417371],[103.958847,1.417405],[103.958802,1.417382],[103.958638,1.417314],[103.958598,1.417246],[103.958469,1.417223],[103.95835,1.417246],[103.958164,1.417286],[103.958062,1.417274],[103.958,1.41724],[103.957543,1.417354],[103.957295,1.417434],[103.956766,1.417623],[103.95673,1.417462],[103.956732,1.417423],[103.956714,1.417348],[103.956665,1.417239],[103.956628,1.417187],[103.956579,1.417142],[103.956536,1.417109],[103.956486,1.417064],[103.956478,1.417041],[103.956509,1.416971],[103.956532,1.416893],[103.956533,1.416828],[103.95652,1.41679],[103.956493,1.416741],[103.956468,1.416718],[103.95644,1.416684],[103.956416,1.416605],[103.956383,1.416569],[103.95639,1.416511],[103.956387,1.416467],[103.956365,1.416417],[103.95634,1.416362],[103.956322,1.416337],[103.956326,1.416293],[103.956311,1.416264],[103.956293,1.416232],[103.956297,1.416203],[103.956322,1.416177],[103.95634,1.416177],[103.95634,1.416143],[103.956309,1.416106],[103.956286,1.416061],[103.956167,1.415717],[103.956043,1.415472],[103.955871,1.415245],[103.955681,1.415076],[103.955504,1.414974],[103.955341,1.414925],[103.955181,1.414903],[103.955093,1.41489],[103.955049,1.414881],[103.954996,1.414854],[103.954956,1.414783],[103.95493,1.414707],[103.954916,1.414601],[103.954934,1.414499],[103.954987,1.414338],[103.955009,1.414205],[103.955014,1.414009],[103.955005,1.413872],[103.954991,1.413747],[103.954925,1.413587],[103.95485,1.413427],[103.954771,1.413343],[103.954757,1.413369],[103.954824,1.413454],[103.954903,1.413609],[103.954956,1.413756],[103.954974,1.41388],[103.954974,1.414018],[103.954969,1.414214],[103.954952,1.414325],[103.954903,1.414494],[103.954881,1.414614],[103.954894,1.41473],[103.954921,1.41481],[103.954965,1.414885],[103.955014,1.414916],[103.955067,1.414934],[103.955159,1.414943],[103.955323,1.41497],[103.955482,1.415019],[103.955645,1.415112],[103.955835,1.415272],[103.956003,1.415499],[103.956123,1.415726],[103.956206,1.415961],[103.956243,1.416069],[103.956236,1.416109],[103.956283,1.416325],[103.956263,1.416376],[103.956304,1.41642],[103.956326,1.416471],[103.95634,1.416514],[103.956325,1.416555],[103.956331,1.416604],[103.956317,1.416639],[103.956311,1.416677],[103.956318,1.416714],[103.956329,1.416753],[103.956376,1.416801],[103.956423,1.41683],[103.956451,1.416865],[103.95643,1.416945],[103.956399,1.417],[103.956365,1.417057],[103.956357,1.417112],[103.956305,1.417157],[103.956286,1.417184],[103.956307,1.417188],[103.956341,1.417173],[103.956381,1.417156],[103.956417,1.417149],[103.956452,1.417143],[103.956504,1.417159],[103.956544,1.417191],[103.956584,1.417244],[103.956625,1.417302],[103.956663,1.417374],[103.956672,1.417413],[103.956671,1.417457],[103.956654,1.417503],[103.956585,1.41759],[103.956522,1.41754],[103.956468,1.417533],[103.956461,1.417649],[103.9565,1.417757],[103.956517,1.417834],[103.956537,1.41789],[103.956529,1.41795],[103.956537,1.417986],[103.956561,1.418017],[103.956597,1.418069],[103.956601,1.418137],[103.956597,1.418185],[103.956557,1.418193],[103.956541,1.418173],[103.956517,1.418141],[103.956477,1.418155],[103.956379,1.418163],[103.956216,1.418144],[103.956103,1.418053],[103.956022,1.418033],[103.955938,1.418045],[103.955859,1.418081],[103.955792,1.418129],[103.955768,1.418181],[103.95576,1.418235],[103.955773,1.418261],[103.955797,1.418354],[103.955677,1.41861],[103.955665,1.418736],[103.955645,1.418788],[103.955629,1.418828],[103.955593,1.418943],[103.955558,1.419011],[103.955526,1.419027],[103.955486,1.419051],[103.955459,1.419095],[103.955423,1.419111],[103.955356,1.419111],[103.955324,1.419107],[103.955268,1.419095],[103.955241,1.419095],[103.955185,1.419115],[103.955094,1.419155],[103.954982,1.419179],[103.95488,1.419238],[103.954511,1.419346],[103.954171,1.419326],[103.953948,1.419293],[103.953793,1.419299],[103.953647,1.419299],[103.953563,1.419275],[103.953492,1.419247],[103.953432,1.419207],[103.953432,1.419167],[103.953417,1.419131],[103.953361,1.419087],[103.953321,1.418971],[103.953317,1.418888],[103.95331,1.418809],[103.953274,1.41876],[103.953196,1.418711],[103.953099,1.418667],[103.95288,1.418638],[103.952749,1.418652],[103.952667,1.418672],[103.952604,1.418688],[103.952551,1.418692],[103.952481,1.418696],[103.952417,1.418736],[103.952326,1.418792],[103.952275,1.418872],[103.952164,1.418987],[103.952049,1.419107],[103.95193,1.419207],[103.951769,1.419332],[103.951542,1.419414],[103.950843,1.419597],[103.950688,1.419597],[103.950458,1.419645],[103.949978,1.419811],[103.949663,1.419919],[103.949631,1.419876],[103.949551,1.419865],[103.949434,1.419924],[103.949172,1.419951],[103.9489,1.419967],[103.948831,1.420064],[103.948767,1.420118],[103.948697,1.420181],[103.948605,1.420181],[103.948517,1.420118],[103.948494,1.420042],[103.948409,1.419989],[103.948425,1.420098],[103.94844,1.420157],[103.948474,1.420225],[103.948619,1.420269],[103.948834,1.420313],[103.948847,1.420402],[103.948825,1.420467],[103.948788,1.420494],[103.948708,1.420521],[103.948665,1.42058],[103.948644,1.420628],[103.94867,1.420719],[103.948702,1.420784],[103.948708,1.420886],[103.948708,1.420961],[103.948772,1.421058],[103.948816,1.421118],[103.948895,1.421224],[103.948932,1.421363],[103.949066,1.421505],[103.949022,1.421661],[103.948774,1.421945],[103.948384,1.422335],[103.94823,1.42244],[103.948016,1.422563],[103.94775,1.422707],[103.947616,1.422759],[103.947473,1.422815],[103.947436,1.422822],[103.946999,1.423053],[103.946781,1.4232],[103.94657,1.423317],[103.94643,1.42344],[103.946236,1.423606],[103.94619,1.423634],[103.945934,1.423745],[103.945724,1.423848],[103.945526,1.423936],[103.945367,1.423968],[103.945141,1.423964],[103.944491,1.423974],[103.944379,1.424048],[103.944306,1.424059],[103.944189,1.424032],[103.94416,1.424046],[103.943499,1.4243],[103.942845,1.424558],[103.942703,1.424583],[103.942552,1.424631],[103.942457,1.424679],[103.942346,1.424719],[103.942136,1.424837],[103.941958,1.424907],[103.940872,1.425383],[103.939532,1.425902],[103.939164,1.426094],[103.938823,1.426205],[103.938559,1.42633],[103.938288,1.426513],[103.937955,1.426653],[103.937667,1.426669],[103.937538,1.42668],[103.937393,1.426727],[103.936977,1.426838],[103.936657,1.426962],[103.936427,1.427081],[103.936096,1.42722],[103.935843,1.427386],[103.935655,1.427465],[103.935437,1.427502],[103.935381,1.427495],[103.935024,1.42765]]],[[[104.067567,1.430418],[104.067672,1.430621],[104.067624,1.430716],[104.067561,1.430733],[104.067511,1.430694],[104.067353,1.430641],[104.067304,1.430445],[104.067352,1.430355],[104.067475,1.430331],[104.067567,1.430418]]],[[[104.056511,1.43193],[104.055938,1.431931],[104.055621,1.431887],[104.055314,1.4317],[104.055127,1.431479],[104.054702,1.431246],[104.054607,1.431095],[104.054579,1.430794],[104.054661,1.430534],[104.054743,1.430397],[104.05462,1.430206],[104.054484,1.429973],[104.054253,1.429863],[104.053836,1.429487],[104.053709,1.429357],[104.053247,1.42933],[104.052893,1.429179],[104.052444,1.428851],[104.052444,1.428646],[104.052539,1.428536],[104.052172,1.428112],[104.051044,1.428742],[104.050581,1.428755],[104.049983,1.428878],[104.049752,1.428974],[104.049534,1.429316],[104.049303,1.429535],[104.048841,1.429631],[104.048691,1.429536],[104.047739,1.42996],[104.047467,1.429946],[104.047399,1.429809],[104.047372,1.429631],[104.047046,1.42944],[104.046888,1.429467],[104.046855,1.429555],[104.046888,1.429665],[104.046855,1.429742],[104.046778,1.429797],[104.046624,1.429864],[104.046121,1.429851],[104.045835,1.429768],[104.045509,1.429769],[104.045074,1.430316],[104.044763,1.430537],[104.044664,1.430692],[104.044533,1.430835],[104.044161,1.431012],[104.043996,1.431177],[104.043876,1.431233],[104.043755,1.431233],[104.043483,1.431274],[104.042667,1.431466],[104.042517,1.431356],[104.042517,1.431233],[104.042694,1.431083],[104.042762,1.43085],[104.042789,1.430398],[104.042599,1.430043],[104.042297,1.429734],[104.042122,1.429536],[104.042034,1.429447],[104.041756,1.429262],[104.041399,1.428919],[104.041387,1.42883],[104.04142,1.42861],[104.041239,1.42825],[104.040817,1.427182],[104.040444,1.426924],[104.03992,1.426512],[104.039389,1.426142],[104.039025,1.425767],[104.038653,1.425742],[104.038294,1.425652],[104.038093,1.425607],[104.037757,1.425494],[104.037443,1.425269],[104.037197,1.425156],[104.037009,1.424965],[104.036652,1.424795],[104.036346,1.424494],[104.036109,1.424217],[104.035921,1.424199],[104.035707,1.424526],[104.035611,1.42473],[104.035513,1.424818],[104.035392,1.424862],[104.035105,1.424884],[104.034412,1.424911],[104.034018,1.424856],[104.033563,1.424786],[104.033025,1.424843],[104.032141,1.424829],[104.031624,1.424952],[104.031352,1.424898],[104.031012,1.424939],[104.030795,1.42498],[104.030659,1.42524],[104.030387,1.4255],[104.030074,1.425719],[104.029926,1.425847],[104.029839,1.425836],[104.029693,1.425801],[104.029707,1.425609],[104.029462,1.425582],[104.029068,1.425377],[104.02885,1.425295],[104.028741,1.425213],[104.028622,1.425065],[104.028556,1.42491],[104.028556,1.424745],[104.02866,1.424391],[104.028782,1.424296],[104.0287,1.424008],[104.028714,1.423734],[104.028877,1.423488],[104.028836,1.423064],[104.028741,1.422776],[104.028673,1.421914],[104.028823,1.421312],[104.028904,1.421172],[104.029112,1.420467],[104.029122,1.420108],[104.029081,1.41982],[104.029366,1.419478],[104.029407,1.419327],[104.029434,1.418835],[104.029845,1.417974],[104.030332,1.417206],[104.030672,1.416672],[104.030808,1.416097],[104.030911,1.41534],[104.030994,1.415166],[104.031018,1.414909],[104.031071,1.414646],[104.030952,1.414281],[104.03093,1.413962],[104.03093,1.413798],[104.03097,1.413661],[104.031077,1.413521],[104.031083,1.413318],[104.031089,1.413096],[104.030975,1.412962],[104.03078,1.412785],[104.030518,1.412654],[104.030257,1.41266],[104.030209,1.41284],[104.030251,1.413072],[104.030037,1.413228],[104.029853,1.413144],[104.029668,1.412911],[104.029377,1.412869],[104.028688,1.412803],[104.02757,1.412756],[104.027285,1.41278],[104.027142,1.412851],[104.027023,1.413019],[104.026946,1.41318],[104.026964,1.413306],[104.027006,1.413456],[104.026934,1.413599],[104.027208,1.41406],[104.027261,1.414287],[104.027148,1.414407],[104.027071,1.415011],[104.026833,1.415549],[104.02654,1.416345],[104.026422,1.416641],[104.026236,1.416878],[104.02615,1.417177],[104.026013,1.417651],[104.025803,1.4181],[104.025444,1.418573],[104.02527,1.419146],[104.024911,1.41957],[104.02428,1.420081],[104.023648,1.420256],[104.023326,1.42048],[104.022635,1.420986],[104.021788,1.421317],[104.02137,1.421415],[104.020998,1.421689],[104.020293,1.422475],[104.020188,1.422927],[104.02,1.423543],[104.019599,1.423696],[104.019352,1.423596],[104.019141,1.42407],[104.018349,1.424818],[104.017544,1.42584],[104.017358,1.425877],[104.01716,1.425927],[104.014968,1.425977],[104.014844,1.426102],[104.014708,1.426089],[104.014584,1.42594],[104.014126,1.42594],[104.013953,1.426027],[104.013878,1.426164],[104.013754,1.426214],[104.013742,1.426002],[104.013259,1.426002],[104.01238,1.426015],[104.012182,1.426127],[104.012244,1.426476],[104.012566,1.426775],[104.013172,1.427348],[104.013259,1.427286],[104.013247,1.4268],[104.013519,1.426787],[104.013854,1.427136],[104.013804,1.427185],[104.013792,1.427385],[104.013618,1.427473],[104.013519,1.427635],[104.014498,1.428532],[104.01503,1.428607],[104.015377,1.428632],[104.01555,1.428482],[104.015439,1.428008],[104.015055,1.427909],[104.015055,1.427784],[104.015674,1.427759],[104.016306,1.427747],[104.016603,1.427884],[104.016689,1.42832],[104.016764,1.428457],[104.016937,1.428469],[104.017222,1.42832],[104.017556,1.427871],[104.017569,1.427585],[104.017569,1.427285],[104.017445,1.427049],[104.017358,1.426912],[104.017544,1.426986],[104.017655,1.427248],[104.01766,1.427788],[104.01799,1.427236],[104.017977,1.426924],[104.017866,1.426587],[104.018089,1.426912],[104.018064,1.427373],[104.017693,1.427934],[104.01742,1.428282],[104.01703,1.428578],[104.016875,1.428681],[104.01633,1.428868],[104.015798,1.428981],[104.014956,1.428943],[104.014213,1.428819],[104.011531,1.426432],[104.01059,1.425485],[104.009932,1.424491],[104.009414,1.423402],[104.009038,1.422123],[104.008943,1.420845],[104.009084,1.419566],[104.012095,1.410474],[104.012565,1.410001],[104.013177,1.409338],[104.013836,1.409053],[104.014494,1.408864],[104.015718,1.408817],[104.01807,1.408627],[104.021068,1.408517],[104.022208,1.408479],[104.023151,1.408532],[104.023662,1.408593],[104.024139,1.408768],[104.024735,1.409081],[104.024939,1.409242],[104.025058,1.409415],[104.025115,1.409626],[104.025239,1.40976],[104.025505,1.409846],[104.025742,1.409999],[104.025771,1.410295],[104.025847,1.410381],[104.026043,1.410482],[104.026208,1.410706],[104.026198,1.410945],[104.026554,1.411535],[104.027005,1.411805],[104.027529,1.412032],[104.028093,1.412133],[104.028735,1.412151],[104.029234,1.412068],[104.029789,1.411775],[104.030025,1.411601],[104.030173,1.411433],[104.029923,1.411143],[104.029733,1.410486],[104.029162,1.41024],[104.029148,1.410048],[104.029502,1.409925],[104.029443,1.409755],[104.029371,1.409603],[104.029232,1.409427],[104.029084,1.409217],[104.028938,1.40903],[104.028804,1.40876],[104.028631,1.408474],[104.028491,1.408319],[104.028359,1.408077],[104.028291,1.407817],[104.028291,1.407421],[104.028345,1.407024],[104.028577,1.406695],[104.028825,1.406443],[104.02896,1.4063],[104.02908,1.406134],[104.02912,1.405819],[104.029229,1.405545],[104.029229,1.405135],[104.029651,1.404779],[104.029757,1.404706],[104.029734,1.404024],[104.029447,1.403784],[104.028827,1.403112],[104.027348,1.402343],[104.025868,1.401863],[104.024293,1.401815],[104.021526,1.401911],[104.021048,1.401719],[104.018376,1.402104],[104.017756,1.401912],[104.016181,1.40196],[104.015608,1.401624],[104.01537,1.401191],[104.015513,1.400567],[104.016753,1.396917],[104.017898,1.394275],[104.018996,1.392162],[104.020475,1.390049],[104.021859,1.388175],[104.023338,1.386686],[104.025246,1.384957],[104.026339,1.384203],[104.026391,1.384378],[104.026304,1.384448],[104.026426,1.384693],[104.026148,1.384938],[104.02613,1.385165],[104.025678,1.385183],[104.023812,1.387022],[104.024148,1.387406],[104.023765,1.388037],[104.023383,1.388929],[104.023911,1.389402],[104.023974,1.390907],[104.023278,1.3918],[104.022583,1.393253],[104.021984,1.394335],[104.021395,1.395332],[104.022082,1.396041],[104.023658,1.396968],[104.025569,1.397913],[104.027214,1.398833],[104.029374,1.400038],[104.030258,1.400556],[104.031033,1.399987],[104.031955,1.399683],[104.032961,1.399548],[104.033776,1.398833],[104.034218,1.398148],[104.034787,1.396731],[104.035692,1.39501],[104.036396,1.393509],[104.037519,1.392244],[104.037133,1.39108],[104.034569,1.388297],[104.033412,1.38666],[104.032842,1.386374],[104.032976,1.386053],[104.033462,1.386188],[104.033764,1.386306],[104.037804,1.391147],[104.038374,1.39275],[104.038005,1.393458],[104.037067,1.394285],[104.036765,1.394892],[104.03576,1.397355],[104.034918,1.399502],[104.033966,1.400139],[104.032843,1.400527],[104.031787,1.400696],[104.031184,1.40105],[104.030681,1.401758],[104.030514,1.402265],[104.03006,1.402668],[104.030732,1.40299],[104.03122,1.403704],[104.031799,1.403643],[104.032112,1.403588],[104.032669,1.403301],[104.032996,1.403287],[104.033472,1.403177],[104.03422,1.40315],[104.034519,1.402999],[104.035063,1.403205],[104.035292,1.403838],[104.03538,1.40418],[104.035479,1.404445],[104.035512,1.404654],[104.035512,1.40493],[104.0356,1.405393],[104.035838,1.404833],[104.035838,1.404491],[104.035539,1.404135],[104.035444,1.403862],[104.035348,1.403328],[104.035063,1.402808],[104.035172,1.402466],[104.035457,1.402123],[104.035647,1.401795],[104.035797,1.401521],[104.036055,1.401412],[104.036286,1.401056],[104.036504,1.400864],[104.036694,1.40044],[104.037048,1.400084],[104.037374,1.398592],[104.037755,1.397579],[104.038027,1.397196],[104.038163,1.396307],[104.038067,1.396183],[104.038013,1.39591],[104.038095,1.395704],[104.038448,1.395472],[104.039115,1.395321],[104.039196,1.39502],[104.03943,1.394962],[104.039526,1.394872],[104.039625,1.39499],[104.039594,1.395263],[104.039609,1.395428],[104.039923,1.395488],[104.040202,1.395403],[104.040431,1.395202],[104.040521,1.395082],[104.040536,1.394946],[104.040596,1.394811],[104.041015,1.394675],[104.041343,1.394555],[104.04166,1.394545],[104.041757,1.39461],[104.041732,1.394781],[104.042375,1.394796],[104.043601,1.394781],[104.046741,1.393471],[104.051566,1.396122],[104.054214,1.397586],[104.05555,1.397154],[104.0587,1.397682],[104.058747,1.396961],[104.055645,1.396385],[104.054071,1.396866],[104.051699,1.395545],[104.048476,1.393667],[104.046771,1.392658],[104.043497,1.394149],[104.042091,1.394134],[104.041807,1.394028],[104.041657,1.393953],[104.041613,1.394073],[104.041478,1.394104],[104.041314,1.394104],[104.041126,1.394005],[104.041059,1.393863],[104.034775,1.386443],[104.030952,1.381892],[104.03027,1.381063],[104.030242,1.380806],[104.045091,1.368219],[104.055197,1.359562],[104.055411,1.359741],[104.045854,1.367997],[104.050747,1.373553],[104.051421,1.373436],[104.052949,1.373396],[104.055111,1.373201],[104.055915,1.373001],[104.056601,1.372862],[104.057468,1.372796],[104.057844,1.372883],[104.058012,1.373057],[104.057572,1.37337],[104.05638,1.373513],[104.05521,1.373828],[104.053988,1.373999],[104.052142,1.374114],[104.051176,1.374085],[104.051484,1.374612],[104.052852,1.37609],[104.053233,1.376118],[104.053423,1.375899],[104.053587,1.375953],[104.054021,1.376],[104.054384,1.376191],[104.055811,1.376431],[104.056619,1.376718],[104.05738,1.377435],[104.058093,1.377627],[104.058854,1.378057],[104.059335,1.378548],[104.060084,1.378692],[104.061368,1.379517],[104.062794,1.379301],[104.064845,1.379827],[104.066034,1.380497],[104.066843,1.380784],[104.068075,1.38164],[104.068884,1.381831],[104.06993,1.382333],[104.07136,1.38265],[104.072311,1.382937],[104.07388,1.383846],[104.075687,1.384612],[104.077637,1.385138],[104.078346,1.386065],[104.078941,1.386352],[104.079298,1.38652],[104.079494,1.386672],[104.079674,1.386762],[104.080106,1.387212],[104.080272,1.387501],[104.080486,1.38774],[104.080629,1.38841],[104.080685,1.388888],[104.08073,1.389047],[104.080618,1.389183],[104.080618,1.389341],[104.083022,1.388187],[104.082236,1.387011],[104.081314,1.38545],[104.079683,1.382367],[104.078623,1.379815],[104.077424,1.376625],[104.076264,1.373279],[104.075297,1.369816],[104.074872,1.367909],[104.074407,1.36468],[104.074253,1.36359],[104.074136,1.362112],[104.074175,1.36005],[104.074252,1.359038],[104.074368,1.357209],[104.074754,1.355692],[104.075489,1.353902],[104.076803,1.351372],[104.078156,1.348882],[104.079779,1.346275],[104.081944,1.343123],[104.083606,1.340749],[104.083799,1.340127],[104.083838,1.339543],[104.083755,1.338926],[104.08334,1.338389],[104.082885,1.338011],[104.082369,1.337753],[104.081652,1.33784],[104.080783,1.338083],[104.078224,1.340319],[104.078031,1.340659],[104.074071,1.344013],[104.072333,1.345325],[104.072333,1.345568],[104.072188,1.34552],[104.057229,1.358269],[104.057015,1.358054],[104.07214,1.345131],[104.072575,1.344693],[104.074409,1.343332],[104.074892,1.342992],[104.077693,1.340708],[104.078127,1.340076],[104.079527,1.338958],[104.080831,1.337743],[104.081845,1.3375],[104.082638,1.337618],[104.082984,1.337832],[104.08328,1.338031],[104.083636,1.338329],[104.083953,1.338847],[104.084111,1.339424],[104.084146,1.33994],[104.084079,1.340523],[104.083799,1.34106],[104.082176,1.343317],[104.080089,1.34643],[104.078388,1.349388],[104.077074,1.351917],[104.075953,1.353902],[104.07518,1.355692],[104.074716,1.357404],[104.074484,1.359271],[104.074484,1.361645],[104.074717,1.364407],[104.07522,1.36787],[104.075838,1.370555],[104.076767,1.373707],[104.07812,1.37752],[104.08017,1.38285],[104.081523,1.385301],[104.082954,1.387558],[104.08481,1.390398],[104.086047,1.392538],[104.087323,1.395301],[104.087865,1.39674],[104.088174,1.397869],[104.088406,1.399153],[104.088484,1.39997],[104.088445,1.403355],[104.088175,1.404367],[104.087479,1.405534],[104.086706,1.406273],[104.086049,1.406663],[104.085391,1.406896],[104.083963,1.407045],[104.083969,1.407077],[104.083886,1.407162],[104.083721,1.407237],[104.083318,1.407283],[104.082884,1.407328],[104.082181,1.407192],[104.081538,1.407087],[104.08115,1.407102],[104.079654,1.406771],[104.078772,1.40644],[104.073837,1.404364],[104.073419,1.404123],[104.072924,1.403482],[104.072551,1.403953],[104.073452,1.404757],[104.074196,1.405147],[104.078548,1.407072],[104.079097,1.407256],[104.07955,1.407388],[104.081882,1.407809],[104.082989,1.407945],[104.083333,1.40802],[104.08363,1.408079],[104.083997,1.408207],[104.084331,1.408331],[104.084589,1.408592],[104.085023,1.409013],[104.08534,1.409521],[104.085351,1.409632],[104.085388,1.409899],[104.085566,1.410109],[104.085582,1.410255],[104.085421,1.410385],[104.085388,1.410628],[104.085171,1.410812],[104.085111,1.410999],[104.085045,1.411164],[104.084815,1.411584],[104.084684,1.411948],[104.084411,1.412477],[104.08429,1.412664],[104.08373,1.413254],[104.083859,1.413562],[104.083811,1.413756],[104.083617,1.413789],[104.083473,1.414015],[104.08336,1.414421],[104.083207,1.414705],[104.083229,1.414881],[104.083009,1.415329],[104.082534,1.416094],[104.08232,1.416453],[104.08213,1.416812],[104.081892,1.417219],[104.081959,1.417516],[104.08183,1.417646],[104.081589,1.41763],[104.080719,1.418813],[104.080462,1.419202],[104.079979,1.419348],[104.079512,1.41964],[104.077386,1.42126],[104.075953,1.422379],[104.07576,1.422735],[104.074891,1.4234],[104.07262,1.425183],[104.070752,1.426464],[104.068884,1.42755],[104.066228,1.428441],[104.06505,1.428959],[104.064285,1.429379],[104.063595,1.429739],[104.063514,1.42963],[104.063691,1.429411],[104.063962,1.428959],[104.063976,1.42874],[104.063894,1.428617],[104.064248,1.427043],[104.064819,1.426893],[104.065009,1.427098],[104.065145,1.427235],[104.065268,1.427235],[104.06554,1.427057],[104.065689,1.426975],[104.065853,1.427043],[104.06607,1.427029],[104.066043,1.426879],[104.065907,1.426715],[104.065907,1.426482],[104.066097,1.4264],[104.06641,1.426372],[104.066532,1.426249],[104.066723,1.426263],[104.066872,1.426181],[104.06694,1.426016],[104.067022,1.425524],[104.066695,1.425414],[104.066682,1.425291],[104.066423,1.4251],[104.066288,1.425277],[104.066111,1.425277],[104.06592,1.425209],[104.06588,1.424949],[104.065988,1.424881],[104.066192,1.424881],[104.066396,1.42462],[104.066369,1.424456],[104.066328,1.424306],[104.066219,1.424251],[104.065975,1.424319],[104.065757,1.424456],[104.065648,1.424388],[104.065662,1.424224],[104.065784,1.424128],[104.065839,1.423909],[104.065798,1.423786],[104.065689,1.42358],[104.065471,1.423444],[104.065118,1.423526],[104.064941,1.423786],[104.06505,1.423841],[104.065213,1.424046],[104.065335,1.424114],[104.06573,1.424552],[104.065825,1.424771],[104.065825,1.425195],[104.065744,1.425291],[104.06539,1.425236],[104.065404,1.425346],[104.065594,1.42536],[104.065703,1.425414],[104.066138,1.425825],[104.066084,1.426003],[104.06592,1.426071],[104.065567,1.42603],[104.065567,1.42588],[104.065376,1.42577],[104.0652,1.425811],[104.065037,1.426167],[104.064969,1.426715],[104.064248,1.42692],[104.064166,1.426742],[104.064098,1.426619],[104.063568,1.426523],[104.063527,1.426838],[104.06331,1.427002],[104.063078,1.427002],[104.062752,1.42729],[104.06267,1.427591],[104.062834,1.427632],[104.062956,1.427262],[104.063323,1.427112],[104.063554,1.427002],[104.063758,1.426811],[104.063853,1.426701],[104.06403,1.426756],[104.064098,1.426879],[104.064125,1.426988],[104.063786,1.428261],[104.063813,1.428946],[104.063663,1.429206],[104.063514,1.429397],[104.063269,1.429466],[104.063038,1.429657],[104.062766,1.42952],[104.062575,1.429589],[104.062739,1.429986],[104.061941,1.430262],[104.06135,1.430483],[104.060427,1.43093],[104.06025,1.430917],[104.059937,1.430862],[104.059856,1.431163],[104.059149,1.431519],[104.058904,1.431478],[104.058727,1.431519],[104.058673,1.431642],[104.05851,1.431738],[104.057721,1.431889],[104.057177,1.431807],[104.057,1.431779],[104.05681,1.431766],[104.056511,1.43193]],[[104.029793,1.401877],[104.030229,1.40105],[104.030229,1.40078],[104.026642,1.398959],[104.026172,1.399633],[104.025938,1.400241],[104.027044,1.400578],[104.028268,1.40105],[104.029793,1.401877]],[[104.053674,1.373579],[104.052159,1.373605],[104.051486,1.373644],[104.050903,1.373722],[104.051045,1.373918],[104.051628,1.373879],[104.052405,1.373879],[104.053894,1.373787],[104.054438,1.373722],[104.055098,1.373657],[104.055616,1.373513],[104.056264,1.373344],[104.056885,1.373253],[104.057611,1.373161],[104.057585,1.372979],[104.056834,1.373057],[104.056083,1.373161],[104.055085,1.373422],[104.053674,1.373579]]],[[[104.043892,1.439472],[104.043429,1.439876],[104.042722,1.440254],[104.04191,1.440499],[104.04081,1.440711],[104.039369,1.440843],[104.03771,1.440703],[104.03631,1.440392],[104.025092,1.437329],[104.023747,1.436837],[104.022507,1.436187],[104.021826,1.435713],[104.021198,1.435238],[104.02001,1.434157],[104.019949,1.434056],[104.019949,1.433977],[104.019941,1.433882],[104.019935,1.433858],[104.019918,1.433787],[104.019847,1.433692],[104.019729,1.433589],[104.019619,1.433455],[104.019517,1.433304],[104.019454,1.433186],[104.019454,1.433098],[104.01947,1.433027],[104.019501,1.432964],[104.019587,1.432901],[104.019669,1.432895],[104.019698,1.432893],[104.019743,1.432922],[104.019762,1.432935],[104.019808,1.432964],[104.019875,1.433082],[104.019933,1.433185],[104.020051,1.433265],[104.020201,1.43332],[104.020389,1.433383],[104.020547,1.433431],[104.020641,1.433494],[104.020743,1.433573],[104.020838,1.433708],[104.020948,1.433826],[104.021074,1.433898],[104.021294,1.433961],[104.02149,1.43404],[104.021703,1.434135],[104.021844,1.434246],[104.021986,1.43438],[104.022182,1.434602],[104.022387,1.434736],[104.022764,1.435069],[104.023212,1.435417],[104.023378,1.435488],[104.023336,1.435673],[104.023383,1.435864],[104.023574,1.436056],[104.023811,1.436151],[104.024572,1.436462],[104.025309,1.436726],[104.025856,1.436821],[104.026284,1.437013],[104.027092,1.437252],[104.027806,1.437324],[104.02821,1.437467],[104.028543,1.437539],[104.029185,1.437778],[104.029732,1.437993],[104.030112,1.438089],[104.03054,1.438089],[104.031253,1.438424],[104.031919,1.438639],[104.03218,1.438639],[104.032466,1.438544],[104.032751,1.438543],[104.032941,1.438424],[104.03306,1.438208],[104.033036,1.437897],[104.032941,1.43761],[104.032656,1.437467],[104.032394,1.437371],[104.032252,1.43718],[104.0318,1.437012],[104.031253,1.436749],[104.030564,1.43651],[104.030468,1.436366],[104.031209,1.43582],[104.031303,1.435875],[104.031319,1.435923],[104.031531,1.43597],[104.031704,1.43597],[104.031846,1.436049],[104.031987,1.436136],[104.032137,1.436215],[104.032294,1.436191],[104.032483,1.436215],[104.032632,1.436263],[104.032742,1.436358],[104.032797,1.436437],[104.033041,1.436524],[104.033062,1.436538],[104.033143,1.436595],[104.033253,1.436611],[104.033268,1.436604],[104.033379,1.436555],[104.033647,1.436476],[104.033922,1.436381],[104.034103,1.436373],[104.034242,1.436443],[104.03605,1.43714],[104.036778,1.437286],[104.037169,1.437286],[104.037287,1.437354],[104.037397,1.437449],[104.037586,1.437465],[104.03779,1.437465],[104.037822,1.43737],[104.037798,1.437275],[104.03768,1.437204],[104.037672,1.437181],[104.037633,1.437077],[104.037625,1.436943],[104.037641,1.436856],[104.037649,1.436713],[104.037712,1.436808],[104.037743,1.436919],[104.037775,1.437022],[104.037822,1.436998],[104.037885,1.436856],[104.037971,1.43669],[104.03805,1.436555],[104.038183,1.436286],[104.038223,1.435977],[104.038238,1.435764],[104.038262,1.435558],[104.038333,1.435336],[104.038396,1.435249],[104.038459,1.435051],[104.038576,1.434933],[104.038655,1.434846],[104.038836,1.434838],[104.03893,1.434869],[104.038875,1.434893],[104.03882,1.434909],[104.038852,1.434949],[104.038922,1.434996],[104.039009,1.435043],[104.03919,1.435043],[104.039402,1.435051],[104.039496,1.435083],[104.039586,1.435148],[104.039745,1.435096],[104.040043,1.435055],[104.040177,1.435127],[104.04025,1.435277],[104.040959,1.43521],[104.042656,1.435346],[104.043167,1.435388],[104.043286,1.435518],[104.043428,1.435613],[104.043813,1.435637],[104.044364,1.435636],[104.044615,1.435613],[104.044851,1.435581],[104.044985,1.435502],[104.045134,1.435391],[104.045323,1.43532],[104.045425,1.43532],[104.045504,1.435249],[104.045716,1.435177],[104.045826,1.435177],[104.045928,1.435177],[104.046196,1.434892],[104.046612,1.434576],[104.047155,1.434331],[104.047427,1.43425],[104.049163,1.433735],[104.049163,1.433735],[104.050443,1.433627],[104.05279,1.433305],[104.052847,1.43332],[104.053041,1.433198],[104.053153,1.432992],[104.053228,1.432691],[104.053358,1.432523],[104.053712,1.432391],[104.054029,1.432335],[104.054309,1.432391],[104.0547,1.432954],[104.054681,1.433104],[104.054495,1.433235],[104.053824,1.433686],[104.053537,1.433895],[104.053537,1.433895],[104.052257,1.434056],[104.05071,1.434218],[104.048897,1.43454],[104.048862,1.434556],[104.047848,1.434666],[104.047087,1.434929],[104.04647,1.435367],[104.045791,1.436131],[104.045192,1.437377],[104.044638,1.438539],[104.043892,1.439472]]]]}}]}